Date,EffectiveDate,Symbol,Name,Quantity,Price,MarketValue,Weight
2026-08-12,2026-08-12,NVDA,NVIDIA CORP,1.0,224.08999633789062,224.08999633789062,0.11298379633151762
2026-08-12,2026-08-12,AAPL,APPLE INC,0.60307,302.25,182.2779075,0.09190258518127772
2026-08-12,2026-08-12,GOOGL,ALPHABET INC A,0.5043,343.5400085449219,173.24722630920408,0.08734941163016
2026-08-12,2026-08-12,MSFT,MICROSOFT CORP,0.30684,492.42999267578125,151.09721895263672,0.07618161315270129
2026-08-12,2026-08-12,AMZN,AMAZON.COM INC,0.44572,267.2799987792969,119.1320410559082,0.060065109925403766
2026-08-12,2026-08-12,AVGO,BROADCOM INC,0.19659,416.04998779296875,81.79126710021973,0.0412382882536798
2026-08-12,2026-08-12,TSM,TAIWAN SEMICONDUCTOR ADR,0.18955,429.1499938964844,81.34538134307861,0.0410134773902087
2026-08-12,2026-08-12,SPCX,SPACE X TECH SPACEX A,0.5447,146.14999389648438,79.60790167541504,0.04013745859370046
2026-08-12,2026-08-12,META,META PLATFORMS INC A,0.10527,578.8499755859375,60.935536929931644,0.030723050588398585
2026-08-12,2026-08-12,LLY,ELI LILLY AND CO,0.0389,1220.280029296875,47.468893139648436,0.023933311804270687
2026-08-12,2026-08-12,MU,MICRON TECHNOLOGY INC,0.04667,911.2899780273438,42.52990327453614,0.021443125566051168
2026-08-12,2026-08-12,TSLA,TESLA INC,0.12948,327.510009765625,42.40599606445313,0.021380652866614305
2026-08-12,2026-08-12,WMT,WALMART INC,0.32885,116.01000213623047,38.14988920249939,0.01923476898641163
2026-08-12,2026-08-12,SKHY,SK HYNIX INC ADR,0.2309,154.41000366210938,35.65326984558105,0.017976000020598182
2026-08-12,2026-08-12,AMD,ADVANCED MICRO DEVIC,0.06746,482.92999267578125,32.57845730590821,0.016425712192416127
2026-08-12,2026-08-12,ASML,ASML HLDG N V ADR,0.01619,1810.0699462890625,29.30503243041992,0.014775286133766777
2026-08-12,2026-08-12,XOM,EXXON MOBIL CORP,0.16991,159.75,27.1431225,0.013685274106200206
2026-08-12,2026-08-12,JNJ,JOHNSON & JOHNSON,0.09958,260.8599853515625,25.976437341308593,0.013097043839312981
2026-08-12,2026-08-12,INTC,INTEL CORP,0.20843,100.94999694824219,21.04100786392212,0.010608652710773724
2026-08-12,2026-08-12,CSCO,CISCO SYS INC,0.16287,123.87999725341797,20.176335152664183,0.010172693912528749
2026-08-12,2026-08-12,ORCL,ORACLE CORP,0.11903,153.27999877929688,18.244918254699705,0.009198894024104313
2026-08-12,2026-08-12,ABBV,ABBVIE INC,0.07302,248.75999450683594,18.16445479888916,0.009158325204201612
2026-08-12,2026-08-12,AMAT,APPLIED MATLS INC,0.03281,548.1500244140625,17.98480230102539,0.009067746322677232
2026-08-12,2026-08-12,COST,COSTCO WHSL CORP,0.01833,949.5800170898438,17.405801713256835,0.008775820375275134
2026-08-12,2026-08-12,PLTR,PALANTIR TECHNOLOGIES A,0.0993,171.0399932861328,16.98427133331299,0.008563289234334285
2026-08-12,2026-08-12,LRCX,LAM RESEARCH CORP,0.05171,326.1099853515625,16.863147342529295,0.008502219804510516
2026-08-12,2026-08-12,CAT,CATERPILLAR INC,0.01899,855.5999755859375,16.24784353637695,0.008191990159937268
2026-08-12,2026-08-12,CVX,CHEVRON CORP,0.08164,196.60000610351562,16.050424498291015,0.008092453577512442
2026-08-12,2026-08-12,GE,GE AEROSPACE,0.04287,365.3299865722656,15.661696524353026,0.007896461061320201
2026-08-12,2026-08-12,KO,COCA-COLA CO,0.17779,86.70999908447266,15.416170737228393,0.007772669566920794
2026-08-12,2026-08-12,UNH,UNITEDHEALTH GROUP INC,0.03753,405.5899963378906,15.221792562561035,0.007674666155537831
2026-08-12,2026-08-12,HD,HOME DEPOT INC,0.0412,343.42999267578125,14.149315698242187,0.007133934710186932
2026-08-12,2026-08-12,PG,PROCTER & GAMBLE CO,0.09605,144.0800018310547,13.838884175872803,0.006977418433372057
2026-08-12,2026-08-12,MRK,MERCK & CO INC,0.10195,132.9199981689453,13.551193813323975,0.0068323680078289815
2026-08-12,2026-08-12,PANW,PALO ALTO NETWORKS,0.03368,387.010009765625,13.034497128906251,0.006571855026832732
2026-08-12,2026-08-12,DELL,DELL TECHNOLOGIES C,0.0267,484.5,12.936150000000001,0.006522269448878691
2026-08-12,2026-08-12,NVS,NOVARTIS AG ADR,0.08419,152.32000732421875,12.823821416625977,0.006465634570064189
2026-08-12,2026-08-12,NFLX,NETFLIX INC,0.17206,74.20999908447266,12.768572442474365,0.00643777862403767
2026-08-12,2026-08-12,RTX,RTX CORP,0.05569,222.75999450683594,12.405504094085694,0.006254723418543743
2026-08-12,2026-08-12,BABA,ALIBABA GROUP HLDG ADR,0.0963,125.22000122070312,12.05868611755371,0.006079861477962002
2026-08-12,2026-08-12,ARM,ARM HLDGS PLC ADR,0.04413,271.8699951171875,11.997622884521485,0.006049074044354952
2026-08-12,2026-08-12,PM,PHILIP MORRIS INTL,0.06441,186.19000244140625,11.992498057250975,0.006046490160870513
2026-08-12,2026-08-12,GEV,GE VERNOVA INC,0.01101,1039.9000244140625,11.449299268798828,0.0057726151004708305
2026-08-12,2026-08-12,KLAC,KLA CORP,0.05399,208.25,11.243417500000001,0.005668811699094246
2026-08-12,2026-08-12,TM,TOYOTA MOTOR CORP ADR,0.05971,188.22000122070312,11.238616272888184,0.005666390971373206
2026-08-12,2026-08-12,ANET,ARISTA NETWORKS INC,0.05212,210.5,10.97126,0.005531592777890239
2026-08-12,2026-08-12,TXN,TEXAS INSTRUMENTS INC,0.03774,276.5899963378906,10.438506461791993,0.005262984101735734
2026-08-12,2026-08-12,SAP,SAP SE ADR,0.05044,204.14999389648438,10.297325692138672,0.005191802257007663
2026-08-12,2026-08-12,SHEL,SHELL PLC ADR,0.11348,90.06999969482422,10.221143565368653,0.005153392037739743
2026-08-12,2026-08-12,AZN,ASTRAZENECA PLC,0.06402,158.5,10.14717,0.005116095351675605
2026-08-12,2026-08-12,BHP,BHP GROUP LTD ADR,0.10493,90.12000274658203,9.456291888198852,0.004767761944788732
2026-08-12,2026-08-12,CRWD,CROWDSTRIKE HLDGS A,0.04208,221.77999877929688,9.332502348632813,0.00470534857357687
2026-08-12,2026-08-12,AMGN,AMGEN INC,0.02234,416.17999267578125,9.297461036376953,0.004687681116074057
2026-08-12,2026-08-12,TMO,THERMO FISHER SCIENTIFIC,0.01528,603.010009765625,9.213992949218751,0.004645597392954869
2026-08-12,2026-08-12,IBM,IBM CORP,0.03893,235.97999572753906,9.186701233673096,0.004631837199813098
2026-08-12,2026-08-12,LIN,LINDE PLC,0.01905,479.42999267578125,9.133141360473633,0.0046048328805485044
2026-08-13,2026-08-12,NVDA,NVIDIA CORP,1.0,225.3000030517578,225.3000030517578,0.1129032516871933
2026-08-13,2026-08-12,AAPL,APPLE INC,0.60307,305.260009765625,184.09315408935547,0.09225350833779135
2026-08-13,2026-08-12,GOOGL,ALPHABET INC A,0.5043,346.3599853515625,174.66934061279295,0.08753100869116208
2026-08-13,2026-08-12,MSFT,MICROSOFT CORP,0.30684,496.8800048828125,152.4626606982422,0.07640270714846974
2026-08-13,2026-08-12,AMZN,AMAZON.COM INC,0.44572,265.1300048828125,118.17374577636718,0.059219706975070466
2026-08-13,2026-08-12,AVGO,BROADCOM INC,0.19659,417.82000732421875,82.13923523986816,0.041161946844492314
2026-08-13,2026-08-12,TSM,TAIWAN SEMICONDUCTOR ADR,0.18955,430.489990234375,81.59937764892578,0.04089141121803959
2026-08-13,2026-08-12,SPCX,SPACE X TECH SPACEX A,0.5447,141.2899932861328,76.96065934295653,0.038566837878888226
2026-08-13,2026-08-12,META,META PLATFORMS INC A,0.10527,594.969970703125,62.632488815917974,0.03138664692762744
2026-08-13,2026-08-12,LLY,ELI LILLY AND CO,0.0389,1209.0,47.0301,0.023567914537284962
2026-08-13,2026-08-12,MU,MICRON TECHNOLOGY INC,0.04667,949.8300170898438,44.32856689758301,0.022214111307493616
2026-08-13,2026-08-12,TSLA,TESLA INC,0.12948,339.9599914550781,44.01801969360352,0.022058488632585815
2026-08-13,2026-08-12,SKHY,SK HYNIX INC ADR,0.2309,165.6699981689453,38.25320257720947,0.019169600088392788
2026-08-13,2026-08-12,WMT,WALMART INC,0.32885,115.72000122070312,38.05452240142822,0.019070036672557713
2026-08-13,2026-08-12,AMD,ADVANCED MICRO DEVIC,0.06746,483.010009765625,32.583855258789065,0.016328553756730348
2026-08-13,2026-08-12,ASML,ASML HLDG N V ADR,0.01619,1847.9000244140625,29.91750139526367,0.014992379689872609
2026-08-13,2026-08-12,XOM,EXXON MOBIL CORP,0.16991,158.61000061035156,26.949425203704834,0.01350500530574821
2026-08-13,2026-08-12,JNJ,JOHNSON & JOHNSON,0.09958,262.0799865722656,26.09792506286621,0.013078298100197493
2026-08-13,2026-08-12,INTC,INTEL CORP,0.20843,104.55999755859375,21.793440291137696,0.01092121722588206
2026-08-13,2026-08-12,ORCL,ORACLE CORP,0.11903,156.22000122070312,18.594866745300294,0.009318335072335366
2026-08-13,2026-08-12,CSCO,CISCO SYS INC,0.16287,113.47000122070312,18.480859098815916,0.009261203097941503
2026-08-13,2026-08-12,ABBV,ABBVIE INC,0.07302,250.82000732421875,18.314876934814453,0.00917802544244215
2026-08-13,2026-08-12,PLTR,PALANTIR TECHNOLOGIES A,0.0993,179.00999450683594,17.77569245452881,0.00890782712793288
2026-08-13,2026-08-12,COST,COSTCO WHSL CORP,0.01833,961.8499755859375,17.630710052490233,0.008835172958355196
2026-08-13,2026-08-12,AMAT,APPLIED MATLS INC,0.03281,534.5399780273438,17.538256679077147,0.00878884234873958
2026-08-13,2026-08-12,LRCX,LAM RESEARCH CORP,0.05171,337.010009765625,17.42678760498047,0.008732982514040935
2026-08-13,2026-08-12,CAT,CATERPILLAR INC,0.01899,854.5999755859375,16.228853536376953,0.008132668932948194
2026-08-13,2026-08-12,CVX,CHEVRON CORP,0.08164,197.6999969482422,16.140227750854493,0.008088256419706822
2026-08-13,2026-08-12,KO,COCA-COLA CO,0.17779,87.41999816894531,15.542401474456787,0.00778867129038997
2026-08-13,2026-08-12,GE,GE AEROSPACE,0.04287,360.6400146484375,15.460637427978515,0.007747697359660023
2026-08-13,2026-08-12,UNH,UNITEDHEALTH GROUP INC,0.03753,399.05999755859375,14.976721708374024,0.007505195550757056
2026-08-13,2026-08-12,HD,HOME DEPOT INC,0.0412,341.70001220703125,14.078040502929687,0.007054844778673298
2026-08-13,2026-08-12,PG,PROCTER & GAMBLE CO,0.09605,144.25999450683594,13.85617247238159,0.006943661370972415
2026-08-13,2026-08-12,MRK,MERCK & CO INC,0.10195,135.5500030517578,13.819322811126709,0.006925195119206356
2026-08-13,2026-08-12,NFLX,NETFLIX INC,0.17206,78.23999786376953,13.461974032440185,0.006746119049283325
2026-08-13,2026-08-12,PANW,PALO ALTO NETWORKS,0.03368,396.0,13.33728,0.006683631869799128
2026-08-13,2026-08-12,DELL,DELL TECHNOLOGIES C,0.0267,494.510009765625,13.203417260742189,0.0066165500307523275
2026-08-13,2026-08-12,NVS,NOVARTIS AG ADR,0.08419,151.72000122070312,12.773306902770996,0.006401011382987042
2026-08-13,2026-08-12,ARM,ARM HLDGS PLC ADR,0.04413,278.6499938964844,12.296824230651856,0.006162234452999629
2026-08-13,2026-08-12,RTX,RTX CORP,0.05569,220.47999572753906,12.27853096206665,0.0061530672560210185
2026-08-13,2026-08-12,PM,PHILIP MORRIS INTL,0.06441,188.91000366210938,12.167693335876464,0.006097523855059382
2026-08-13,2026-08-12,BABA,ALIBABA GROUP HLDG ADR,0.0963,122.16000366210938,11.764008352661133,0.005895227598313081
2026-08-13,2026-08-12,GEV,GE VERNOVA INC,0.01101,1049.4200439453125,11.554114683837891,0.005790044831345897
2026-08-13,2026-08-12,KLAC,KLA CORP,0.05399,209.3699951171875,11.303886036376953,0.005664649236224054
2026-08-13,2026-08-12,TM,TOYOTA MOTOR CORP ADR,0.05971,188.7100067138672,11.267874500885009,0.0056466029894410245
2026-08-13,2026-08-12,ANET,ARISTA NETWORKS INC,0.05212,203.6199951171875,10.612674145507812,0.0053182663288698475
2026-08-13,2026-08-12,SAP,SAP SE ADR,0.05044,209.27999877929688,10.556083138427734,0.005289907213783081
2026-08-13,2026-08-12,TXN,TEXAS INSTRUMENTS INC,0.03774,273.42999267578125,10.319247923583985,0.005171223389958402
2026-08-13,2026-08-12,SHEL,SHELL PLC ADR,0.11348,89.91999816894531,10.204121392211913,0.005113530715429727
2026-08-13,2026-08-12,AZN,ASTRAZENECA PLC,0.06402,157.24000549316406,10.066505151672363,0.005044567906590737
2026-08-13,2026-08-12,CRWD,CROWDSTRIKE HLDGS A,0.04208,225.52999877929688,9.490302348632813,0.0047558188199806695
2026-08-13,2026-08-12,AMGN,AMGEN INC,0.02234,417.8399963378906,9.334545518188476,0.004677765325122897
2026-08-13,2026-08-12,IBM,IBM CORP,0.03893,237.13999938964844,9.231860176239014,0.004626307229917979
2026-08-13,2026-08-12,BHP,BHP GROUP LTD ADR,0.10493,87.2300033569336,9.153044252243042,0.00458681067428841
2026-08-13,2026-08-12,LIN,LINDE PLC,0.01905,478.20001220703125,9.109710232543947,0.004565094954508412
2026-08-13,2026-08-12,TMO,THERMO FISHER SCIENTIFIC,0.01528,595.8900146484375,9.105199423828125,0.00456283447974207
2026-08-14,2026-08-12,NVDA,NVIDIA CORP,1.0,225.16000366210938,225.16000366210938,0.11336897286549558
2026-08-14,2026-08-12,AAPL,APPLE INC,0.60307,305.92999267578125,184.4972006829834,0.0928950870394256
2026-08-14,2026-08-12,GOOGL,ALPHABET INC A,0.5043,345.8999938964844,174.43736692199707,0.0878299200375982
2026-08-14,2026-08-12,MSFT,MICROSOFT CORP,0.30684,495.3999938964844,152.00853412719727,0.07653691197594352
2026-08-14,2026-08-12,AMZN,AMAZON.COM INC,0.44572,262.6499938964844,117.06835527954102,0.05894439055442209
2026-08-14,2026-08-12,TSM,TAIWAN SEMICONDUCTOR ADR,0.18955,426.3500061035156,80.81464365692139,0.04069050006601152
2026-08-14,2026-08-12,AVGO,BROADCOM INC,0.19659,392.989990234375,77.25790218017578,0.03889966634151105
2026-08-14,2026-08-12,SPCX,SPACE X TECH SPACEX A,0.5447,140.0,76.258,0.038396211548080636
2026-08-14,2026-08-12,META,META PLATFORMS INC A,0.10527,589.8499755859375,62.09350692993164,0.031264331976236806
2026-08-14,2026-08-12,LLY,ELI LILLY AND CO,0.0389,1180.1600341796875,45.90822532958984,0.023114977203072273
2026-08-14,2026-08-12,MU,MICRON TECHNOLOGY INC,0.04667,971.6599731445312,45.347370946655275,0.022832584751987486
2026-08-14,2026-08-12,TSLA,TESLA INC,0.12948,342.2699890136719,44.31711817749024,0.02231384831419923
2026-08-14,2026-08-12,SKHY,SK HYNIX INC ADR,0.2309,166.3300018310547,38.40559742279053,0.01933737369555831
2026-08-14,2026-08-12,WMT,WALMART INC,0.32885,115.2699966430664,37.906538396072385,0.019086095456359156
2026-08-14,2026-08-12,AMD,ADVANCED MICRO DEVIC,0.06746,514.3900146484375,34.7007503881836,0.017471968223423624
2026-08-14,2026-08-12,ASML,ASML HLDG N V ADR,0.01619,1844.0799560546875,29.85565448852539,0.01503244283416591
2026-08-14,2026-08-12,XOM,EXXON MOBIL CORP,0.16991,160.10000610351562,27.20259203704834,0.013696615155270816
2026-08-14,2026-08-12,JNJ,JOHNSON & JOHNSON,0.09958,260.3500061035156,25.925653607788085,0.013053671489507871
2026-08-14,2026-08-12,INTC,INTEL CORP,0.20843,102.5,21.364075,0.010756898203848262
2026-08-14,2026-08-12,ABBV,ABBVIE INC,0.07302,249.4600067138672,18.215569690246582,0.009171613041195854
2026-08-14,2026-08-12,CSCO,CISCO SYS INC,0.16287,111.68000030517578,18.189321649703977,0.009158397046580254
2026-08-14,2026-08-12,ORCL,ORACLE CORP,0.11903,150.52000427246094,17.916396108551027,0.00902097793232361
2026-08-14,2026-08-12,COST,COSTCO WHSL CORP,0.01833,961.0999755859375,17.616962552490232,0.008870211925306586
2026-08-14,2026-08-12,PLTR,PALANTIR TECHNOLOGIES A,0.0993,174.0399932861328,17.282171333312988,0.008701643191849514
2026-08-14,2026-08-12,LRCX,LAM RESEARCH CORP,0.05171,332.3599853515625,17.186334842529295,0.008653389130975162
2026-08-14,2026-08-12,AMAT,APPLIED MATLS INC,0.03281,507.17999267578125,16.640575559692383,0.008378597123865943
2026-08-14,2026-08-12,CVX,CHEVRON CORP,0.08164,200.0,16.328,0.00822121406484645
2026-08-14,2026-08-12,CAT,CATERPILLAR INC,0.01899,856.5700073242188,16.266264439086914,0.008190129960137984
2026-08-14,2026-08-12,GE,GE AEROSPACE,0.04287,368.3800048828125,15.792450809326171,0.007951562880452475
2026-08-14,2026-08-12,KO,COCA-COLA CO,0.17779,87.70999908447266,15.593960737228393,0.007851622326039037
2026-08-14,2026-08-12,UNH,UNITEDHEALTH GROUP INC,0.03753,401.7300109863281,15.076927312316895,0.007591293904623178
2026-08-14,2026-08-12,HD,HOME DEPOT INC,0.0412,338.8599853515625,13.961031396484374,0.007029435795966451
2026-08-14,2026-08-12,PG,PROCTER & GAMBLE CO,0.09605,144.5500030517578,13.884027793121337,0.00699066417010829
2026-08-14,2026-08-12,MRK,MERCK & CO INC,0.10195,135.83999633789062,13.848887626647949,0.006972970954108041
2026-08-14,2026-08-12,NFLX,NETFLIX INC,0.17206,78.16000366210938,13.448210230102537,0.006771228263763529
2026-08-14,2026-08-12,DELL,DELL TECHNOLOGIES C,0.0267,490.80999755859375,13.104626934814453,0.0065982326844109635
2026-08-14,2026-08-12,PANW,PALO ALTO NETWORKS,0.03368,384.2699890136719,12.942213229980469,0.0065164567268837115
2026-08-14,2026-08-12,NVS,NOVARTIS AG ADR,0.08419,150.8800048828125,12.702587611083985,0.006395804258218271
2026-08-14,2026-08-12,RTX,RTX CORP,0.05569,222.97000122070312,12.417199367980958,0.0062521101231043305
2026-08-14,2026-08-12,ARM,ARM HLDGS PLC ADR,0.04413,279.44000244140625,12.331687307739259,0.006209054454781629
2026-08-14,2026-08-12,PM,PHILIP MORRIS INTL,0.06441,190.38999938964844,12.263019860687255,0.00617448011735506
2026-08-14,2026-08-12,BABA,ALIBABA GROUP HLDG ADR,0.0963,123.80999755859375,11.922902764892578,0.006003229783472041
2026-08-14,2026-08-12,GEV,GE VERNOVA INC,0.01101,1063.25,11.7063825,0.005894210954034319
2026-08-14,2026-08-12,TM,TOYOTA MOTOR CORP ADR,0.05971,191.11000061035156,11.411178136444091,0.005745574362555271
2026-08-14,2026-08-12,KLAC,KLA CORP,0.05399,203.72000122070312,10.998842865905763,0.005537961885486312
2026-08-14,2026-08-12,TXN,TEXAS INSTRUMENTS INC,0.03774,279.5799865722656,10.551348693237305,0.0053126467589381275
2026-08-14,2026-08-12,SAP,SAP SE ADR,0.05044,207.97000122070312,10.490006861572265,0.005281760898499123
2026-08-14,2026-08-12,ANET,ARISTA NETWORKS INC,0.05212,198.82000732421875,10.362498781738282,0.005217560064391289
2026-08-14,2026-08-12,SHEL,SHELL PLC ADR,0.11348,90.47000122070312,10.266535738525391,0.0051692422838567915
2026-08-14,2026-08-12,AZN,ASTRAZENECA PLC,0.06402,156.4499969482422,10.015928804626464,0.005043060678656038
2026-08-14,2026-08-12,AMGN,AMGEN INC,0.02234,415.2099914550781,9.275791209106444,0.004670398404635286
2026-08-14,2026-08-12,LIN,LINDE PLC,0.01905,482.739990234375,9.196196813964844,0.004630322304633997
2026-08-14,2026-08-12,CRWD,CROWDSTRIKE HLDGS A,0.04208,216.9499969482422,9.12925587158203,0.004596617269293987
2026-08-14,2026-08-12,IBM,IBM CORP,0.03893,234.32000732421875,9.122077885131835,0.004593003124073408
2026-08-14,2026-08-12,BHP,BHP GROUP LTD ADR,0.10493,86.77999877929688,9.105825271911621,0.004584819867557207
2026-08-14,2026-08-12,TMO,THERMO FISHER SCIENTIFIC,0.01528,588.2899780273438,8.989070864257812,0.004526033550902607
2026-08-17,2026-08-12,NVDA,NVIDIA CORP,1.0,225.00999450683594,225.00999450683594,0.11337403948173379
2026-08-17,2026-08-12,AAPL,APPLE INC,0.60307,305.5899963378906,184.2921590914917,0.09285785978888139
2026-08-17,2026-08-12,GOOGL,ALPHABET INC A,0.5043,344.0,173.4792,0.08740961801793237
2026-08-17,2026-08-12,MSFT,MICROSOFT CORP,0.30684,480.3500061035156,147.39059587280275,0.07426455554716144
2026-08-17,2026-08-12,AMZN,AMAZON.COM INC,0.44572,261.30999755859375,116.4710921118164,0.05868538517369972
2026-08-17,2026-08-12,TSM,TAIWAN SEMICONDUCTOR ADR,0.18955,430.9700012207031,81.69036373138428,0.04116068952073942
2026-08-17,2026-08-12,SPCX,SPACE X TECH SPACEX A,0.5447,146.22999572753906,79.65147867279052,0.040133372331392504
2026-08-17,2026-08-12,AVGO,BROADCOM INC,0.19659,392.42999267578125,77.14781226013183,0.03887186936864641
2026-08-17,2026-08-12,META,META PLATFORMS INC A,0.10527,568.969970703125,59.89546881591797,0.030179064984184677
2026-08-17,2026-08-12,MU,MICRON TECHNOLOGY INC,0.04667,1011.75,47.2183725,0.023791554858757953
2026-08-17,2026-08-12,LLY,ELI LILLY AND CO,0.0389,1183.1600341796875,46.02492532958984,0.023190221896131114
2026-08-17,2026-08-12,TSLA,TESLA INC,0.12948,339.29998779296875,43.932562419433594,0.02213595923679416
2026-08-17,2026-08-12,SKHY,SK HYNIX INC ADR,0.2309,171.3800048828125,39.571643127441405,0.019938656681098323
2026-08-17,2026-08-12,WMT,WALMART INC,0.32885,114.33000183105469,37.597421102142334,0.018943920752445317
2026-08-17,2026-08-12,AMD,ADVANCED MICRO DEVIC,0.06746,506.0,34.13476,0.01719921657889705
2026-08-17,2026-08-12,ASML,ASML HLDG N V ADR,0.01619,1883.1199951171875,30.487712720947265,0.015361607173531225
2026-08-17,2026-08-12,XOM,EXXON MOBIL CORP,0.16991,161.4600067138672,27.433669740753174,0.013822790241535267
2026-08-17,2026-08-12,JNJ,JOHNSON & JOHNSON,0.09958,262.3699951171875,26.12680411376953,0.013164310001509916
2026-08-17,2026-08-12,INTC,INTEL CORP,0.20843,103.48999786376953,21.570420254745486,0.010868520231552685
2026-08-17,2026-08-12,CSCO,CISCO SYS INC,0.16287,112.9000015258789,18.388023248519897,0.009265030552700176
2026-08-17,2026-08-12,ABBV,ABBVIE INC,0.07302,250.3300018310547,18.279096733703614,0.009210146595129955
2026-08-17,2026-08-12,LRCX,LAM RESEARCH CORP,0.05171,343.8399963378906,17.779966210632324,0.008958653572550001
2026-08-17,2026-08-12,AMAT,APPLIED MATLS INC,0.03281,535.3099975585938,17.56352101989746,0.008849595014267781
2026-08-17,2026-08-12,COST,COSTCO WHSL CORP,0.01833,953.5,17.477655,0.00880633036928465
2026-08-17,2026-08-12,ORCL,ORACLE CORP,0.11903,146.64999389648438,17.455748773498534,0.008795292648965976
2026-08-17,2026-08-12,PLTR,PALANTIR TECHNOLOGIES A,0.0993,172.5500030517578,17.13421530303955,0.00863328407483836
2026-08-17,2026-08-12,CAT,CATERPILLAR INC,0.01899,881.6500244140625,16.742533963623046,0.00843593063844282
2026-08-17,2026-08-12,CVX,CHEVRON CORP,0.08164,202.6999969482422,16.548427750854493,0.008338127847600999
2026-08-17,2026-08-12,GE,GE AEROSPACE,0.04287,369.42999267578125,15.837463786010742,0.007979899952893697
2026-08-17,2026-08-12,KO,COCA-COLA CO,0.17779,86.9800033569336,15.464174796829225,0.007791813727255945
2026-08-17,2026-08-12,UNH,UNITEDHEALTH GROUP INC,0.03753,395.6199951171875,14.847618416748046,0.007481154249523659
2026-08-17,2026-08-12,HD,HOME DEPOT INC,0.0412,337.8800048828125,13.920656201171875,0.007014092992724172
2026-08-17,2026-08-12,MRK,MERCK & CO INC,0.10195,135.97000122070312,13.862141624450684,0.006984609707121747
2026-08-17,2026-08-12,PG,PROCTER & GAMBLE CO,0.09605,143.1199951171875,13.74667553100586,0.006926430702825929
2026-08-17,2026-08-12,NFLX,NETFLIX INC,0.17206,76.0199966430664,13.080000622406006,0.006590518391131771
2026-08-17,2026-08-12,DELL,DELL TECHNOLOGIES C,0.0267,479.80999755859375,12.810926934814454,0.0064549423206227185
2026-08-17,2026-08-12,NVS,NOVARTIS AG ADR,0.08419,151.97000122070312,12.794354402770995,0.0064465920475322925
2026-08-17,2026-08-12,PANW,PALO ALTO NETWORKS,0.03368,375.760009765625,12.655597128906251,0.006376677496936446
2026-08-17,2026-08-12,RTX,RTX CORP,0.05569,221.63999938964844,12.343131566009522,0.0062192378990102316
2026-08-17,2026-08-12,BABA,ALIBABA GROUP HLDG ADR,0.0963,124.70999908447266,12.009572911834717,0.0060511702888990755
2026-08-17,2026-08-12,ARM,ARM HLDGS PLC ADR,0.04413,271.42999267578125,11.978205576782226,0.006035365473248676
2026-08-17,2026-08-12,PM,PHILIP MORRIS INTL,0.06441,184.52000427246094,11.884933475189207,0.0059883691833650735
2026-08-17,2026-08-12,GEV,GE VERNOVA INC,0.01101,1079.0,11.879790000000002,0.005985777580443379
2026-08-17,2026-08-12,TM,TOYOTA MOTOR CORP ADR,0.05971,189.17999267578125,11.295937362670898,0.005691596283736343
2026-08-17,2026-08-12,KLAC,KLA CORP,0.05399,205.75999450683594,11.108982103424072,0.005597396588342263
2026-08-17,2026-08-12,TXN,TEXAS INSTRUMENTS INC,0.03774,282.9100036621094,10.677023538208008,0.005379748978801118
2026-08-17,2026-08-12,ANET,ARISTA NETWORKS INC,0.05212,201.8000030517578,10.517816159057617,0.005299530392381698
2026-08-17,2026-08-12,SAP,SAP SE ADR,0.05044,207.83999633789062,10.483449415283204,0.0052822142879389656
2026-08-17,2026-08-12,SHEL,SHELL PLC ADR,0.11348,91.62000274658203,10.397037911682128,0.005238674794315954
2026-08-17,2026-08-12,AZN,ASTRAZENECA PLC,0.06402,156.88999938964844,10.044097760925291,0.00506084157995454
2026-08-17,2026-08-12,AMGN,AMGEN INC,0.02234,419.3800048828125,9.36894930908203,0.004720659769795063
2026-08-17,2026-08-12,BHP,BHP GROUP LTD ADR,0.10493,88.37000274658203,9.272664388198852,0.004672145434040198
2026-08-17,2026-08-12,LIN,LINDE PLC,0.01905,474.3299865722656,9.035986244201661,0.004552892254638934
2026-08-17,2026-08-12,CRWD,CROWDSTRIKE HLDGS A,0.04208,213.89999389648438,9.000911743164062,0.00453521953803737
2026-08-17,2026-08-12,TMO,THERMO FISHER SCIENTIFIC,0.01528,585.510009765625,8.94659294921875,0.004507850348936
2026-08-17,2026-08-12,IBM,IBM CORP,0.03893,228.85000610351562,8.909130737609862,0.004488974555141471
2026-08-18,2026-08-12,NVDA,NVIDIA CORP,1.0,219.74000549316406,219.74000549316406,0.11206464523025741
2026-08-18,2026-08-12,AAPL,APPLE INC,0.60307,310.0299987792969,186.96979136383055,0.09535224726575671
2026-08-18,2026-08-12,GOOGL,ALPHABET INC A,0.5043,344.20001220703125,173.58006615600584,0.08852365544071378
2026-08-18,2026-08-12,MSFT,MICROSOFT CORP,0.30684,481.6300048828125,147.7833506982422,0.07536765428656747
2026-08-18,2026-08-12,AMZN,AMAZON.COM INC,0.44572,259.45001220703125,115.64205944091798,0.05897599909428404
2026-08-18,2026-08-12,TSM,TAIWAN SEMICONDUCTOR ADR,0.18955,413.4100036621094,78.36186619415282,0.03996356837672795
2026-08-18,2026-08-12,SPCX,SPACE X TECH SPACEX A,0.5447,143.33999633789062,78.07729600524902,0.039818441151528154
2026-08-18,2026-08-12,AVGO,BROADCOM INC,0.19659,380.0,74.7042,0.03809820451866073
2026-08-18,2026-08-12,META,META PLATFORMS INC A,0.10527,543.6699829101562,57.232139100952146,0.029187672721326437
2026-08-18,2026-08-12,LLY,ELI LILLY AND CO,0.0389,1225.72998046875,47.68089624023437,0.02431665872325104
2026-08-18,2026-08-12,MU,MICRON TECHNOLOGY INC,0.04667,940.760009765625,43.90526965576172,0.02239113654643459
2026-08-18,2026-08-12,TSLA,TESLA INC,0.12948,336.8699951171875,43.61792696777344,0.022244595381494477
2026-08-18,2026-08-12,WMT,WALMART INC,0.32885,115.19999694824219,37.88351899642944,0.01932011927860197
2026-08-18,2026-08-12,SKHY,SK HYNIX INC ADR,0.2309,155.6199951171875,35.932656872558596,0.018325204077275406
2026-08-18,2026-08-12,AMD,ADVANCED MICRO DEVIC,0.06746,484.3900146484375,32.6769503881836,0.016664834626903827
2026-08-18,2026-08-12,ASML,ASML HLDG N V ADR,0.01619,1802.97998046875,29.19024588378906,0.014886659085173124
2026-08-18,2026-08-12,XOM,EXXON MOBIL CORP,0.16991,165.55999755859375,28.130299185180665,0.014346099570414089
2026-08-18,2026-08-12,JNJ,JOHNSON & JOHNSON,0.09958,271.1099853515625,26.997132341308593,0.013768198700428152
2026-08-18,2026-08-12,INTC,INTEL CORP,0.20843,96.69000244140625,20.153097208862306,0.010277826670357046
2026-08-18,2026-08-12,ABBV,ABBVIE INC,0.07302,258.9200134277344,18.906339380493165,0.009641995823758744
2026-08-18,2026-08-12,CSCO,CISCO SYS INC,0.16287,111.61000061035156,18.177920799407957,0.009270511488508826
2026-08-18,2026-08-12,COST,COSTCO WHSL CORP,0.01833,961.3499755859375,17.621545052490234,0.008986766839676578
2026-08-18,2026-08-12,PLTR,PALANTIR TECHNOLOGIES A,0.0993,171.5399932861328,17.03392133331299,0.008687086117130446
2026-08-18,2026-08-12,ORCL,ORACLE CORP,0.11903,142.7899932861328,16.99629290084839,0.008667896088781933
2026-08-18,2026-08-12,LRCX,LAM RESEARCH CORP,0.05171,327.9200134277344,16.956743894348143,0.008647726591776997
2026-08-18,2026-08-12,AMAT,APPLIED MATLS INC,0.03281,514.3300170898438,16.875167860717774,0.008606123838343175
2026-08-18,2026-08-12,CVX,CHEVRON CORP,0.08164,205.74000549316406,16.796614048461915,0.008566062379883756
2026-08-18,2026-08-12,GE,GE AEROSPACE,0.04287,375.0899963378906,16.080108143005372,0.008200653359709367
2026-08-18,2026-08-12,CAT,CATERPILLAR INC,0.01899,840.8699951171875,15.96812120727539,0.008143541427838614
2026-08-18,2026-08-12,KO,COCA-COLA CO,0.17779,88.81999969482422,15.791307745742799,0.008053368781332514
2026-08-18,2026-08-12,UNH,UNITEDHEALTH GROUP INC,0.03753,393.92999267578125,14.78419262512207,0.0075397527083507524
2026-08-18,2026-08-12,HD,HOME DEPOT INC,0.0412,337.489990234375,13.904587597656251,0.007091165182722542
2026-08-18,2026-08-12,MRK,MERCK & CO INC,0.10195,135.1699981689453,13.780581313323975,0.007027923533898375
2026-08-18,2026-08-12,PG,PROCTER & GAMBLE CO,0.09605,143.4499969482422,13.778372206878661,0.007026796917333884
2026-08-18,2026-08-12,NFLX,NETFLIX INC,0.17206,77.7699966430664,13.381105622406006,0.006824195944648694
2026-08-18,2026-08-12,NVS,NOVARTIS AG ADR,0.08419,154.5500030517578,13.011564756927491,0.006635734740713663
2026-08-18,2026-08-12,PANW,PALO ALTO NETWORKS,0.03368,374.1400146484375,12.601035693359375,0.006426370070123892
2026-08-18,2026-08-12,RTX,RTX CORP,0.05569,225.49000549316406,12.557538405914308,0.006404186999385043
2026-08-18,2026-08-12,DELL,DELL TECHNOLOGIES C,0.0267,468.6499938964844,12.512954837036133,0.006381449938747321
2026-08-18,2026-08-12,BABA,ALIBABA GROUP HLDG ADR,0.0963,128.14999389648438,12.340844412231444,0.006293675781952889
2026-08-18,2026-08-12,PM,PHILIP MORRIS INTL,0.06441,187.6199951171875,12.084603885498046,0.006162996328944111
2026-08-18,2026-08-12,TM,TOYOTA MOTOR CORP ADR,0.05971,188.25,11.2404075,0.0057324667663677265
2026-08-18,2026-08-12,ARM,ARM HLDGS PLC ADR,0.04413,253.32000732421875,11.179011923217773,0.005701155792676951
2026-08-18,2026-08-12,GEV,GE VERNOVA INC,0.01101,1004.530029296875,11.059875622558595,0.005640397774411445
2026-08-18,2026-08-12,SAP,SAP SE ADR,0.05044,210.47000122070312,10.616106861572266,0.005414081275271506
2026-08-18,2026-08-12,KLAC,KLA CORP,0.05399,194.7899932861328,10.51671173751831,0.005363391009337794
2026-08-18,2026-08-12,SHEL,SHELL PLC ADR,0.11348,92.01000213623047,10.441295042419434,0.005324929441259982
2026-08-18,2026-08-12,TXN,TEXAS INSTRUMENTS INC,0.03774,272.239990234375,10.274337231445314,0.005239783052857724
2026-08-18,2026-08-12,AZN,ASTRAZENECA PLC,0.06402,160.10000610351562,10.24960239074707,0.005227168594505206
2026-08-18,2026-08-12,ANET,ARISTA NETWORKS INC,0.05212,193.17999267578125,10.06854121826172,0.005134829668718766
2026-08-18,2026-08-12,AMGN,AMGEN INC,0.02234,425.2799987792969,9.500755172729491,0.004845265910783757
2026-08-18,2026-08-12,BHP,BHP GROUP LTD ADR,0.10493,89.08999633789062,9.348213315734863,0.004767471478001697
2026-08-18,2026-08-12,LIN,LINDE PLC,0.01905,478.7099914550781,9.119425337219239,0.004650792480075218
2026-08-18,2026-08-12,IBM,IBM CORP,0.03893,232.6699981689453,9.057843028717041,0.0046193862755506
2026-08-18,2026-08-12,TMO,THERMO FISHER SCIENTIFIC,0.01528,589.0399780273438,9.000530864257813,0.004590157790900811
2026-08-18,2026-08-12,CRWD,CROWDSTRIKE HLDGS A,0.04208,212.9199981689453,8.959673522949219,0.0045693210595622305
2026-08-19,2026-08-12,NVDA,NVIDIA CORP,1.0,217.55999755859375,217.55999755859375,0.11089648651483074
2026-08-19,2026-08-12,AAPL,APPLE INC,0.60307,316.8299865722656,191.07066000213624,0.09739412165878529
2026-08-19,2026-08-12,GOOGL,ALPHABET INC A,0.5043,344.7200012207031,173.8422966156006,0.08861233737211745
2026-08-19,2026-08-12,MSFT,MICROSOFT CORP,0.30684,484.30999755859375,148.6056796508789,0.07574851964682781
2026-08-19,2026-08-12,AMZN,AMAZON.COM INC,0.44572,265.8399963378906,118.49020316772462,0.06039780917992607
2026-08-19,2026-08-12,TSM,TAIWAN SEMICONDUCTOR ADR,0.18955,412.0899963378906,78.11165880584717,0.03981572262649405
2026-08-19,2026-08-12,SPCX,SPACE X TECH SPACEX A,0.5447,139.64999389648438,76.06735167541504,0.038773681439390785
2026-08-19,2026-08-12,AVGO,BROADCOM INC,0.19659,362.4800109863281,71.25994535980224,0.036323210416991165
2026-08-19,2026-08-12,META,META PLATFORMS INC A,0.10527,546.030029296875,57.480581184082034,0.029299478615908793
2026-08-19,2026-08-12,LLY,ELI LILLY AND CO,0.0389,1280.3399658203125,49.805224670410155,0.025387132230237905
2026-08-19,2026-08-12,TSLA,TESLA INC,0.12948,351.1199951171875,45.46301696777344,0.023173786103451163
2026-08-19,2026-08-12,MU,MICRON TECHNOLOGY INC,0.04667,937.1099853515625,43.73492301635743,0.02229292772079764
2026-08-19,2026-08-12,WMT,WALMART INC,0.32885,114.30000305175781,37.587556003570555,0.01915944081748201
2026-08-19,2026-08-12,SKHY,SK HYNIX INC ADR,0.2309,156.16000366210938,36.057344845581056,0.018379448893639835
2026-08-19,2026-08-12,AMD,ADVANCED MICRO DEVIC,0.06746,466.4200134277344,31.464694105834965,0.016038444864668877
2026-08-19,2026-08-12,ASML,ASML HLDG N V ADR,0.01619,1751.72998046875,28.36050838378906,0.014456153570646954
2026-08-19,2026-08-12,XOM,EXXON MOBIL CORP,0.16991,164.77000427246094,27.996071425933838,0.01427038974165347
2026-08-19,2026-08-12,JNJ,JOHNSON & JOHNSON,0.09958,273.4100036621094,27.226168164672853,0.013877948265333088
2026-08-19,2026-08-12,ABBV,ABBVIE INC,0.07302,265.9700012207031,19.421129489135744,0.009899499212462875
2026-08-19,2026-08-12,INTC,INTEL CORP,0.20843,92.80000305175781,19.34230463607788,0.009859319954546628
2026-08-19,2026-08-12,CSCO,CISCO SYS INC,0.16287,110.55000305175781,18.00527899703979,0.009177800155808637
2026-08-19,2026-08-12,COST,COSTCO WHSL CORP,0.01833,956.989990234375,17.541626520996093,0.00894146336993742
2026-08-19,2026-08-12,PLTR,PALANTIR TECHNOLOGIES A,0.0993,175.19000244140625,17.39636724243164,0.00886742060560921
2026-08-19,2026-08-12,ORCL,ORACLE CORP,0.11903,143.80999755859375,17.117704009399414,0.008725378071085765
2026-08-19,2026-08-12,CVX,CHEVRON CORP,0.08164,205.75999450683594,16.798245951538085,0.008562541260076278
2026-08-19,2026-08-12,AMAT,APPLIED MATLS INC,0.03281,496.1700134277344,16.279338140563965,0.008298039266566954
2026-08-19,2026-08-12,KO,COCA-COLA CO,0.17779,90.3499984741211,16.06332622871399,0.008187931883140173
2026-08-19,2026-08-12,LRCX,LAM RESEARCH CORP,0.05171,307.1700134277344,15.883761394348145,0.008096402606360204
2026-08-19,2026-08-12,MRK,MERCK & CO INC,0.10195,152.1999969482422,15.51678968887329,0.007909346744785484
2026-08-19,2026-08-12,CAT,CATERPILLAR INC,0.01899,816.1500244140625,15.498688963623048,0.007900120292973812
2026-08-19,2026-08-12,GE,GE AEROSPACE,0.04287,356.2300109863281,15.271580570983886,0.0077843567193190055
2026-08-19,2026-08-12,UNH,UNITEDHEALTH GROUP INC,0.03753,388.6099853515625,14.584532750244142,0.007434149005388558
2026-08-19,2026-08-12,HD,HOME DEPOT INC,0.0412,344.29998779296875,14.185159497070313,0.0072305771581649084
2026-08-19,2026-08-12,PG,PROCTER & GAMBLE CO,0.09605,144.3800048828125,13.86769946899414,0.007068758799470242
2026-08-19,2026-08-12,NFLX,NETFLIX INC,0.17206,80.22000122070312,13.802653410034178,0.007035602982770284
2026-08-19,2026-08-12,NVS,NOVARTIS AG ADR,0.08419,160.30999755859375,13.496498694458008,0.006879547261735443
2026-08-19,2026-08-12,BABA,ALIBABA GROUP HLDG ADR,0.0963,128.89999389648438,12.413069412231446,0.006327292701455572
2026-08-19,2026-08-12,RTX,RTX CORP,0.05569,220.35000610351562,12.271291839904785,0.006255024661310029
2026-08-19,2026-08-12,PM,PHILIP MORRIS INTL,0.06441,189.92999267578125,12.23339082824707,0.006235705443276546
2026-08-19,2026-08-12,PANW,PALO ALTO NETWORKS,0.03368,359.760009765625,12.11671712890625,0.006176233557494327
2026-08-19,2026-08-12,DELL,DELL TECHNOLOGIES C,0.0267,437.54998779296875,11.682584674072267,0.005954943961689009
2026-08-19,2026-08-12,TM,TOYOTA MOTOR CORP ADR,0.05971,188.77999877929688,11.272053727111816,0.005745684722240548
2026-08-19,2026-08-12,ARM,ARM HLDGS PLC ADR,0.04413,249.33999633789062,11.003374038391113,0.005608731082732441
2026-08-19,2026-08-12,SAP,SAP SE ADR,0.05044,215.60000610351562,10.874864307861328,0.0055432260369581935
2026-08-19,2026-08-12,GEV,GE VERNOVA INC,0.01101,987.4600219726562,10.871934841918947,0.005541732805279482
2026-08-19,2026-08-12,AZN,ASTRAZENECA PLC,0.06402,164.9499969482422,10.560098804626463,0.005382781153815473
2026-08-19,2026-08-12,SHEL,SHELL PLC ADR,0.11348,92.7699966430664,10.527539219055175,0.0053661846117914165
2026-08-19,2026-08-12,KLAC,KLA CORP,0.05399,187.27000427246094,10.110707530670167,0.005153713706162303
2026-08-19,2026-08-12,TXN,TEXAS INSTRUMENTS INC,0.03774,267.45001220703125,10.09356346069336,0.005144974888611617
2026-08-19,2026-08-12,AMGN,AMGEN INC,0.02234,442.3599853515625,9.882322072753906,0.00503729917620179
2026-08-19,2026-08-12,ANET,ARISTA NETWORKS INC,0.05212,186.4499969482422,9.717773840942384,0.004953424286631564
2026-08-19,2026-08-12,BHP,BHP GROUP LTD ADR,0.10493,92.29000091552734,9.683989796066284,0.004936203603054337
2026-08-19,2026-08-12,TMO,THERMO FISHER SCIENTIFIC,0.01528,613.5399780273438,9.374890864257813,0.0047786471317006595
2026-08-19,2026-08-12,IBM,IBM CORP,0.03893,237.16000366210938,9.232638942565918,0.00470613730226216
2026-08-19,2026-08-12,LIN,LINDE PLC,0.01905,481.1300048828125,9.165526593017578,0.004671928238784571
2026-08-19,2026-08-12,CRWD,CROWDSTRIKE HLDGS A,0.04208,201.6300048828125,8.48459060546875,0.004324835899163018
2026-08-20,2026-08-12,NVDA,NVIDIA CORP,1.0,216.85000610351562,216.85000610351562,0.11157652349245945
2026-08-20,2026-08-12,AAPL,APPLE INC,0.60307,311.29998779296875,187.73568363830566,0.09659623853477378
2026-08-20,2026-08-12,GOOGL,ALPHABET INC A,0.5043,340.6700134277344,171.79988777160642,0.08839674279188213
2026-08-20,2026-08-12,MSFT,MICROSOFT CORP,0.30684,481.1499938964844,147.63606412719727,0.07596365374119035
2026-08-20,2026-08-12,AMZN,AMAZON.COM INC,0.44572,260.1099853515625,115.93622267089845,0.059653033471862064
2026-08-20,2026-08-12,TSM,TAIWAN SEMICONDUCTOR ADR,0.18955,416.0,78.8528,0.04057238203371934
2026-08-20,2026-08-12,SPCX,SPACE X TECH SPACEX A,0.5447,134.0,72.98979999999999,0.037555673992106395
2026-08-20,2026-08-12,AVGO,BROADCOM INC,0.19659,364.0299987792969,71.56465746002196,0.03682239086729037
2026-08-20,2026-08-12,META,META PLATFORMS INC A,0.10527,545.8300170898438,57.459525899047854,0.029564832653406856
2026-08-20,2026-08-12,LLY,ELI LILLY AND CO,0.0389,1244.4000244140625,48.40716094970703,0.024907090518272702
2026-08-20,2026-08-12,MU,MICRON TECHNOLOGY INC,0.04667,974.3300170898438,45.471981897583014,0.023396843503072917
2026-08-20,2026-08-12,TSLA,TESLA INC,0.12948,345.1300048828125,44.687433032226565,0.022993167079542454
2026-08-20,2026-08-12,SKHY,SK HYNIX INC ADR,0.2309,163.0800018310547,37.65517242279053,0.01937483565685721
2026-08-20,2026-08-12,WMT,WALMART INC,0.32885,103.83999633789062,34.14778279571533,0.017570167314188347
2026-08-20,2026-08-12,AMD,ADVANCED MICRO DEVIC,0.06746,469.4599914550781,31.669771023559573,0.016295148033909686
2026-08-20,2026-08-12,ASML,ASML HLDG N V ADR,0.01619,1750.31005859375,28.337519848632812,0.014580594236182293
2026-08-20,2026-08-12,XOM,EXXON MOBIL CORP,0.16991,166.14999389648438,28.23054546295166,0.014525552365206524
2026-08-20,2026-08-12,JNJ,JOHNSON & JOHNSON,0.09958,267.3699951171875,26.624704113769532,0.013699293707244337
2026-08-20,2026-08-12,INTC,INTEL CORP,0.20843,92.12999725341797,19.202655327529907,0.009880403333938418
2026-08-20,2026-08-12,ABBV,ABBVIE INC,0.07302,261.8299865722656,19.118825619506836,0.009837270167586848
2026-08-20,2026-08-12,CSCO,CISCO SYS INC,0.16287,109.58999633789062,17.848922703552244,0.009183862980374168
2026-08-20,2026-08-12,PLTR,PALANTIR TECHNOLOGIES A,0.0993,173.9600067138672,17.274228666687012,0.008888163829345968
2026-08-20,2026-08-12,COST,COSTCO WHSL CORP,0.01833,933.510009765625,17.111238479003905,0.008804299969566396
2026-08-20,2026-08-12,ORCL,ORACLE CORP,0.11903,142.07000732421875,16.91059297180176,0.008701061198444065
2026-08-20,2026-08-12,CVX,CHEVRON CORP,0.08164,205.77000427246094,16.79906314880371,0.008643675403813693
2026-08-20,2026-08-12,AMAT,APPLIED MATLS INC,0.03281,496.2099914550781,16.280649819641113,0.008376934544362192
2026-08-20,2026-08-12,KO,COCA-COLA CO,0.17779,90.5,16.089995000000002,0.008278836313493422
2026-08-20,2026-08-12,LRCX,LAM RESEARCH CORP,0.05171,310.5299987792969,16.05750623687744,0.008262119766849402
2026-08-20,2026-08-12,CAT,CATERPILLAR INC,0.01899,815.3900146484375,15.484256378173828,0.007967163693404977
2026-08-20,2026-08-12,MRK,MERCK & CO INC,0.10195,148.99000549316406,15.189531060028076,0.007815517737867329
2026-08-20,2026-08-12,GE,GE AEROSPACE,0.04287,344.6400146484375,14.774717427978516,0.007602082360146951
2026-08-20,2026-08-12,UNH,UNITEDHEALTH GROUP INC,0.03753,384.8500061035156,14.443420729064941,0.00743161921572048
2026-08-20,2026-08-12,NFLX,NETFLIX INC,0.17206,80.13999938964844,13.78888829498291,0.007094840560187178
2026-08-20,2026-08-12,HD,HOME DEPOT INC,0.0412,334.489990234375,13.78098759765625,0.0070907753892576735
2026-08-20,2026-08-12,PG,PROCTER & GAMBLE CO,0.09605,142.97000122070312,13.732268617248534,0.007065707857281699
2026-08-20,2026-08-12,NVS,NOVARTIS AG ADR,0.08419,156.24000549316406,13.153846062469482,0.006768090260069987
2026-08-20,2026-08-12,BABA,ALIBABA GROUP HLDG ADR,0.0963,130.52999877929688,12.570038882446289,0.00646770209450162
2026-08-20,2026-08-12,PM,PHILIP MORRIS INTL,0.06441,191.52000427246094,12.335803475189207,0.006347180205246474
2026-08-20,2026-08-12,RTX,RTX CORP,0.05569,212.2899932861328,11.822429726104737,0.00608303237696469
2026-08-20,2026-08-12,PANW,PALO ALTO NETWORKS,0.03368,349.55999755859375,11.773180717773439,0.006057692128035048
2026-08-20,2026-08-12,DELL,DELL TECHNOLOGIES C,0.0267,434.7799987792969,11.608625967407228,0.005973023248840888
2026-08-20,2026-08-12,TM,TOYOTA MOTOR CORP ADR,0.05971,192.24000549316406,11.478650727996826,0.005906146675424561
2026-08-20,2026-08-12,ARM,ARM HLDGS PLC ADR,0.04413,250.72000122070312,11.064273653869629,0.005692935921240772
2026-08-20,2026-08-12,SAP,SAP SE ADR,0.05044,217.08999633789062,10.950019415283203,0.005634148324390689
2026-08-20,2026-08-12,GEV,GE VERNOVA INC,0.01101,966.010009765625,10.635770207519531,0.005472456679817747
2026-08-20,2026-08-12,SHEL,SHELL PLC ADR,0.11348,93.6500015258789,10.627402173156739,0.00546815104847633
2026-08-20,2026-08-12,AZN,ASTRAZENECA PLC,0.06402,164.49000549316406,10.530650151672361,0.005418368923070526
2026-08-20,2026-08-12,KLAC,KLA CORP,0.05399,185.86000061035156,10.034581432952882,0.005163125107113903
2026-08-20,2026-08-12,TXN,TEXAS INSTRUMENTS INC,0.03774,265.6000061035156,10.023744230346681,0.005157549006781187
2026-08-20,2026-08-12,BHP,BHP GROUP LTD ADR,0.10493,93.62999725341797,9.824595611801147,0.005055080434541307
2026-08-20,2026-08-12,AMGN,AMGEN INC,0.02234,433.7300109863281,9.68952844543457,0.004985583895749574
2026-08-20,2026-08-12,TMO,THERMO FISHER SCIENTIFIC,0.01528,627.5499877929688,9.588963813476562,0.004933840055747942
2026-08-20,2026-08-12,ANET,ARISTA NETWORKS INC,0.05212,183.75,9.57705,0.004927710003399141
2026-08-20,2026-08-12,LIN,LINDE PLC,0.01905,481.2900085449219,9.168574662780761,0.004717535888681448
2026-08-20,2026-08-12,IBM,IBM CORP,0.03893,233.69000244140625,9.097551795043945,0.004680992266604002
2026-08-20,2026-08-12,CRWD,CROWDSTRIKE HLDGS A,0.04208,190.33999633789062,8.009507045898438,0.004121157140494164
2026-08-21,2026-08-12,NVDA,NVIDIA CORP,1.0,214.72000122070312,214.72000122070312,0.11002751574214617
2026-08-21,2026-08-12,AAPL,APPLE INC,0.60307,309.3500061035156,186.55970818084717,0.09559752753363523
2026-08-21,2026-08-12,GOOGL,ALPHABET INC A,0.5043,344.82000732421875,173.8927296936035,0.08910667355176478
2026-08-21,2026-08-12,MSFT,MICROSOFT CORP,0.30684,483.239990234375,148.27735860351564,0.07598076245902671
2026-08-21,2026-08-12,AMZN,AMAZON.COM INC,0.44572,258.6300048828125,115.27656577636719,0.05907038973338478
2026-08-21,2026-08-12,TSM,TAIWAN SEMICONDUCTOR ADR,0.18955,418.95001220703125,79.41197481384278,0.0406925403282018
2026-08-21,2026-08-12,SPCX,SPACE X TECH SPACEX A,0.5447,136.97000122070312,74.60755966491699,0.03823064641787674
2026-08-21,2026-08-12,AVGO,BROADCOM INC,0.19659,368.45001220703125,72.43358789978026,0.03711665279244964
2026-08-21,2026-08-12,META,META PLATFORMS INC A,0.10527,549.9000244140625,57.88797557006836,0.029663143196287156
2026-08-21,2026-08-12,LLY,ELI LILLY AND CO,0.0389,1255.4000244140625,48.83506094970703,0.025024219480558003
2026-08-21,2026-08-12,TSLA,TESLA INC,0.12948,362.8599853515625,46.983110903320316,0.024075237263139707
2026-08-21,2026-08-12,MU,MICRON TECHNOLOGY INC,0.04667,966.780029296875,45.11962396728516,0.023120343275508142
2026-08-21,2026-08-12,SKHY,SK HYNIX INC ADR,0.2309,163.41000366210938,37.73136984558106,0.01933443026292758
2026-08-21,2026-08-12,WMT,WALMART INC,0.32885,103.69999694824219,34.10174399642944,0.017474525675626726
2026-08-21,2026-08-12,AMD,ADVANCED MICRO DEVIC,0.06746,473.25,31.925445000000003,0.016359339522832642
2026-08-21,2026-08-12,ASML,ASML HLDG N V ADR,0.01619,1763.760009765625,28.555274558105467,0.01463238591235775
2026-08-21,2026-08-12,XOM,EXXON MOBIL CORP,0.16991,165.11000061035156,28.053840203704834,0.014375439302778702
2026-08-21,2026-08-12,JNJ,JOHNSON & JOHNSON,0.09958,270.239990234375,26.910498227539062,0.01378956431877136
2026-08-21,2026-08-12,ABBV,ABBVIE INC,0.07302,264.9599914550781,19.347378576049806,0.009914046147277731
2026-08-21,2026-08-12,INTC,INTEL CORP,0.20843,90.06999969482422,18.77329003639221,0.00961986984569679
2026-08-21,2026-08-12,CSCO,CISCO SYS INC,0.16287,111.04000091552734,18.085084949111938,0.009267217574627156
2026-08-21,2026-08-12,PLTR,PALANTIR TECHNOLOGIES A,0.0993,179.94000244140625,17.868042242431642,0.009155999850660033
2026-08-21,2026-08-12,ORCL,ORACLE CORP,0.11903,146.47000122070312,17.434324245300292,0.008933752675335315
2026-08-21,2026-08-12,COST,COSTCO WHSL CORP,0.01833,947.739990234375,17.37207402099609,0.008901854214569462
2026-08-21,2026-08-12,CVX,CHEVRON CORP,0.08164,205.27000427246094,16.75824314880371,0.008587313018736744
2026-08-21,2026-08-12,LRCX,LAM RESEARCH CORP,0.05171,314.0,16.23694,0.008320185177430174
2026-08-21,2026-08-12,KO,COCA-COLA CO,0.17779,91.0999984741211,16.19666872871399,0.008299549242677066
2026-08-21,2026-08-12,AMAT,APPLIED MATLS INC,0.03281,492.32000732421875,16.153019440307617,0.008277182333493187
2026-08-21,2026-08-12,CAT,CATERPILLAR INC,0.01899,827.9000244140625,15.721821463623046,0.008056226475175742
2026-08-21,2026-08-12,MRK,MERCK & CO INC,0.10195,152.5500030517578,15.552472811126709,0.007969448292321227
2026-08-21,2026-08-12,GE,GE AEROSPACE,0.04287,348.3699951171875,14.934621690673827,0.007652847027904983
2026-08-21,2026-08-12,UNH,UNITEDHEALTH GROUP INC,0.03753,390.1099853515625,14.64082775024414,0.007502300189129826
2026-08-21,2026-08-12,PG,PROCTER & GAMBLE CO,0.09605,144.67999267578125,13.896513296508788,0.00712089617548465
2026-08-21,2026-08-12,HD,HOME DEPOT INC,0.0412,335.6099853515625,13.827131396484376,0.007085343278438466
2026-08-21,2026-08-12,NFLX,NETFLIX INC,0.17206,79.58999633789062,13.69425476989746,0.007017254208764293
2026-08-21,2026-08-12,NVS,NOVARTIS AG ADR,0.08419,158.86000061035156,13.374423451385498,0.006853365212712009
2026-08-21,2026-08-12,PM,PHILIP MORRIS INTL,0.06441,188.22999572753906,12.12389402481079,0.006212564889564473
2026-08-21,2026-08-12,PANW,PALO ALTO NETWORKS,0.03368,357.8699951171875,12.053061435546876,0.006176268625658059
2026-08-21,2026-08-12,DELL,DELL TECHNOLOGIES C,0.0267,442.0799865722656,11.803535641479494,0.006048405813257081
2026-08-21,2026-08-12,TM,TOYOTA MOTOR CORP ADR,0.05971,197.35000610351562,11.783768864440917,0.0060382768575965974
2026-08-21,2026-08-12,RTX,RTX CORP,0.05569,209.91000366210938,11.689888103942872,0.005990170175429779
2026-08-21,2026-08-12,BABA,ALIBABA GROUP HLDG ADR,0.0963,119.33999633789062,11.492441647338866,0.0058889940251469815
2026-08-21,2026-08-12,SAP,SAP SE ADR,0.05044,218.67999267578125,11.030218830566406,0.005652140318181245
2026-08-21,2026-08-12,ARM,ARM HLDGS PLC ADR,0.04413,243.32000732421875,10.737711923217773,0.005502252985049631
2026-08-21,2026-08-12,AZN,ASTRAZENECA PLC,0.06402,165.97999572753906,10.62603932647705,0.005445029352756397
2026-08-21,2026-08-12,SHEL,SHELL PLC ADR,0.11348,93.33000183105469,10.591088607788086,0.005427119792729911
2026-08-21,2026-08-12,GEV,GE VERNOVA INC,0.01101,956.8499755859375,10.534918231201173,0.005398336787145786
2026-08-21,2026-08-12,BHP,BHP GROUP LTD ADR,0.10493,97.02999877929688,10.181357771911621,0.0052171641959613425
2026-08-21,2026-08-12,TXN,TEXAS INSTRUMENTS INC,0.03774,264.3599853515625,9.97694584716797,0.0051124187780228585
2026-08-21,2026-08-12,KLAC,KLA CORP,0.05399,183.99000549316406,9.933620396575929,0.005090217810856545
2026-08-21,2026-08-12,ANET,ARISTA NETWORKS INC,0.05212,188.64999389648438,9.832437681884766,0.005038369437764968
2026-08-21,2026-08-12,AMGN,AMGEN INC,0.02234,439.3299865722656,9.814631900024413,0.005029245341580153
2026-08-21,2026-08-12,TMO,THERMO FISHER SCIENTIFIC,0.01528,629.27001953125,9.6152458984375,0.004927075323399973
2026-08-21,2026-08-12,LIN,LINDE PLC,0.01905,487.57000732421875,9.288208639526367,0.004759493836120978
2026-08-21,2026-08-12,IBM,IBM CORP,0.03893,235.67999267578125,9.175022114868163,0.004701494432000126
2026-08-21,2026-08-12,CRWD,CROWDSTRIKE HLDGS A,0.04208,191.9499969482422,8.07725587158203,0.004138973512068631
2026-08-24,2026-08-12,NVDA,NVIDIA CORP,1.0,208.47999572753906,208.47999572753906,0.10767423211222484
2026-08-24,2026-08-12,AAPL,APPLE INC,0.60307,310.3399963378906,187.1567415914917,0.09666135288023703
2026-08-24,2026-08-12,GOOGL,ALPHABET INC A,0.5043,348.05999755859375,175.52665676879883,0.09065473124580423
2026-08-24,2026-08-12,MSFT,MICROSOFT CORP,0.30684,487.30999755859375,149.5261996508789,0.07722620423068663
2026-08-24,2026-08-12,AMZN,AMAZON.COM INC,0.44572,262.07000732421875,116.80984366455078,0.060329098606500646
2026-08-24,2026-08-12,TSM,TAIWAN SEMICONDUCTOR ADR,0.18955,410.1199951171875,77.7382450744629,0.04014968349809426
2026-08-24,2026-08-12,SPCX,SPACE X TECH SPACEX A,0.5447,135.0,73.5345,0.03797856381196435
2026-08-24,2026-08-12,AVGO,BROADCOM INC,0.19659,358.760009765625,70.52863031982422,0.03642611409844206
2026-08-24,2026-08-12,META,META PLATFORMS INC A,0.10527,559.02001953125,58.84803745605469,0.030393406438251995
2026-08-24,2026-08-12,LLY,ELI LILLY AND CO,0.0389,1246.9300537109375,48.505579089355464,0.025051808752100987
2026-08-24,2026-08-12,TSLA,TESLA INC,0.12948,348.95001220703125,45.18204758056641,0.02333529536739559
2026-08-24,2026-08-12,MU,MICRON TECHNOLOGY INC,0.04667,910.4299926757812,42.489767758178715,0.021944806263176273
2026-08-24,2026-08-12,SKHY,SK HYNIX INC ADR,0.2309,155.3699951171875,35.87493187255859,0.018528423928521172
2026-08-24,2026-08-12,WMT,WALMART INC,0.32885,106.48999786376953,35.019235797500606,0.01808648024235703
2026-08-24,2026-08-12,AMD,ADVANCED MICRO DEVIC,0.06746,456.75,30.812355000000004,0.015913741040795803
2026-08-24,2026-08-12,ASML,ASML HLDG N V ADR,0.01619,1740.1300048828125,28.172704779052733,0.01455043369040229
2026-08-24,2026-08-12,XOM,EXXON MOBIL CORP,0.16991,164.0500030517578,27.87373601852417,0.01439602447908627
2026-08-24,2026-08-12,JNJ,JOHNSON & JOHNSON,0.09958,273.0400085449219,27.18932405090332,0.01404254436314123
2026-08-24,2026-08-12,ABBV,ABBVIE INC,0.07302,264.5199890136719,19.31524959777832,0.00997579965041229
2026-08-24,2026-08-12,INTC,INTEL CORP,0.20843,87.26000213623047,18.187602245254517,0.009393400546111347
2026-08-24,2026-08-12,CSCO,CISCO SYS INC,0.16287,110.2300033569336,17.953160646743772,0.009272317854188245
2026-08-24,2026-08-12,COST,COSTCO WHSL CORP,0.01833,971.4000244140625,17.805762447509764,0.009196190704137895
2026-08-24,2026-08-12,PLTR,PALANTIR TECHNOLOGIES A,0.0993,175.88999938964844,17.46587693939209,0.009020649108576506
2026-08-24,2026-08-12,ORCL,ORACLE CORP,0.11903,142.4499969482422,16.955823136749267,0.008757220229734526
2026-08-24,2026-08-12,CVX,CHEVRON CORP,0.08164,203.08999633789062,16.58026730102539,0.008563255882768206
2026-08-24,2026-08-12,KO,COCA-COLA CO,0.17779,91.98999786376953,16.354901720199585,0.008446860706457587
2026-08-24,2026-08-12,LRCX,LAM RESEARCH CORP,0.05171,310.1700134277344,16.038891394348145,0.008283649991411065
2026-08-24,2026-08-12,AMAT,APPLIED MATLS INC,0.03281,484.19000244140625,15.886273980102539,0.008204827259146022
2026-08-24,2026-08-12,CAT,CATERPILLAR INC,0.01899,811.02001953125,15.401270170898437,0.007954336018749966
2026-08-24,2026-08-12,MRK,MERCK & CO INC,0.10195,150.66000366210938,15.35978737335205,0.007932911285139019
2026-08-24,2026-08-12,UNH,UNITEDHEALTH GROUP INC,0.03753,398.760009765625,14.965463166503907,0.007729253586339347
2026-08-24,2026-08-12,GE,GE AEROSPACE,0.04287,341.8399963378906,14.65468064300537,0.007568742888635106
2026-08-24,2026-08-12,PG,PROCTER & GAMBLE CO,0.09605,146.60000610351562,14.080930586242676,0.007272416631668918
2026-08-24,2026-08-12,HD,HOME DEPOT INC,0.0412,337.42999267578125,13.902115698242188,0.007180063618668819
2026-08-24,2026-08-12,NFLX,NETFLIX INC,0.17206,80.01000213623047,13.766520967559813,0.007110032638220367
2026-08-24,2026-08-12,NVS,NOVARTIS AG ADR,0.08419,158.02000427246094,13.303704159698487,0.0068710003789324
2026-08-24,2026-08-12,PM,PHILIP MORRIS INTL,0.06441,191.4600067138672,12.331939032440184,0.006369110192750116
2026-08-24,2026-08-12,PANW,PALO ALTO NETWORKS,0.03368,350.8999938964844,11.818311794433594,0.006103835731997731
2026-08-24,2026-08-12,RTX,RTX CORP,0.05569,209.22000122070312,11.651461867980958,0.006017662295327827
2026-08-24,2026-08-12,TM,TOYOTA MOTOR CORP ADR,0.05971,193.80999755859375,11.572394954223633,0.005976826390690581
2026-08-24,2026-08-12,DELL,DELL TECHNOLOGIES C,0.0267,433.19000244140625,11.566173065185547,0.005973612954686203
2026-08-24,2026-08-12,BABA,ALIBABA GROUP HLDG ADR,0.0963,118.47000122070312,11.408661117553711,0.005892262329411231
2026-08-24,2026-08-12,SAP,SAP SE ADR,0.05044,218.66000366210938,11.029210584716797,0.005696286477602479
2026-08-24,2026-08-12,AZN,ASTRAZENECA PLC,0.06402,166.7100067138672,10.672774629821776,0.005512197027645533
2026-08-24,2026-08-12,SHEL,SHELL PLC ADR,0.11348,93.0,10.55364,0.0054506672403905575
2026-08-24,2026-08-12,ARM,ARM HLDGS PLC ADR,0.04413,238.77999877929688,10.537361346130371,0.005442259759619483
2026-08-24,2026-08-12,GEV,GE VERNOVA INC,0.01101,942.0999755859375,10.372520731201172,0.0053571240775533505
2026-08-24,2026-08-12,BHP,BHP GROUP LTD ADR,0.10493,97.12999725341797,10.191850611801147,0.005263812888131391
2026-08-24,2026-08-12,AMGN,AMGEN INC,0.02234,443.8399963378906,9.915385518188476,0.005121026207055848
2026-08-24,2026-08-12,ANET,ARISTA NETWORKS INC,0.05212,188.14999389648438,9.806377681884765,0.005064726632474329
2026-08-24,2026-08-12,KLAC,KLA CORP,0.05399,181.57000732421875,9.802964695434571,0.0050629639180520105
2026-08-24,2026-08-12,TXN,TEXAS INSTRUMENTS INC,0.03774,258.94000244140625,9.772395692138673,0.005047175861529678
2026-08-24,2026-08-12,TMO,THERMO FISHER SCIENTIFIC,0.01528,628.739990234375,9.60714705078125,0.004961829444941094
2026-08-24,2026-08-12,LIN,LINDE PLC,0.01905,490.0299987792969,9.335071476745606,0.004821309831015799
2026-08-24,2026-08-12,IBM,IBM CORP,0.03893,231.0399932861328,8.99438693862915,0.004645355558251241
2026-08-24,2026-08-12,CRWD,CROWDSTRIKE HLDGS A,0.04208,190.67999267578125,8.023814091796876,0.004144081152393046
2026-08-25,2026-08-12,NVDA,NVIDIA CORP,1.0,213.0500030517578,213.0500030517578,0.10933407448934832
2026-08-25,2026-08-12,AAPL,APPLE INC,0.60307,309.8999938964844,186.89138931915284,0.0959098652360684
2026-08-25,2026-08-12,GOOGL,ALPHABET INC A,0.5043,346.9599914550781,174.97192369079588,0.08979297378234047
2026-08-25,2026-08-12,MSFT,MICROSOFT CORP,0.30684,491.7099914550781,150.87629377807616,0.07742745696465211
2026-08-25,2026-08-12,AMZN,AMAZON.COM INC,0.44572,261.05999755859375,116.3596621118164,0.05971403793783597
2026-08-25,2026-08-12,TSM,TAIWAN SEMICONDUCTOR ADR,0.18955,417.4100036621094,79.12006619415283,0.04060323439081172
2026-08-25,2026-08-12,SPCX,SPACE X TECH SPACEX A,0.5447,137.9499969482422,75.14136333770752,0.03856142360345447
2026-08-25,2026-08-12,AVGO,BROADCOM INC,0.19659,356.739990234375,70.13151468017578,0.0359904442161889
2026-08-25,2026-08-12,META,META PLATFORMS INC A,0.10527,570.0499877929688,60.00916221496582,0.030795804354250753
2026-08-25,2026-08-12,LLY,ELI LILLY AND CO,0.0389,1233.6600341796875,47.98937532958984,0.024627429532155454
2026-08-25,2026-08-12,TSLA,TESLA INC,0.12948,350.25,45.350370000000005,0.023273131474656407
2026-08-25,2026-08-12,MU,MICRON TECHNOLOGY INC,0.04667,932.969970703125,43.54170853271485,0.02234495346593735
2026-08-25,2026-08-12,SKHY,SK HYNIX INC ADR,0.2309,159.52999877929688,36.835476718139645,0.018903415619164934
2026-08-25,2026-08-12,WMT,WALMART INC,0.32885,105.37999725341797,34.654212096786495,0.01778402324565688
2026-08-25,2026-08-12,AMD,ADVANCED MICRO DEVIC,0.06746,479.17999267578125,32.3254823059082,0.016588953953122782
2026-08-25,2026-08-12,ASML,ASML HLDG N V ADR,0.01619,1744.1600341796875,28.23795095336914,0.014491294009567267
2026-08-25,2026-08-12,XOM,EXXON MOBIL CORP,0.16991,160.63999938964844,27.294342296295167,0.0140070481624726
2026-08-25,2026-08-12,JNJ,JOHNSON & JOHNSON,0.09958,273.1400146484375,27.199282658691406,0.013958264978479051
2026-08-25,2026-08-12,ABBV,ABBVIE INC,0.07302,265.7900085449219,19.407986423950195,0.009959888303070943
2026-08-25,2026-08-12,INTC,INTEL CORP,0.20843,87.4800033569336,18.23345709968567,0.00935713742398335
2026-08-25,2026-08-12,CSCO,CISCO SYS INC,0.16287,111.11000061035156,18.096485799407958,0.009286845801674253
2026-08-25,2026-08-12,COST,COSTCO WHSL CORP,0.01833,960.010009765625,17.596983479003907,0.009030508683043038
2026-08-25,2026-08-12,ORCL,ORACLE CORP,0.11903,144.75999450683594,17.23078214614868,0.008842579637133731
2026-08-25,2026-08-12,PLTR,PALANTIR TECHNOLOGIES A,0.0993,172.72999572753906,17.152088575744628,0.008802195274002325
2026-08-25,2026-08-12,CVX,CHEVRON CORP,0.08164,199.88999938964844,16.3190195501709,0.008374676712199164
2026-08-25,2026-08-12,KO,COCA-COLA CO,0.17779,91.63999938964844,16.292675491485596,0.008361157335370283
2026-08-25,2026-08-12,LRCX,LAM RESEARCH CORP,0.05171,314.6600036621094,16.271068789367675,0.008350069099064291
2026-08-25,2026-08-12,MRK,MERCK & CO INC,0.10195,156.4499969482422,15.95007718887329,0.008185341011497064
2026-08-25,2026-08-12,AMAT,APPLIED MATLS INC,0.03281,480.0400085449219,15.750112680358885,0.008082722217054574
2026-08-25,2026-08-12,CAT,CATERPILLAR INC,0.01899,811.2899780273438,15.406396682739258,0.007906332308823523
2026-08-25,2026-08-12,GE,GE AEROSPACE,0.04287,349.5400085449219,14.9847801663208,0.007689965019681375
2026-08-25,2026-08-12,UNH,UNITEDHEALTH GROUP INC,0.03753,396.5899963378906,14.884022562561036,0.007638257724694094
2026-08-25,2026-08-12,NFLX,NETFLIX INC,0.17206,82.2300033569336,14.148494377593993,0.007260795663148545
2026-08-25,2026-08-12,PG,PROCTER & GAMBLE CO,0.09605,145.39999389648438,13.965669413757324,0.007166972626639249
2026-08-25,2026-08-12,HD,HOME DEPOT INC,0.0412,337.8800048828125,13.920656201171875,0.007143872519306105
2026-08-25,2026-08-12,NVS,NOVARTIS AG ADR,0.08419,159.97999572753906,13.468715840301513,0.0069119434868144276
2026-08-25,2026-08-12,PM,PHILIP MORRIS INTL,0.06441,193.9199981689453,12.490387082061767,0.006409879803189554
2026-08-25,2026-08-12,DELL,DELL TECHNOLOGIES C,0.0267,451.5,12.055050000000001,0.006186471325009183
2026-08-25,2026-08-12,RTX,RTX CORP,0.05569,210.27999877929688,11.710493132019044,0.00600964989468752
2026-08-25,2026-08-12,TM,TOYOTA MOTOR CORP ADR,0.05971,192.9499969482422,11.521044317779541,0.005912427597239589
2026-08-25,2026-08-12,BABA,ALIBABA GROUP HLDG ADR,0.0963,119.44000244140625,11.502072235107422,0.005902691408221147
2026-08-25,2026-08-12,PANW,PALO ALTO NETWORKS,0.03368,339.8999938964844,11.447831794433593,0.005874856025465829
2026-08-25,2026-08-12,SAP,SAP SE ADR,0.05044,216.92999267578125,10.941948830566407,0.0056152444560592304
2026-08-25,2026-08-12,AZN,ASTRAZENECA PLC,0.06402,169.66000366210938,10.86163343444824,0.005574027796232703
2026-08-25,2026-08-12,ARM,ARM HLDGS PLC ADR,0.04413,241.55999755859375,10.660042692260744,0.005470574442996485
2026-08-25,2026-08-12,SHEL,SHELL PLC ADR,0.11348,92.22000122070312,10.46512573852539,0.005370545978158769
2026-08-25,2026-08-12,BHP,BHP GROUP LTD ADR,0.10493,98.69000244140625,10.355541956176758,0.005314309220353048
2026-08-25,2026-08-12,GEV,GE VERNOVA INC,0.01101,926.72998046875,10.203297084960939,0.005236179429920293
2026-08-25,2026-08-12,ANET,ARISTA NETWORKS INC,0.05212,190.94000244140625,9.951792927246094,0.005107111258504706
2026-08-25,2026-08-12,KLAC,KLA CORP,0.05399,183.33999633789062,9.898526402282716,0.0050797756747229025
2026-08-25,2026-08-12,AMGN,AMGEN INC,0.02234,442.239990234375,9.879641381835937,0.005070084164736116
2026-08-25,2026-08-12,TXN,TEXAS INSTRUMENTS INC,0.03774,260.04998779296875,9.814286539306641,0.005036545037212134
2026-08-25,2026-08-12,TMO,THERMO FISHER SCIENTIFIC,0.01528,628.1500244140625,9.598132373046875,0.004925617952600514
2026-08-25,2026-08-12,LIN,LINDE PLC,0.01905,487.20001220703125,9.281160232543947,0.004762952591772633
2026-08-25,2026-08-12,IBM,IBM CORP,0.03893,234.19000244140625,9.117016795043945,0.004678716635116941
2026-08-25,2026-08-12,CRWD,CROWDSTRIKE HLDGS A,0.04208,185.3800048828125,7.80079060546875,0.004003249044436434
2026-08-26,2026-08-12,NVDA,NVIDIA CORP,1.0,209.66000366210938,209.66000366210938,0.10776941812132579
2026-08-26,2026-08-12,AAPL,APPLE INC,0.60307,313.45001220703125,189.03229886169433,0.09716636696855618
2026-08-26,2026-08-12,GOOGL,ALPHABET INC A,0.5043,342.0,172.4706,0.08865332385947612
2026-08-26,2026-08-12,MSFT,MICROSOFT CORP,0.30684,496.3699951171875,152.30616930175782,0.07828840482322748
2026-08-26,2026-08-12,AMZN,AMAZON.COM INC,0.44572,260.2799987792969,116.0120010559082,0.059632479397620904
2026-08-26,2026-08-12,TSM,TAIWAN SEMICONDUCTOR ADR,0.18955,417.69000244140625,79.17313996276856,0.04069657099871487
2026-08-26,2026-08-12,SPCX,SPACE X TECH SPACEX A,0.5447,139.6300048828125,76.05646365966797,0.03909453729752793
2026-08-26,2026-08-12,AVGO,BROADCOM INC,0.19659,355.5899963378906,69.90543738006592,0.035932787266892516
2026-08-26,2026-08-12,META,META PLATFORMS INC A,0.10527,576.1400146484375,60.65025934204102,0.0311754414005122
2026-08-26,2026-08-12,LLY,ELI LILLY AND CO,0.0389,1189.4100341796875,46.26805032958984,0.023782699487423765
2026-08-26,2026-08-12,TSLA,TESLA INC,0.12948,345.82000732421875,44.776774548339844,0.023016154030986846
2026-08-26,2026-08-12,MU,MICRON TECHNOLOGY INC,0.04667,938.4000244140625,43.7951291394043,0.022511568737298933
2026-08-26,2026-08-12,SKHY,SK HYNIX INC ADR,0.2309,158.02000427246094,36.48681898651123,0.018754951743736398
2026-08-26,2026-08-12,WMT,WALMART INC,0.32885,104.33999633789062,34.31220779571533,0.01763715827536515
2026-08-26,2026-08-12,AMD,ADVANCED MICRO DEVIC,0.06746,480.92999267578125,32.44353730590821,0.01667662442136617
2026-08-26,2026-08-12,ASML,ASML HLDG N V ADR,0.01619,1745.6400146484375,28.261911837158202,0.014527185636204362
2026-08-26,2026-08-12,JNJ,JOHNSON & JOHNSON,0.09958,270.0,26.8866,0.013820247956928258
2026-08-26,2026-08-12,XOM,EXXON MOBIL CORP,0.16991,158.19000244140625,26.878063314819336,0.013815859930702293
2026-08-26,2026-08-12,ABBV,ABBVIE INC,0.07302,262.8999938964844,19.19695755432129,0.00986761856907706
2026-08-26,2026-08-12,INTC,INTEL CORP,0.20843,88.23999786376953,18.391862754745485,0.009453783805329652
2026-08-26,2026-08-12,CSCO,CISCO SYS INC,0.16287,112.36000061035156,18.30007329940796,0.009406602196922638
2026-08-26,2026-08-12,ORCL,ORACLE CORP,0.11903,148.8699951171875,17.71999551879883,0.009108430663061056
2026-08-26,2026-08-12,PLTR,PALANTIR TECHNOLOGIES A,0.0993,177.5,17.62575,0.009059986589112355
2026-08-26,2026-08-12,COST,COSTCO WHSL CORP,0.01833,956.1199951171875,17.525679510498048,0.009008548364194062
2026-08-26,2026-08-12,CVX,CHEVRON CORP,0.08164,200.2100067138672,16.34514494812012,0.008401730083943425
2026-08-26,2026-08-12,LRCX,LAM RESEARCH CORP,0.05171,312.8800048828125,16.179025052490235,0.008316341148630517
2026-08-26,2026-08-12,KO,COCA-COLA CO,0.17779,90.08000183105469,16.015323525543213,0.008232195302992332
2026-08-26,2026-08-12,AMAT,APPLIED MATLS INC,0.03281,479.760009765625,15.740925920410156,0.008091149468200052
2026-08-26,2026-08-12,MRK,MERCK & CO INC,0.10195,153.10000610351562,15.608545622253418,0.008023103358050825
2026-08-26,2026-08-12,CAT,CATERPILLAR INC,0.01899,821.9299926757812,15.608450560913086,0.008023054494628357
2026-08-26,2026-08-12,GE,GE AEROSPACE,0.04287,354.3900146484375,15.192699927978515,0.007809350387920717
2026-08-26,2026-08-12,UNH,UNITEDHEALTH GROUP INC,0.03753,401.010009765625,15.049905666503907,0.0077359512931893075
2026-08-26,2026-08-12,NFLX,NETFLIX INC,0.17206,81.45999908447266,14.016007442474365,0.007204507011713924
2026-08-26,2026-08-12,PG,PROCTER & GAMBLE CO,0.09605,145.0,13.927249999999999,0.007158883918313549
2026-08-26,2026-08-12,HD,HOME DEPOT INC,0.0412,334.8500061035156,13.795820251464844,0.00709132640960391
2026-08-26,2026-08-12,NVS,NOVARTIS AG ADR,0.08419,157.5399932861328,13.263292034759521,0.006817596298733499
2026-08-26,2026-08-12,PM,PHILIP MORRIS INTL,0.06441,194.10000610351562,12.50198139312744,0.006426267464310274
2026-08-26,2026-08-12,DELL,DELL TECHNOLOGIES C,0.0267,463.82000732421875,12.38399419555664,0.006365619694559857
2026-08-26,2026-08-12,RTX,RTX CORP,0.05569,211.99000549316406,11.805723405914307,0.006068376990048846
2026-08-26,2026-08-12,BABA,ALIBABA GROUP HLDG ADR,0.0963,119.83000183105469,11.539629176330566,0.005931599255684698
2026-08-26,2026-08-12,TM,TOYOTA MOTOR CORP ADR,0.05971,191.83999633789062,11.454766181335449,0.005887977985862554
2026-08-26,2026-08-12,PANW,PALO ALTO NETWORKS,0.03368,339.30999755859375,11.427960717773438,0.0058741994436509164
2026-08-26,2026-08-12,ARM,ARM HLDGS PLC ADR,0.04413,251.05999755859375,11.079277692260742,0.005694969423084634
2026-08-26,2026-08-12,SAP,SAP SE ADR,0.05044,211.67999267578125,10.677138830566406,0.0054882620379287355
2026-08-26,2026-08-12,AZN,ASTRAZENECA PLC,0.06402,166.27000427246094,10.644605673522948,0.005471539347177124
2026-08-26,2026-08-12,ANET,ARISTA NETWORKS INC,0.05212,202.25,10.54127,0.005418422752632507
2026-08-26,2026-08-12,GEV,GE VERNOVA INC,0.01101,953.0900268554688,10.493521195678712,0.005393878916098059
2026-08-26,2026-08-12,SHEL,SHELL PLC ADR,0.11348,91.11000061035156,10.339162869262696,0.005314535661640976
2026-08-26,2026-08-12,BHP,BHP GROUP LTD ADR,0.10493,96.33000183105469,10.107907092132567,0.005195665585788674
2026-08-26,2026-08-12,KLAC,KLA CORP,0.05399,183.8300018310547,9.924981798858644,0.005101638341338299
2026-08-26,2026-08-12,TXN,TEXAS INSTRUMENTS INC,0.03774,261.7699890136719,9.879199385375978,0.005078105268863644
2026-08-26,2026-08-12,AMGN,AMGEN INC,0.02234,440.3399963378906,9.837195518188476,0.005056514444449953
2026-08-26,2026-08-12,TMO,THERMO FISHER SCIENTIFIC,0.01528,633.7100219726562,9.683089135742188,0.0049773006942118074
2026-08-26,2026-08-12,LIN,LINDE PLC,0.01905,490.3299865722656,9.340786244201661,0.004801350189593759
2026-08-26,2026-08-12,IBM,IBM CORP,0.03893,229.8699951171875,8.948838909912109,0.004599881452529993
2026-08-26,2026-08-12,CRWD,CROWDSTRIKE HLDGS A,0.04208,189.17999267578125,7.960694091796875,0.004091955333061325
2026-08-27,2026-08-12,NVDA,NVIDIA CORP,1.0,227.97999572753906,227.97999572753906,0.1156010980077583
2026-08-27,2026-08-12,AAPL,APPLE INC,0.60307,314.5799865722656,189.71375250213623,0.09619755464259735
2026-08-27,2026-08-12,GOOGL,ALPHABET INC A,0.5043,340.6499938964844,171.78979192199705,0.08710890843440913
2026-08-27,2026-08-12,MSFT,MICROSOFT CORP,0.30684,505.05999755859375,154.9726096508789,0.0785814728156224
2026-08-27,2026-08-12,AMZN,AMAZON.COM INC,0.44572,256.260009765625,114.22021155273437,0.05791728273367778
2026-08-27,2026-08-12,TSM,TAIWAN SEMICONDUCTOR ADR,0.18955,427.29998779296875,80.99471268615723,0.041069733725815946
2026-08-27,2026-08-12,SPCX,SPACE X TECH SPACEX A,0.5447,140.8699951171875,76.73188634033203,0.038908195803941746
2026-08-27,2026-08-12,AVGO,BROADCOM INC,0.19659,371.5400085449219,73.04105027984619,0.03703669519356055
2026-08-27,2026-08-12,META,META PLATFORMS INC A,0.10527,571.0999755859375,60.11969442993164,0.030484704001384838
2026-08-27,2026-08-12,TSLA,TESLA INC,0.12948,354.80999755859375,45.940798483886724,0.023295055915508726
2026-08-27,2026-08-12,LLY,ELI LILLY AND CO,0.0389,1176.0999755859375,45.75028905029296,0.023198454897362403
2026-08-27,2026-08-12,MU,MICRON TECHNOLOGY INC,0.04667,935.3900146484375,43.65465198364258,0.022135826813887628
2026-08-27,2026-08-12,SKHY,SK HYNIX INC ADR,0.2309,161.61000061035156,37.31574914093017,0.018921579325007896
2026-08-27,2026-08-12,WMT,WALMART INC,0.32885,102.62999725341797,33.7498745967865,0.017113442556931233
2026-08-27,2026-08-12,AMD,ADVANCED MICRO DEVIC,0.06746,476.6700134277344,32.156159105834966,0.01630532226515725
2026-08-27,2026-08-12,ASML,ASML HLDG N V ADR,0.01619,1735.010009765625,28.08981205810547,0.01424341248180974
2026-08-27,2026-08-12,XOM,EXXON MOBIL CORP,0.16991,156.44000244140625,26.580720814819337,0.013478202340625862
2026-08-27,2026-08-12,JNJ,JOHNSON & JOHNSON,0.09958,265.7699890136719,26.465375505981445,0.013419714558357282
2026-08-27,2026-08-12,INTC,INTEL CORP,0.20843,92.08999633789062,19.194317936706543,0.009732802309747803
2026-08-27,2026-08-12,ABBV,ABBVIE INC,0.07302,258.1499938964844,18.85011255432129,0.009558267171184725
2026-08-27,2026-08-12,PLTR,PALANTIR TECHNOLOGIES A,0.0993,185.92999267578125,18.462848272705077,0.009361898292278688
2026-08-27,2026-08-12,CSCO,CISCO SYS INC,0.16287,112.1500015258789,18.265870748519895,0.009262017519818852
2026-08-27,2026-08-12,ORCL,ORACLE CORP,0.11903,151.94000244140625,18.085418490600585,0.009170516162048928
2026-08-27,2026-08-12,COST,COSTCO WHSL CORP,0.01833,934.6599731445312,17.132317307739257,0.008687230148731604
2026-08-27,2026-08-12,LRCX,LAM RESEARCH CORP,0.05171,318.5799865722656,16.473771105651856,0.008353303201293967
2026-08-27,2026-08-12,CVX,CHEVRON CORP,0.08164,199.77000427246094,16.30922314880371,0.0082698663873495
2026-08-27,2026-08-12,KO,COCA-COLA CO,0.17779,89.05999755859375,15.833976965942384,0.008028884803033555
2026-08-27,2026-08-12,AMAT,APPLIED MATLS INC,0.03281,482.3599853515625,15.826231119384765,0.008024957141028811
2026-08-27,2026-08-12,CAT,CATERPILLAR INC,0.01899,817.0,15.51483,0.007867055956730406
2026-08-27,2026-08-12,MRK,MERCK & CO INC,0.10195,149.5399932861328,15.24560231552124,0.00773053952317004
2026-08-27,2026-08-12,UNH,UNITEDHEALTH GROUP INC,0.03753,395.04998779296875,14.826226041870118,0.007517887717656319
2026-08-27,2026-08-12,GE,GE AEROSPACE,0.04287,342.7300109863281,14.692835570983886,0.007450249831933008
2026-08-27,2026-08-12,PG,PROCTER & GAMBLE CO,0.09605,143.13999938964844,13.748596941375732,0.0069714577255655
2026-08-27,2026-08-12,NFLX,NETFLIX INC,0.17206,79.83999633789062,13.73726976989746,0.006965714092418953
2026-08-27,2026-08-12,HD,HOME DEPOT INC,0.0412,328.6099853515625,13.538731396484375,0.006865041865059776
2026-08-27,2026-08-12,NVS,NOVARTIS AG ADR,0.08419,154.64999389648438,13.01998298614502,0.006602001743343674
2026-08-27,2026-08-12,PANW,PALO ALTO NETWORKS,0.03368,382.8500061035156,12.894388205566408,0.006538316793738346
2026-08-27,2026-08-12,DELL,DELL TECHNOLOGIES C,0.0267,472.260009765625,12.609342260742189,0.006393779444752168
2026-08-27,2026-08-12,PM,PHILIP MORRIS INTL,0.06441,190.47999572753906,12.26881652481079,0.006221110132920899
2026-08-27,2026-08-12,RTX,RTX CORP,0.05569,212.0800018310547,11.810735301971436,0.005988832330791925
2026-08-27,2026-08-12,TM,TOYOTA MOTOR CORP ADR,0.05971,192.0,11.46432,0.005813176615268329
2026-08-27,2026-08-12,ARM,ARM HLDGS PLC ADR,0.04413,255.2100067138672,11.26241759628296,0.005710798599663883
2026-08-27,2026-08-12,BABA,ALIBABA GROUP HLDG ADR,0.0963,116.30999755859375,11.200652764892578,0.005679479701248228
2026-08-27,2026-08-12,SAP,SAP SE ADR,0.05044,221.1699981689453,11.155814707641602,0.005656743808854659
2026-08-27,2026-08-12,AZN,ASTRAZENECA PLC,0.06402,164.52000427246094,10.532570673522947,0.0053407174204823825
2026-08-27,2026-08-12,GEV,GE VERNOVA INC,0.01101,953.8300170898438,10.501668488159181,0.005325047946731011
2026-08-27,2026-08-12,ANET,ARISTA NETWORKS INC,0.05212,201.08999633789062,10.48081060913086,0.005314471607740862
2026-08-27,2026-08-12,SHEL,SHELL PLC ADR,0.11348,90.69999694824219,10.292635653686522,0.005219054326073203
2026-08-27,2026-08-12,BHP,BHP GROUP LTD ADR,0.10493,96.37000274658203,10.112104388198851,0.005127512906184564
2026-08-27,2026-08-12,TXN,TEXAS INSTRUMENTS INC,0.03774,266.5400085449219,10.059219922485353,0.005100696946808284
2026-08-27,2026-08-12,KLAC,KLA CORP,0.05399,183.77000427246094,9.921742530670167,0.005030986718968507
2026-08-27,2026-08-12,AMGN,AMGEN INC,0.02234,436.989990234375,9.762356381835938,0.004950167286747422
2026-08-27,2026-08-12,TMO,THERMO FISHER SCIENTIFIC,0.01528,630.7000122070312,9.637096186523438,0.004886651994238616
2026-08-27,2026-08-12,CRWD,CROWDSTRIKE HLDGS A,0.04208,227.9600067138672,9.592557082519532,0.0048640676911259565
2026-08-27,2026-08-12,IBM,IBM CORP,0.03893,238.7899932861328,9.29609443862915,0.004713741312521366
2026-08-27,2026-08-12,LIN,LINDE PLC,0.01905,485.3500061035156,9.245917616271973,0.004688298309329268
2026-08-28,2026-08-12,NVDA,NVIDIA CORP,1.0,217.5500030517578,217.5500030517578,0.11067309135559926
2026-08-28,2026-08-12,AAPL,APPLE INC,0.60307,319.70001220703125,192.80148636169434,0.0980829060642512
2026-08-28,2026-08-12,GOOGL,ALPHABET INC A,0.5043,346.5899963378906,174.78533515319822,0.08891764235198267
2026-08-28,2026-08-12,MSFT,MICROSOFT CORP,0.30684,513.530029296875,157.57155418945314,0.0801605643172718
2026-08-28,2026-08-12,AMZN,AMAZON.COM INC,0.44572,266.42999267578125,118.75317633544923,0.06041269110078537
2026-08-28,2026-08-12,TSM,TAIWAN SEMICONDUCTOR ADR,0.18955,417.5199890136719,79.1409139175415,0.04026094908340621
2026-08-28,2026-08-12,SPCX,SPACE X TECH SPACEX A,0.5447,141.5,77.07504999999999,0.039209992784316146
2026-08-28,2026-08-12,AVGO,BROADCOM INC,0.19659,368.7900085449219,72.50042777984619,0.036882768809200946
2026-08-28,2026-08-12,META,META PLATFORMS INC A,0.10527,578.02001953125,60.84816745605469,0.030954974494220442
2026-08-28,2026-08-12,LLY,ELI LILLY AND CO,0.0389,1174.6099853515625,45.69232843017578,0.02324482265072544
2026-08-28,2026-08-12,TSLA,TESLA INC,0.12948,348.75,45.156150000000004,0.02297205536250055
2026-08-28,2026-08-12,MU,MICRON TECHNOLOGY INC,0.04667,932.8599853515625,43.53657551635742,0.022148137586030885
2026-08-28,2026-08-12,SKHY,SK HYNIX INC ADR,0.2309,161.0399932861328,37.18413444976807,0.01891649299567691
2026-08-28,2026-08-12,WMT,WALMART INC,0.32885,103.08999633789062,33.90114529571533,0.01724635485056515
2026-08-28,2026-08-12,AMD,ADVANCED MICRO DEVIC,0.06746,465.5799865722656,31.408025894165043,0.01597804307204246
2026-08-28,2026-08-12,ASML,ASML HLDG N V ADR,0.01619,1696.1600341796875,27.46083095336914,0.013970006941713688
2026-08-28,2026-08-12,JNJ,JOHNSON & JOHNSON,0.09958,268.0400085449219,26.691424050903322,0.013578590535316445
2026-08-28,2026-08-12,XOM,EXXON MOBIL CORP,0.16991,156.7100067138672,26.626597240753174,0.013545611526438508
2026-08-28,2026-08-12,ABBV,ABBVIE INC,0.07302,255.47999572753906,18.6551492880249,0.00949033791056635
2026-08-28,2026-08-12,INTC,INTEL CORP,0.20843,89.47000122070312,18.64823235443115,0.0094868190946032
2026-08-28,2026-08-12,PLTR,PALANTIR TECHNOLOGIES A,0.0993,186.2899932861328,18.49859633331299,0.009410695533109347
2026-08-28,2026-08-12,ORCL,ORACLE CORP,0.11903,150.85000610351562,17.955676226501463,0.009134498586489914
2026-08-28,2026-08-12,CSCO,CISCO SYS INC,0.16287,109.93000030517578,17.904299149703977,0.009108361791113087
2026-08-28,2026-08-12,COST,COSTCO WHSL CORP,0.01833,945.469970703125,17.33046456298828,0.008816437880528358
2026-08-28,2026-08-12,CVX,CHEVRON CORP,0.08164,201.86000061035156,16.4798504498291,0.008383709348542859
2026-08-28,2026-08-12,KO,COCA-COLA CO,0.17779,89.66000366210938,15.940652051086426,0.00810940572728001
2026-08-28,2026-08-12,LRCX,LAM RESEARCH CORP,0.05171,301.8999938964844,15.611248684387206,0.007941830050956663
2026-08-28,2026-08-12,CAT,CATERPILLAR INC,0.01899,800.25,15.1967475,0.007730963000608816
2026-08-28,2026-08-12,AMAT,APPLIED MATLS INC,0.03281,461.6700134277344,15.147393140563965,0.007705855211806065
2026-08-28,2026-08-12,MRK,MERCK & CO INC,0.10195,148.35000610351562,15.124283122253418,0.007694098571347162
2026-08-28,2026-08-12,UNH,UNITEDHEALTH GROUP INC,0.03753,392.95001220703125,14.747413958129883,0.00750237586463578
2026-08-28,2026-08-12,GE,GE AEROSPACE,0.04287,342.5799865722656,14.686404024353028,0.007471338595595253
2026-08-28,2026-08-12,NFLX,NETFLIX INC,0.17206,81.72000122070312,14.06074341003418,0.007153049497205141
2026-08-28,2026-08-12,PG,PROCTER & GAMBLE CO,0.09605,143.77999877929688,13.810068882751464,0.007025525137428959
2026-08-28,2026-08-12,HD,HOME DEPOT INC,0.0412,330.19000244140625,13.603828100585938,0.0069206053277039966
2026-08-28,2026-08-12,NVS,NOVARTIS AG ADR,0.08419,153.80999755859375,12.949263694458008,0.00658761215233601
2026-08-28,2026-08-12,PANW,PALO ALTO NETWORKS,0.03368,371.5899963378906,12.515151076660157,0.006366768278586537
2026-08-28,2026-08-12,PM,PHILIP MORRIS INTL,0.06441,191.88999938964844,12.359634860687255,0.006287653315882762
2026-08-28,2026-08-12,DELL,DELL TECHNOLOGIES C,0.0267,456.239990234375,12.181607739257814,0.006197086496313251
2026-08-28,2026-08-12,RTX,RTX CORP,0.05569,211.7100067138672,11.790130273895265,0.005997932183833559
2026-08-28,2026-08-12,TM,TOYOTA MOTOR CORP ADR,0.05971,194.47999572753906,11.612400544891358,0.005907516655179323
2026-08-28,2026-08-12,BABA,ALIBABA GROUP HLDG ADR,0.0963,118.9000015258789,11.450070146942139,0.005824935148812944
2026-08-28,2026-08-12,SAP,SAP SE ADR,0.05044,221.5399932861328,11.17447726135254,0.005684734201095399
2026-08-28,2026-08-12,ARM,ARM HLDGS PLC ADR,0.04413,239.0500030517578,10.549276634674072,0.0053666791098458625
2026-08-28,2026-08-12,AZN,ASTRAZENECA PLC,0.06402,162.6999969482422,10.416053804626463,0.0052989053464182305
2026-08-28,2026-08-12,SHEL,SHELL PLC ADR,0.11348,90.91000366210938,10.316467215576171,0.005248243174443297
2026-08-28,2026-08-12,ANET,ARISTA NETWORKS INC,0.05212,195.3800048828125,10.183205854492188,0.005180449809320198
2026-08-28,2026-08-12,GEV,GE VERNOVA INC,0.01101,911.9299926757812,10.040349219360353,0.005107775089904369
2026-08-28,2026-08-12,BHP,BHP GROUP LTD ADR,0.10493,95.1500015258789,9.984089660110474,0.005079154454403821
2026-08-28,2026-08-12,TXN,TEXAS INSTRUMENTS INC,0.03774,258.6400146484375,9.761074152832032,0.0049657009252633486
2026-08-28,2026-08-12,AMGN,AMGEN INC,0.02234,432.4200134277344,9.660263099975586,0.004914415838129697
2026-08-28,2026-08-12,TMO,THERMO FISHER SCIENTIFIC,0.01528,622.1799926757812,9.506910288085937,0.004836401452830593
2026-08-28,2026-08-12,KLAC,KLA CORP,0.05399,175.5399932861328,9.47740423751831,0.004821390991859756
2026-08-28,2026-08-12,LIN,LINDE PLC,0.01905,489.510009765625,9.325165686035156,0.004743943458512074
2026-08-28,2026-08-12,CRWD,CROWDSTRIKE HLDGS A,0.04208,218.39999389648438,9.190271743164063,0.0046753195584740784
2026-08-28,2026-08-12,IBM,IBM CORP,0.03893,235.58999633789062,9.171518557434082,0.004665779346989876
2026-08-31,2026-08-12,NVDA,NVIDIA CORP,1.0,220.77999877929688,220.77999877929688,0.11244923841310979
2026-08-31,2026-08-12,AAPL,APPLE INC,0.60307,316.8500061035156,191.08273318084716,0.09732361599277548
2026-08-31,2026-08-12,GOOGL,ALPHABET INC A,0.5043,339.3500061035156,171.13420807800293,0.08716329138147746
2026-08-31,2026-08-12,MSFT,MICROSOFT CORP,0.30684,507.2900085449219,155.65686622192382,0.07928026160523739
2026-08-31,2026-08-12,AMZN,AMAZON.COM INC,0.44572,259.7699890136719,115.78467950317383,0.05897227603055323
2026-08-31,2026-08-12,TSM,TAIWAN SEMICONDUCTOR ADR,0.18955,415.32000732421875,78.72390738830566,0.04009622012711631
2026-08-31,2026-08-12,SPCX,SPACE X TECH SPACEX A,0.5447,143.69000244140625,78.26794432983398,0.03986398578092037
2026-08-31,2026-08-12,AVGO,BROADCOM INC,0.19659,370.3399963378906,72.80513988006591,0.03708163138571883
2026-08-31,2026-08-12,META,META PLATFORMS INC A,0.10527,572.3400268554688,60.250234627075194,0.030687077794571943
2026-08-31,2026-08-12,TSLA,TESLA INC,0.12948,367.95001220703125,47.64216758056641,0.02426544746084496
2026-08-31,2026-08-12,LLY,ELI LILLY AND CO,0.0389,1156.72998046875,44.996796240234374,0.022918088124922634
2026-08-31,2026-08-12,MU,MICRON TECHNOLOGY INC,0.04667,958.72998046875,44.743928188476566,0.022789295571265647
2026-08-31,2026-08-12,SKHY,SK HYNIX INC ADR,0.2309,164.5800018310547,38.00152242279053,0.019355205537677642
2026-08-31,2026-08-12,WMT,WALMART INC,0.32885,104.87000274658203,34.4865004032135,0.017564909535810767
2026-08-31,2026-08-12,AMD,ADVANCED MICRO DEVIC,0.06746,470.7200012207031,31.754771282348635,0.016173565841225274
2026-08-31,2026-08-12,ASML,ASML HLDG N V ADR,0.01619,1696.010009765625,27.458402058105467,0.013985308526799693
2026-08-31,2026-08-12,XOM,EXXON MOBIL CORP,0.16991,160.9499969482422,27.347013981475833,0.013928575559798345
2026-08-31,2026-08-12,JNJ,JOHNSON & JOHNSON,0.09958,265.8500061035156,26.473343607788088,0.013483591554505849
2026-08-31,2026-08-12,ABBV,ABBVIE INC,0.07302,256.4200134277344,18.723789380493166,0.00953653350704414
2026-08-31,2026-08-12,INTC,INTEL CORP,0.20843,89.51000213623047,18.65656974525452,0.009502296724587462
2026-08-31,2026-08-12,PLTR,PALANTIR TECHNOLOGIES A,0.0993,186.3800048828125,18.50753448486328,0.0094263890263342
2026-08-31,2026-08-12,CSCO,CISCO SYS INC,0.16287,110.48999786376953,17.995505952072143,0.009165599014211306
2026-08-31,2026-08-12,ORCL,ORACLE CORP,0.11903,149.1199951171875,17.749753018798827,0.009040430383279311
2026-08-31,2026-08-12,COST,COSTCO WHSL CORP,0.01833,943.8900146484375,17.30150396850586,0.008812124990564676
2026-08-31,2026-08-12,CVX,CHEVRON CORP,0.08164,206.13999938964844,16.8292695501709,0.008571603199696708
2026-08-31,2026-08-12,KO,COCA-COLA CO,0.17779,88.66999816894531,15.764638974456787,0.00802935798685006
2026-08-31,2026-08-12,LRCX,LAM RESEARCH CORP,0.05171,301.489990234375,15.59004739501953,0.007940433762510846
2026-08-31,2026-08-12,CAT,CATERPILLAR INC,0.01899,797.469970703125,15.143954743652344,0.00771322668222605
2026-08-31,2026-08-12,MRK,MERCK & CO INC,0.10195,147.75999450683594,15.064131439971923,0.007672570509764274
2026-08-31,2026-08-12,AMAT,APPLIED MATLS INC,0.03281,458.3900146484375,15.039776380615233,0.007660165817802556
2026-08-31,2026-08-12,UNH,UNITEDHEALTH GROUP INC,0.03753,389.4100036621094,14.614557437438965,0.0074435902829562235
2026-08-31,2026-08-12,GE,GE AEROSPACE,0.04287,335.7099914550781,14.391887333679199,0.007330178362838477
2026-08-31,2026-08-12,NFLX,NETFLIX INC,0.17206,81.05000305175781,13.945463525085449,0.007102802615200986
2026-08-31,2026-08-12,PG,PROCTER & GAMBLE CO,0.09605,145.1199951171875,13.93877553100586,0.00709939623851415
2026-08-31,2026-08-12,HD,HOME DEPOT INC,0.0412,327.8299865722656,13.506595446777345,0.0068792752058231795
2026-08-31,2026-08-12,PANW,PALO ALTO NETWORKS,0.03368,382.1300048828125,12.870138564453125,0.006555110462205779
2026-08-31,2026-08-12,NVS,NOVARTIS AG ADR,0.08419,152.05999755859375,12.801931194458009,0.006520370599661531
2026-08-31,2026-08-12,DELL,DELL TECHNOLOGIES C,0.0267,456.010009765625,12.175467260742188,0.006201295535665151
2026-08-31,2026-08-12,PM,PHILIP MORRIS INTL,0.06441,187.3000030517578,12.06399319656372,0.00614451877287418
2026-08-31,2026-08-12,TM,TOYOTA MOTOR CORP ADR,0.05971,196.5399932861328,11.73540299911499,0.005977158877696086
2026-08-31,2026-08-12,RTX,RTX CORP,0.05569,207.72999572753906,11.56848346206665,0.005892142232523811
2026-08-31,2026-08-12,SAP,SAP SE ADR,0.05044,220.88999938964844,11.141691569213867,0.005674765551766779
2026-08-31,2026-08-12,BABA,ALIBABA GROUP HLDG ADR,0.0963,114.0199966430664,10.980125676727294,0.005592475662899577
2026-08-31,2026-08-12,ARM,ARM HLDGS PLC ADR,0.04413,241.91000366210938,10.675488461608888,0.00543731567095393
2026-08-31,2026-08-12,AZN,ASTRAZENECA PLC,0.06402,162.1300048828125,10.379562912597656,0.0052865927667176665
2026-08-31,2026-08-12,SHEL,SHELL PLC ADR,0.11348,91.44999694824219,10.377745653686523,0.005285667187490897
2026-08-31,2026-08-12,ANET,ARISTA NETWORKS INC,0.05212,195.69000244140625,10.199362927246094,0.005194812029210312
2026-08-31,2026-08-12,GEV,GE VERNOVA INC,0.01101,898.530029296875,9.892815622558594,0.005038679176867288
2026-08-31,2026-08-12,BHP,BHP GROUP LTD ADR,0.10493,93.91999816894531,9.855025407867432,0.005019431596085584
2026-08-31,2026-08-12,TXN,TEXAS INSTRUMENTS INC,0.03774,260.9100036621094,9.846743538208008,0.005015213415358218
2026-08-31,2026-08-12,CRWD,CROWDSTRIKE HLDGS A,0.04208,231.0,9.72048,0.004950903972522192
2026-08-31,2026-08-12,AMGN,AMGEN INC,0.02234,429.8800048828125,9.603519309082031,0.00489133272199807
2026-08-31,2026-08-12,KLAC,KLA CORP,0.05399,175.4499969482422,9.472545335235596,0.004824624126598117
2026-08-31,2026-08-12,TMO,THERMO FISHER SCIENTIFIC,0.01528,617.0999755859375,9.429287626953125,0.004802591803114309
2026-08-31,2026-08-12,LIN,LINDE PLC,0.01905,489.5799865722656,9.326498744201661,0.004750238638667147
2026-08-31,2026-08-12,IBM,IBM CORP,0.03893,233.8699951171875,9.10455890991211,0.004637198664587157
2026-09-01,2026-08-12,NVDA,NVIDIA CORP,1.0,217.44000244140625,217.44000244140625,0.11156909834616668
2026-09-01,2026-08-12,AAPL,APPLE INC,0.60307,325.1300048828125,196.07615204467774,0.10060724450509302
2026-09-01,2026-08-12,GOOGL,ALPHABET INC A,0.5043,335.0199890136719,168.9505804595947,0.08668903474657523
2026-09-01,2026-08-12,MSFT,MICROSOFT CORP,0.30684,501.0199890136719,153.7329734289551,0.07888083627190744
2026-09-01,2026-08-12,AMZN,AMAZON.COM INC,0.44572,254.9199981689453,113.6229415838623,0.05830026214871257
2026-09-01,2026-08-12,TSM,TAIWAN SEMICONDUCTOR ADR,0.18955,414.0,78.4737,0.04026508395228179
2026-09-01,2026-08-12,SPCX,SPACE X TECH SPACEX A,0.5447,142.22999572753906,77.47267867279052,0.03975145699473915
2026-09-01,2026-08-12,AVGO,BROADCOM INC,0.19659,369.67999267578125,72.67538976013184,0.03728995408597414
2026-09-01,2026-08-12,META,META PLATFORMS INC A,0.10527,578.5399780273438,60.90290348693848,0.031249457102689095
2026-09-01,2026-08-12,TSLA,TESLA INC,0.12948,356.0899963378906,46.106532725830085,0.023657396184379943
2026-09-01,2026-08-12,LLY,ELI LILLY AND CO,0.0389,1160.0,45.123999999999995,0.023153255782036062
2026-09-01,2026-08-12,MU,MICRON TECHNOLOGY INC,0.04667,933.4400024414062,43.56364491394043,0.02235263304428369
2026-09-01,2026-08-12,SKHY,SK HYNIX INC ADR,0.2309,160.77999877929688,37.12410171813965,0.01904848468128738
2026-09-01,2026-08-12,WMT,WALMART INC,0.32885,105.91999816894531,34.831791397857664,0.01787229358171089
2026-09-01,2026-08-12,AMD,ADVANCED MICRO DEVIC,0.06746,459.6099853515625,31.00528961181641,0.015908904374135516
2026-09-01,2026-08-12,XOM,EXXON MOBIL CORP,0.16991,164.5500030517578,27.95869101852417,0.014345685765508478
2026-09-01,2026-08-12,JNJ,JOHNSON & JOHNSON,0.09958,271.19000244140625,27.005100443115236,0.013856395664813016
2026-09-01,2026-08-12,ASML,ASML HLDG N V ADR,0.01619,1665.1400146484375,26.958616837158203,0.013832544791255829
2026-09-01,2026-08-12,ABBV,ABBVIE INC,0.07302,259.989990234375,18.984469086914064,0.0097409863632541
2026-09-01,2026-08-12,INTC,INTEL CORP,0.20843,88.97000122070312,18.54401735443115,0.009514989296907637
2026-09-01,2026-08-12,CSCO,CISCO SYS INC,0.16287,109.73999786376953,17.87335345207214,0.009170869695917109
2026-09-01,2026-08-12,PLTR,PALANTIR TECHNOLOGIES A,0.0993,179.9199981689453,17.86605581817627,0.009167125258717507
2026-09-01,2026-08-12,CVX,CHEVRON CORP,0.08164,211.0500030517578,17.23012224914551,0.00884082589287777
2026-09-01,2026-08-12,COST,COSTCO WHSL CORP,0.01833,939.9600219726562,17.229467202758787,0.008840489786669525
2026-09-01,2026-08-12,ORCL,ORACLE CORP,0.11903,141.32000732421875,16.82132047180176,0.008631068510664518
2026-09-01,2026-08-12,KO,COCA-COLA CO,0.17779,88.0,15.645520000000001,0.008027761865148501
2026-09-01,2026-08-12,MRK,MERCK & CO INC,0.10195,149.86000061035156,15.278227062225342,0.007839302789374364
2026-09-01,2026-08-12,LRCX,LAM RESEARCH CORP,0.05171,290.20001220703125,15.006242631225586,0.007699746785924561
2026-09-01,2026-08-12,UNH,UNITEDHEALTH GROUP INC,0.03753,396.29998779296875,14.873138541870118,0.007631450690133361
2026-09-01,2026-08-12,CAT,CATERPILLAR INC,0.01899,779.1599731445312,14.796247890014648,0.007591997872793205
2026-09-01,2026-08-12,AMAT,APPLIED MATLS INC,0.03281,441.8500061035156,14.497098700256347,0.007438503552532085
2026-09-01,2026-08-12,GE,GE AEROSPACE,0.04287,331.0899963378906,14.193828143005371,0.007282894546610791
2026-09-01,2026-08-12,PG,PROCTER & GAMBLE CO,0.09605,146.2100067138672,14.043471144866944,0.007205745933089868
2026-09-01,2026-08-12,NFLX,NETFLIX INC,0.17206,80.80999755859375,13.90416817993164,0.007134269176190145
2026-09-01,2026-08-12,NVS,NOVARTIS AG ADR,0.08419,161.25,13.575637500000001,0.006965699127774592
2026-09-01,2026-08-12,HD,HOME DEPOT INC,0.0412,319.7699890136719,13.17452354736328,0.006759886390802216
2026-09-01,2026-08-12,PANW,PALO ALTO NETWORKS,0.03368,362.0899963378906,12.195191076660157,0.006257388048681775
2026-09-01,2026-08-12,PM,PHILIP MORRIS INTL,0.06441,187.14999389648438,12.054331106872558,0.006185112388058999
2026-09-01,2026-08-12,TM,TOYOTA MOTOR CORP ADR,0.05971,198.0500030517578,11.825565682220459,0.006067732182601678
2026-09-01,2026-08-12,RTX,RTX CORP,0.05569,205.16000366210938,11.425360603942872,0.005862385791709232
2026-09-01,2026-08-12,DELL,DELL TECHNOLOGIES C,0.0267,425.0,11.3475,0.0058224352891289395
2026-09-01,2026-08-12,BABA,ALIBABA GROUP HLDG ADR,0.0963,112.8499984741211,10.867454853057861,0.005576122726544141
2026-09-01,2026-08-12,SAP,SAP SE ADR,0.05044,212.0399932861328,10.69529726135254,0.0054877881649899206
2026-09-01,2026-08-12,SHEL,SHELL PLC ADR,0.11348,93.51000213623047,10.611515042419434,0.005444799264516896
2026-09-01,2026-08-12,AZN,ASTRAZENECA PLC,0.06402,162.47000122070312,10.401329478149414,0.0053369524395183296
2026-09-01,2026-08-12,ARM,ARM HLDGS PLC ADR,0.04413,234.82000732421875,10.362606923217774,0.005317083783839174
2026-09-01,2026-08-12,GEV,GE VERNOVA INC,0.01101,898.530029296875,9.892815622558594,0.005076032499637033
2026-09-01,2026-08-12,ANET,ARISTA NETWORKS INC,0.05212,189.25999450683594,9.86423091369629,0.0050613656022931814
2026-09-01,2026-08-12,AMGN,AMGEN INC,0.02234,438.1199951171875,9.787600690917968,0.00502204641187077
2026-09-01,2026-08-12,BHP,BHP GROUP LTD ADR,0.10493,92.81999969482422,9.739602567977904,0.004997418435239955
2026-09-01,2026-08-12,TXN,TEXAS INSTRUMENTS INC,0.03774,253.33999633789062,9.561051461791992,0.004905803342790529
2026-09-01,2026-08-12,LIN,LINDE PLC,0.01905,486.760009765625,9.272778186035156,0.00475788948566963
2026-09-01,2026-08-12,KLAC,KLA CORP,0.05399,170.88999938964844,9.22635106704712,0.0047340675957407
2026-09-01,2026-08-12,TMO,THERMO FISHER SCIENTIFIC,0.01528,600.5,9.17564,0.004708047599589606
2026-09-01,2026-08-12,CRWD,CROWDSTRIKE HLDGS A,0.04208,215.07000732421875,9.050145908203126,0.0046436562157028205
2026-09-01,2026-08-12,IBM,IBM CORP,0.03893,231.39999389648438,9.008401762390136,0.004622237172944847
2026-09-02,2026-08-12,NVDA,NVIDIA CORP,1.0,224.41000366210938,224.41000366210938,0.11453095134671991
2026-09-02,2026-08-12,AAPL,APPLE INC,0.60307,324.9599914550781,195.97362204681397,0.10001802506843357
2026-09-02,2026-08-12,GOOGL,ALPHABET INC A,0.5043,337.1199951171875,170.00961353759766,0.08676691082750027
2026-09-02,2026-08-12,MSFT,MICROSOFT CORP,0.30684,496.82000732421875,152.44425104736328,0.07780216931006936
2026-09-02,2026-08-12,AMZN,AMAZON.COM INC,0.44572,254.97999572753906,113.64968369567872,0.058002790345828274
2026-09-02,2026-08-12,TSM,TAIWAN SEMICONDUCTOR ADR,0.18955,415.5,78.758025,0.04019531831130118
2026-09-02,2026-08-12,SPCX,SPACE X TECH SPACEX A,0.5447,140.7100067138672,76.64474065704346,0.03911677251425476
2026-09-02,2026-08-12,AVGO,BROADCOM INC,0.19659,367.239990234375,72.19570968017578,0.03684614401268891
2026-09-02,2026-08-12,META,META PLATFORMS INC A,0.10527,592.8499755859375,62.40931692993164,0.03185151430079005
2026-09-02,2026-08-12,TSLA,TESLA INC,0.12948,357.010009765625,46.225656064453126,0.02359194456259439
2026-09-02,2026-08-12,LLY,ELI LILLY AND CO,0.0389,1160.0799560546875,45.12711029052734,0.0230312855432439
2026-09-02,2026-08-12,MU,MICRON TECHNOLOGY INC,0.04667,956.0800170898438,44.62025439758301,0.022772604171347435
2026-09-02,2026-08-12,SKHY,SK HYNIX INC ADR,0.2309,164.97999572753906,38.09388101348877,0.019441773369126683
2026-09-02,2026-08-12,WMT,WALMART INC,0.32885,106.08999633789062,34.88769529571533,0.01780544925496751
2026-09-02,2026-08-12,AMD,ADVANCED MICRO DEVIC,0.06746,457.05999755859375,30.833267435302737,0.01573621226712415
2026-09-02,2026-08-12,XOM,EXXON MOBIL CORP,0.16991,164.14999389648438,27.89072546295166,0.014234442622405209
2026-09-02,2026-08-12,JNJ,JOHNSON & JOHNSON,0.09958,275.2099914550781,27.40541094909668,0.01398675521067167
2026-09-02,2026-08-12,ASML,ASML HLDG N V ADR,0.01619,1682.300048828125,27.236437790527344,0.013900517269906137
2026-09-02,2026-08-12,ABBV,ABBVIE INC,0.07302,261.7200012207031,19.110794489135742,0.009753475505164986
2026-09-02,2026-08-12,INTC,INTEL CORP,0.20843,90.05000305175781,18.769122136077883,0.009579097986311104
2026-09-02,2026-08-12,CSCO,CISCO SYS INC,0.16287,109.45999908447266,17.82775005088806,0.009098654874468492
2026-09-02,2026-08-12,ORCL,ORACLE CORP,0.11903,145.75,17.3486225,0.008854125070430622
2026-09-02,2026-08-12,CVX,CHEVRON CORP,0.08164,211.77999877929688,17.2897191003418,0.008824062852658158
2026-09-02,2026-08-12,COST,COSTCO WHSL CORP,0.01833,928.47998046875,17.019038041992186,0.008685916786892763
2026-09-02,2026-08-12,PLTR,PALANTIR TECHNOLOGIES A,0.0993,169.4600067138672,16.82737866668701,0.008588100601205823
2026-09-02,2026-08-12,KO,COCA-COLA CO,0.17779,88.23999786376953,15.688189220199586,0.00800669848480642
2026-09-02,2026-08-12,MRK,MERCK & CO INC,0.10195,151.63999938964844,15.459697937774658,0.007890084592718252
2026-09-02,2026-08-12,CAT,CATERPILLAR INC,0.01899,792.280029296875,15.045397756347656,0.007678640391712853
2026-09-02,2026-08-12,UNH,UNITEDHEALTH GROUP INC,0.03753,399.6600036621094,14.999239937438965,0.007655083068842069
2026-09-02,2026-08-12,LRCX,LAM RESEARCH CORP,0.05171,288.32000732421875,14.909027578735351,0.007609041862581437
2026-09-02,2026-08-12,AMAT,APPLIED MATLS INC,0.03281,438.4599914550781,14.385872319641113,0.007342041869050312
2026-09-02,2026-08-12,NFLX,NETFLIX INC,0.17206,82.7300033569336,14.234524377593994,0.0072647992171891934
2026-09-02,2026-08-12,PG,PROCTER & GAMBLE CO,0.09605,147.63999938964844,14.180821941375731,0.00723739138772819
2026-09-02,2026-08-12,GE,GE AEROSPACE,0.04287,329.5,14.125665,0.0072092412301325
2026-09-02,2026-08-12,NVS,NOVARTIS AG ADR,0.08419,162.4600067138672,13.677507965240478,0.0069805176852542755
2026-09-02,2026-08-12,DELL,DELL TECHNOLOGIES C,0.0267,492.20001220703125,13.141740325927735,0.00670708077767476
2026-09-02,2026-08-12,HD,HOME DEPOT INC,0.0412,318.510009765625,13.12261240234375,0.006697318560083695
2026-09-02,2026-08-12,PM,PHILIP MORRIS INTL,0.06441,187.94000244140625,12.105215557250975,0.006178075092038152
2026-09-02,2026-08-12,TM,TOYOTA MOTOR CORP ADR,0.05971,198.3000030517578,11.84049318222046,0.006042970128087174
2026-09-02,2026-08-12,RTX,RTX CORP,0.05569,200.77999877929688,11.181438132019043,0.005706611674107195
2026-09-02,2026-08-12,PANW,PALO ALTO NETWORKS,0.03368,328.4800109863281,11.063206770019532,0.005646270556742342
2026-09-02,2026-08-12,BABA,ALIBABA GROUP HLDG ADR,0.0963,111.80999755859375,10.767302764892579,0.005495251588508098
2026-09-02,2026-08-12,SAP,SAP SE ADR,0.05044,209.69000244140625,10.57676372314453,0.00539800718155664
2026-09-02,2026-08-12,SHEL,SHELL PLC ADR,0.11348,92.80000305175781,10.530944346313476,0.005374622587586061
2026-09-02,2026-08-12,ARM,ARM HLDGS PLC ADR,0.04413,234.86000061035156,10.364371826934814,0.005289609848397379
2026-09-02,2026-08-12,AZN,ASTRAZENECA PLC,0.06402,161.6300048828125,10.347552912597655,0.005281026067691443
2026-09-02,2026-08-12,GEV,GE VERNOVA INC,0.01101,921.9400024414062,10.150559426879884,0.005180487540174044
2026-09-02,2026-08-12,AMGN,AMGEN INC,0.02234,442.8399963378906,9.893045518188476,0.0050490615232133785
2026-09-02,2026-08-12,BHP,BHP GROUP LTD ADR,0.10493,93.43000030517578,9.803609932022095,0.00500341675426043
2026-09-02,2026-08-12,ANET,ARISTA NETWORKS INC,0.05212,186.10000610351562,9.699532318115235,0.004950299210745761
2026-09-02,2026-08-12,TXN,TEXAS INSTRUMENTS INC,0.03774,254.8000030517578,9.61615211517334,0.004907744895828515
2026-09-02,2026-08-12,KLAC,KLA CORP,0.05399,172.25999450683594,9.300317103424073,0.004746553844743684
2026-09-02,2026-08-12,TMO,THERMO FISHER SCIENTIFIC,0.01528,608.5399780273438,9.298490864257813,0.004745621796681276
2026-09-02,2026-08-12,LIN,LINDE PLC,0.01905,487.45001220703125,9.285922732543947,0.004739207465509091
2026-09-02,2026-08-12,IBM,IBM CORP,0.03893,231.6999969482422,9.020080881195069,0.004603531160327063
2026-09-02,2026-08-12,CRWD,CROWDSTRIKE HLDGS A,0.04208,203.4199981689453,8.559913522949218,0.004368677969923132
2026-09-03,2026-08-12,NVDA,NVIDIA CORP,1.0,228.4499969482422,228.4499969482422,0.11496601542498855
2026-09-03,2026-08-12,AAPL,APPLE INC,0.60307,328.2099914550781,197.93359954681395,0.09960883152814423
2026-09-03,2026-08-12,GOOGL,ALPHABET INC A,0.5043,342.4800109863281,172.71266954040527,0.08691655809026688
2026-09-03,2026-08-12,MSFT,MICROSOFT CORP,0.30684,510.1199951171875,156.5252193017578,0.07877032618530778
2026-09-03,2026-08-12,AMZN,AMAZON.COM INC,0.44572,258.8999938964844,115.39690527954102,0.05807276239696941
2026-09-03,2026-08-12,SPCX,SPACE X TECH SPACEX A,0.5447,149.74000549316406,81.56338099212645,0.04104625538419023
2026-09-03,2026-08-12,TSM,TAIWAN SEMICONDUCTOR ADR,0.18955,417.010009765625,79.04424735107422,0.03977851731938985
2026-09-03,2026-08-12,AVGO,BROADCOM INC,0.19659,357.1600036621094,70.21408511993408,0.03533479405026498
2026-09-03,2026-08-12,META,META PLATFORMS INC A,0.10527,610.6799926757812,64.2862828289795,0.03235166505607827
2026-09-03,2026-08-12,TSLA,TESLA INC,0.12948,376.3699951171875,48.732386967773444,0.024524265382690615
2026-09-03,2026-08-12,LLY,ELI LILLY AND CO,0.0389,1159.5999755859375,45.108439050292965,0.02270053652409576
2026-09-03,2026-08-12,MU,MICRON TECHNOLOGY INC,0.04667,958.1599731445312,44.71732594665528,0.022503711329495683
2026-09-03,2026-08-12,SKHY,SK HYNIX INC ADR,0.2309,163.67999267578125,37.79371030883789,0.019019445569604495
2026-09-03,2026-08-12,WMT,WALMART INC,0.32885,108.41999816894531,35.653916397857664,0.01794260782365441
2026-09-03,2026-08-12,AMD,ADVANCED MICRO DEVIC,0.06746,456.1600036621094,30.772553847045902,0.015486093007246992
2026-09-03,2026-08-12,JNJ,JOHNSON & JOHNSON,0.09958,278.42999267578125,27.726058670654297,0.013952963586717642
2026-09-03,2026-08-12,XOM,EXXON MOBIL CORP,0.16991,162.2100067138672,27.561102240753176,0.013869950307147496
2026-09-03,2026-08-12,ASML,ASML HLDG N V ADR,0.01619,1646.18994140625,26.651815151367188,0.013412357333015058
2026-09-03,2026-08-12,INTC,INTEL CORP,0.20843,91.66999816894531,19.10677771835327,0.00961536498679709
2026-09-03,2026-08-12,ABBV,ABBVIE INC,0.07302,260.2099914550781,19.000533576049804,0.009561898294452845
2026-09-03,2026-08-12,ORCL,ORACLE CORP,0.11903,154.0399932861328,18.33538040084839,0.009227164167853094
2026-09-03,2026-08-12,PLTR,PALANTIR TECHNOLOGIES A,0.0993,182.52999877929688,18.12522887878418,0.009121406744128145
2026-09-03,2026-08-12,CSCO,CISCO SYS INC,0.16287,108.61000061035156,17.68931079940796,0.008902033728995416
2026-09-03,2026-08-12,CVX,CHEVRON CORP,0.08164,211.32000732421875,17.25216539794922,0.00868204307179066
2026-09-03,2026-08-12,COST,COSTCO WHSL CORP,0.01833,925.4099731445312,16.96276480773926,0.008536404055977423
2026-09-03,2026-08-12,KO,COCA-COLA CO,0.17779,88.80999755859375,15.789529465942383,0.007945980793977028
2026-09-03,2026-08-12,MRK,MERCK & CO INC,0.10195,152.33999633789062,15.53106262664795,0.007815908992575761
2026-09-03,2026-08-12,CAT,CATERPILLAR INC,0.01899,800.1400146484375,15.194658878173827,0.007646615934783066
2026-09-03,2026-08-12,LRCX,LAM RESEARCH CORP,0.05171,292.6600036621094,15.133448789367675,0.007615812344904063
2026-09-03,2026-08-12,UNH,UNITEDHEALTH GROUP INC,0.03753,400.94000244140625,15.047278291625977,0.007572447587167624
2026-09-03,2026-08-12,AMAT,APPLIED MATLS INC,0.03281,435.9100036621094,14.302207220153807,0.007197495284957749
2026-09-03,2026-08-12,GE,GE AEROSPACE,0.04287,333.4800109863281,14.296288070983886,0.007194516510591969
2026-09-03,2026-08-12,NFLX,NETFLIX INC,0.17206,82.66999816894531,14.22419988494873,0.007158238587114671
2026-09-03,2026-08-12,PG,PROCTER & GAMBLE CO,0.09605,146.9199981689453,14.111665824127197,0.007101606533076272
2026-09-03,2026-08-12,DELL,DELL TECHNOLOGIES C,0.0267,516.3900146484375,13.787613391113283,0.006938529196634796
2026-09-03,2026-08-12,NVS,NOVARTIS AG ADR,0.08419,163.08999633789062,13.730546791687011,0.006909810791567893
2026-09-03,2026-08-12,HD,HOME DEPOT INC,0.0412,318.07000732421875,13.104484301757813,0.006594748804981332
2026-09-03,2026-08-12,PM,PHILIP MORRIS INTL,0.06441,186.1699981689453,11.991209582061767,0.006034500346646606
2026-09-03,2026-08-12,TM,TOYOTA MOTOR CORP ADR,0.05971,199.8699951171875,11.934237408447265,0.006005829460771988
2026-09-03,2026-08-12,RTX,RTX CORP,0.05569,202.1300048828125,11.25661997192383,0.005664822773530735
2026-09-03,2026-08-12,PANW,PALO ALTO NETWORKS,0.03368,331.94000244140625,11.179739282226564,0.005626133052910506
2026-09-03,2026-08-12,SAP,SAP SE ADR,0.05044,217.02999877929688,10.946993138427734,0.0055090050287672394
2026-09-03,2026-08-12,BABA,ALIBABA GROUP HLDG ADR,0.0963,111.80999755859375,10.767302764892579,0.005418576985293704
2026-09-03,2026-08-12,ARM,ARM HLDGS PLC ADR,0.04413,242.58999633789062,10.705496538391113,0.0053874733928916535
2026-09-03,2026-08-12,AZN,ASTRAZENECA PLC,0.06402,164.77000427246094,10.548575673522949,0.005308503960578537
2026-09-03,2026-08-12,SHEL,SHELL PLC ADR,0.11348,92.33000183105469,10.477608607788087,0.005272790233798366
2026-09-03,2026-08-12,GEV,GE VERNOVA INC,0.01101,941.8400268554688,10.369658695678712,0.005218465123592721
2026-09-03,2026-08-12,ANET,ARISTA NETWORKS INC,0.05212,191.44000244140625,9.977852927246094,0.005021291349817495
2026-09-03,2026-08-12,AMGN,AMGEN INC,0.02234,444.1199951171875,9.921640690917968,0.00499300289757367
2026-09-03,2026-08-12,BHP,BHP GROUP LTD ADR,0.10493,92.70999908447266,9.728060203933715,0.004895584742397898
2026-09-03,2026-08-12,TXN,TEXAS INSTRUMENTS INC,0.03774,253.8300018310547,9.579544269104005,0.004820845037943634
2026-09-03,2026-08-12,TMO,THERMO FISHER SCIENTIFIC,0.01528,618.4299926757812,9.449610288085937,0.004755456584165989
2026-09-03,2026-08-12,KLAC,KLA CORP,0.05399,172.94000244140625,9.337030731811524,0.004698801634828805
2026-09-03,2026-08-12,LIN,LINDE PLC,0.01905,482.19000244140625,9.185719546508789,0.004622655238261207
2026-09-03,2026-08-12,IBM,IBM CORP,0.03893,234.7100067138672,9.13726056137085,0.004598268560619403
2026-09-03,2026-08-12,CRWD,CROWDSTRIKE HLDGS A,0.04208,214.97000122070312,9.045937651367188,0.004552310884014511
2026-09-04,2026-08-12,NVDA,NVIDIA CORP,1.0,230.36000061035156,230.36000061035156,0.11601888482241204
2026-09-04,2026-08-12,AAPL,APPLE INC,0.60307,319.9700012207031,192.96430863616942,0.09718485778424718
2026-09-04,2026-08-12,GOOGL,ALPHABET INC A,0.5043,338.4599914550781,170.6853736907959,0.08596425880636564
2026-09-04,2026-08-12,MSFT,MICROSOFT CORP,0.30684,499.70001220703125,153.32795174560547,0.07722233862865506
2026-09-04,2026-08-12,AMZN,AMAZON.COM INC,0.44572,258.510009765625,115.22308155273437,0.058031139920692316
2026-09-04,2026-08-12,TSM,TAIWAN SEMICONDUCTOR ADR,0.18955,428.9100036621094,81.29989119415283,0.040946009235707535
2026-09-04,2026-08-12,SPCX,SPACE X TECH SPACEX A,0.5447,147.9499969482422,80.58836333770752,0.04058765419053414
2026-09-04,2026-08-12,AVGO,BROADCOM INC,0.19659,357.8999938964844,70.35955980010986,0.035436002964820884
2026-09-04,2026-08-12,META,META PLATFORMS INC A,0.10527,616.77001953125,64.9273799560547,0.03270013108605625
2026-09-04,2026-08-12,MU,MICRON TECHNOLOGY INC,0.04667,1016.5900268554688,47.44425655334473,0.023894902422135697
2026-09-04,2026-08-12,TSLA,TESLA INC,0.12948,354.0799865722656,45.846276661376955,0.02309009323415374
2026-09-04,2026-08-12,LLY,ELI LILLY AND CO,0.0389,1149.3599853515625,44.71010343017578,0.022517869102795088
2026-09-04,2026-08-12,SKHY,SK HYNIX INC ADR,0.2309,177.0,40.869299999999996,0.020583480625583628
2026-09-04,2026-08-12,WMT,WALMART INC,0.32885,107.13999938964844,35.232988799285884,0.017744799698832768
2026-09-04,2026-08-12,AMD,ADVANCED MICRO DEVIC,0.06746,477.57000732421875,32.2168726940918,0.01622575808530444
2026-09-04,2026-08-12,ASML,ASML HLDG N V ADR,0.01619,1714.8800048828125,27.763907279052734,0.013983059351857808
2026-09-04,2026-08-12,JNJ,JOHNSON & JOHNSON,0.09958,275.2300109863281,27.407404494018554,0.013803509710226616
2026-09-04,2026-08-12,XOM,EXXON MOBIL CORP,0.16991,159.47000122070312,27.095547907409667,0.013646445752477776
2026-09-04,2026-08-12,INTC,INTEL CORP,0.20843,95.80000305175781,19.96759463607788,0.010056511790787136
2026-09-04,2026-08-12,ORCL,ORACLE CORP,0.11903,158.77999877929688,18.899583254699706,0.009518616804171254
2026-09-04,2026-08-12,ABBV,ABBVIE INC,0.07302,256.4599914550781,18.726708576049806,0.009431549920259755
2026-09-04,2026-08-12,CSCO,CISCO SYS INC,0.16287,109.19999694824219,17.785403502960204,0.00895746950452708
2026-09-04,2026-08-12,PLTR,PALANTIR TECHNOLOGIES A,0.0993,174.3300018310547,17.31096918182373,0.008718524632527204
2026-09-04,2026-08-12,CVX,CHEVRON CORP,0.08164,208.60000610351562,17.030104498291017,0.008577069487175895
2026-09-04,2026-08-12,COST,COSTCO WHSL CORP,0.01833,915.739990234375,16.785514020996093,0.00845388354196513
2026-09-04,2026-08-12,LRCX,LAM RESEARCH CORP,0.05171,307.6499938964844,15.908581184387208,0.008012223663957013
2026-09-04,2026-08-12,KO,COCA-COLA CO,0.17779,88.06999969482422,15.657965245742798,0.007886003045606573
2026-09-04,2026-08-12,CAT,CATERPILLAR INC,0.01899,813.9400024414062,15.456720646362305,0.0077846478887442895
2026-09-04,2026-08-12,MRK,MERCK & CO INC,0.10195,150.3300018310547,15.326143686676025,0.007718883896705029
2026-09-04,2026-08-12,AMAT,APPLIED MATLS INC,0.03281,454.7099914550781,14.919034819641112,0.007513846925748432
2026-09-04,2026-08-12,UNH,UNITEDHEALTH GROUP INC,0.03753,397.1400146484375,14.90466474975586,0.007506609560413783
2026-09-04,2026-08-12,GE,GE AEROSPACE,0.04287,337.1199951171875,14.452334190673827,0.007278797063032511
2026-09-04,2026-08-12,PG,PROCTER & GAMBLE CO,0.09605,146.44000244140625,14.06556223449707,0.007084002606888575
2026-09-04,2026-08-12,DELL,DELL TECHNOLOGIES C,0.0267,524.1400146484375,13.994538391113283,0.007048232043060845
2026-09-04,2026-08-12,NVS,NOVARTIS AG ADR,0.08419,159.99000549316406,13.469558562469482,0.006783830349571798
2026-09-04,2026-08-12,NFLX,NETFLIX INC,0.17206,78.25,13.463695,0.006780877215446978
2026-09-04,2026-08-12,HD,HOME DEPOT INC,0.0412,321.04998779296875,13.227259497070312,0.006661798454769567
2026-09-04,2026-08-12,TM,TOYOTA MOTOR CORP ADR,0.05971,197.11000061035156,11.76943813644409,0.005927578937136238
2026-09-04,2026-08-12,PM,PHILIP MORRIS INTL,0.06441,182.52999877929688,11.75675722137451,0.005921192300476217
2026-09-04,2026-08-12,PANW,PALO ALTO NETWORKS,0.03368,333.260009765625,11.224197128906251,0.005652972870603931
2026-09-04,2026-08-12,RTX,RTX CORP,0.05569,200.7899932861328,11.181994726104737,0.0056317179839183735
2026-09-04,2026-08-12,ARM,ARM HLDGS PLC ADR,0.04413,252.08999633789062,11.124731538391114,0.005602877859060289
2026-09-04,2026-08-12,BABA,ALIBABA GROUP HLDG ADR,0.0963,113.23999786376953,10.905011794281005,0.0054922178503019154
2026-09-04,2026-08-12,SAP,SAP SE ADR,0.05044,215.11000061035156,10.850148430786133,0.005464586376810784
2026-09-04,2026-08-12,SHEL,SHELL PLC ADR,0.11348,92.94999694824219,10.547965653686523,0.005312394552193899
2026-09-04,2026-08-12,AZN,ASTRAZENECA PLC,0.06402,162.6999969482422,10.416053804626463,0.005245958254302507
2026-09-04,2026-08-12,GEV,GE VERNOVA INC,0.01101,941.9500122070312,10.370869634399416,0.00522320162542823
2026-09-04,2026-08-12,ANET,ARISTA NETWORKS INC,0.05212,193.77999877929688,10.099813536376953,0.005086686492012887
2026-09-04,2026-08-12,KLAC,KLA CORP,0.05399,185.60000610351562,10.020544329528809,0.005046763219939127
2026-09-04,2026-08-12,AMGN,AMGEN INC,0.02234,437.2300109863281,9.76771844543457,0.004919429581073283
2026-09-04,2026-08-12,TXN,TEXAS INSTRUMENTS INC,0.03774,258.44000244140625,9.753525692138673,0.004912281519753667
2026-09-04,2026-08-12,BHP,BHP GROUP LTD ADR,0.10493,90.41999816894531,9.487770407867432,0.00477843609678475
2026-09-04,2026-08-12,TMO,THERMO FISHER SCIENTIFIC,0.01528,613.780029296875,9.378558847656251,0.004723432609235499
2026-09-04,2026-08-12,IBM,IBM CORP,0.03893,234.88999938964844,9.144267676239014,0.004605433823163509
2026-09-04,2026-08-12,LIN,LINDE PLC,0.01905,477.57000732421875,9.097708639526367,0.004581984754299579
2026-09-04,2026-08-12,CRWD,CROWDSTRIKE HLDGS A,0.04208,213.10000610351562,8.967248256835937,0.004516279475287834
2026-09-08,2026-08-12,NVDA,NVIDIA CORP,1.0,225.72999572753906,225.72999572753906,0.11363576464062401
2026-09-08,2026-08-12,AAPL,APPLE INC,0.60307,316.2200012207031,190.70279613616944,0.09600256265541067
2026-09-08,2026-08-12,GOOGL,ALPHABET INC A,0.5043,338.3599853515625,170.63494061279295,0.08590011216031129
2026-09-08,2026-08-12,MSFT,MICROSOFT CORP,0.30684,493.95001220703125,151.56362174560547,0.07629933271939975
2026-09-08,2026-08-12,AMZN,AMAZON.COM INC,0.44572,256.9700012207031,114.5366689440918,0.057659425868070394
2026-09-08,2026-08-12,SPCX,SPACE X TECH SPACEX A,0.5447,153.47000122070312,83.59510966491699,0.0420829946696833
2026-09-08,2026-08-12,TSM,TAIWAN SEMICONDUCTOR ADR,0.18955,439.0,83.21245,0.04189035822595407
2026-09-08,2026-08-12,AVGO,BROADCOM INC,0.19659,368.55999755859375,72.45520992004394,0.0364750070318485
2026-09-08,2026-08-12,META,META PLATFORMS INC A,0.10527,613.47998046875,64.58103754394531,0.032511034073863444
2026-09-08,2026-08-12,TSLA,TESLA INC,0.12948,368.1600036621094,47.669357274169926,0.02399744812964848
2026-09-08,2026-08-12,MU,MICRON TECHNOLOGY INC,0.04667,1000.260009765625,46.68213465576172,0.023500465897616087
2026-09-08,2026-08-12,LLY,ELI LILLY AND CO,0.0389,1123.9100341796875,43.72010032958984,0.022009334714711212
2026-09-08,2026-08-12,SKHY,SK HYNIX INC ADR,0.2309,185.5500030517578,42.84349570465088,0.02156803919028883
2026-09-08,2026-08-12,WMT,WALMART INC,0.32885,106.05000305175781,34.87454350357056,0.017556352689185213
2026-09-08,2026-08-12,AMD,ADVANCED MICRO DEVIC,0.06746,505.739990234375,34.11721974121094,0.01717510488674373
2026-09-08,2026-08-12,ASML,ASML HLDG N V ADR,0.01619,1764.8499755859375,28.572921104736327,0.014384024273282761
2026-09-08,2026-08-12,XOM,EXXON MOBIL CORP,0.16991,160.66000366210938,27.297741222229003,0.013742080164188968
2026-09-08,2026-08-12,JNJ,JOHNSON & JOHNSON,0.09958,269.1199951171875,26.79896911376953,0.013490991026728386
2026-09-08,2026-08-12,INTC,INTEL CORP,0.20843,104.47000122070312,21.774682354431153,0.01096169195935803
2026-09-08,2026-08-12,ORCL,ORACLE CORP,0.11903,162.52000427246094,19.344756108551024,0.009738431727234514
2026-09-08,2026-08-12,ABBV,ABBVIE INC,0.07302,248.77999877929688,18.16591551086426,0.009144986216035211
2026-09-08,2026-08-12,CSCO,CISCO SYS INC,0.16287,109.16999816894531,17.780517601776122,0.00895097130034368
2026-09-08,2026-08-12,CVX,CHEVRON CORP,0.08164,209.8000030517578,17.128072249145507,0.008622520815535753
2026-09-08,2026-08-12,PLTR,PALANTIR TECHNOLOGIES A,0.0993,170.3000030517578,16.91079030303955,0.008513137922009473
2026-09-08,2026-08-12,COST,COSTCO WHSL CORP,0.01833,910.1799926757812,16.68359926574707,0.008398766647784184
2026-09-08,2026-08-12,LRCX,LAM RESEARCH CORP,0.05171,320.4200134277344,16.568918894348144,0.008341034880009212
2026-09-08,2026-08-12,KO,COCA-COLA CO,0.17779,88.36000061035156,15.709524508514404,0.007908403240393396
2026-09-08,2026-08-12,CAT,CATERPILLAR INC,0.01899,822.47998046875,15.618894829101562,0.00786277894094653
2026-09-08,2026-08-12,AMAT,APPLIED MATLS INC,0.03281,472.7900085449219,15.512240180358885,0.00780908743874591
2026-09-08,2026-08-12,MRK,MERCK & CO INC,0.10195,148.4600067138672,15.135497684478759,0.007619429784015656
2026-09-08,2026-08-12,UNH,UNITEDHEALTH GROUP INC,0.03753,400.8399963378906,15.043525062561036,0.007573129427769522
2026-09-08,2026-08-12,GE,GE AEROSPACE,0.04287,334.9100036621094,14.35759185699463,0.007227820670483157
2026-09-08,2026-08-12,DELL,DELL TECHNOLOGIES C,0.0267,533.8800048828125,14.254596130371095,0.007175971122921436
2026-09-08,2026-08-12,PG,PROCTER & GAMBLE CO,0.09605,145.5800018310547,13.982959175872802,0.0070392251272039606
2026-09-08,2026-08-12,NFLX,NETFLIX INC,0.17206,76.7699966430664,13.209045622406006,0.006649625782506801
2026-09-08,2026-08-12,HD,HOME DEPOT INC,0.0412,313.70001220703125,12.924440502929688,0.006506351423828461
2026-09-08,2026-08-12,PM,PHILIP MORRIS INTL,0.06441,184.72999572753906,11.89845902481079,0.005989857417804188
2026-09-08,2026-08-12,NVS,NOVARTIS AG ADR,0.08419,137.6999969482422,11.59296274307251,0.0058360661440379005
2026-09-08,2026-08-12,ARM,ARM HLDGS PLC ADR,0.04413,261.5299987792969,11.541318846130372,0.0058100678548024505
2026-09-08,2026-08-12,TM,TOYOTA MOTOR CORP ADR,0.05971,191.4499969482422,11.43147931777954,0.005754773037861162
2026-09-08,2026-08-12,PANW,PALO ALTO NETWORKS,0.03368,336.9800109863281,11.349486770019531,0.005713496796174666
2026-09-08,2026-08-12,RTX,RTX CORP,0.05569,198.80999755859375,11.071728764038086,0.005573669374067885
2026-09-08,2026-08-12,BABA,ALIBABA GROUP HLDG ADR,0.0963,112.66000366210938,10.849158352661133,0.005461624190167176
2026-09-08,2026-08-12,SHEL,SHELL PLC ADR,0.11348,95.31999969482422,10.816913565368653,0.005445391695022499
2026-09-08,2026-08-12,GEV,GE VERNOVA INC,0.01101,971.3099975585938,10.694123073120117,0.005383577174394487
2026-09-08,2026-08-12,SAP,SAP SE ADR,0.05044,211.49000549316406,10.667555877075195,0.005370202861303346
2026-09-08,2026-08-12,AZN,ASTRAZENECA PLC,0.06402,160.0399932861328,10.245760370178221,0.005157864865222085
2026-09-08,2026-08-12,KLAC,KLA CORP,0.05399,188.97999572753906,10.203029969329835,0.00513635375962818
2026-09-08,2026-08-12,ANET,ARISTA NETWORKS INC,0.05212,194.9600067138672,10.161315549926758,0.005115354113878264
2026-09-08,2026-08-12,TXN,TEXAS INSTRUMENTS INC,0.03774,258.9200134277344,9.771641306762696,0.004919186429384296
2026-09-08,2026-08-12,BHP,BHP GROUP LTD ADR,0.10493,91.98999786376953,9.652510475845336,0.0048592142355252796
2026-09-08,2026-08-12,TMO,THERMO FISHER SCIENTIFIC,0.01528,603.02001953125,9.2141458984375,0.00463853512823805
2026-09-08,2026-08-12,IBM,IBM CORP,0.03893,232.08999633789062,9.035263557434082,0.0045484831547060785
2026-09-08,2026-08-12,LIN,LINDE PLC,0.01905,468.3800048828125,8.922639093017578,0.004491786360423329
2026-09-08,2026-08-12,CRWD,CROWDSTRIKE HLDGS A,0.04208,210.02000427246094,8.837641779785157,0.004448997476073094
2026-09-08,2026-08-12,AMGN,AMGEN INC,0.02234,393.1700134277344,8.783418099975586,0.004421700486601538
2026-09-09,2026-08-12,NVDA,NVIDIA CORP,1.0,223.6699981689453,223.6699981689453,0.11299562302572258
2026-09-09,2026-08-12,AAPL,APPLE INC,0.60307,315.3399963378906,190.1720915914917,0.09607284905172808
2026-09-09,2026-08-12,GOOGL,ALPHABET INC A,0.5043,330.6499938964844,166.74679192199707,0.084238645303403
2026-09-09,2026-08-12,MSFT,MICROSOFT CORP,0.30684,491.6499938964844,150.85788412719728,0.07621174384067059
2026-09-09,2026-08-12,AMZN,AMAZON.COM INC,0.44572,252.39999389648438,112.49972527954101,0.05683362387557492
2026-09-09,2026-08-12,TSM,TAIWAN SEMICONDUCTOR ADR,0.18955,435.3599853515625,82.52248522338867,0.04168945190585887
2026-09-09,2026-08-12,SPCX,SPACE X TECH SPACEX A,0.5447,147.5500030517578,80.37048666229248,0.0406022859016912
2026-09-09,2026-08-12,AVGO,BROADCOM INC,0.19659,364.3800048828125,71.6334651599121,0.036188438733395945
2026-09-09,2026-08-12,META,META PLATFORMS INC A,0.10527,653.6900024414062,68.81394655700684,0.03476404894586954
2026-09-09,2026-08-12,MU,MICRON TECHNOLOGY INC,0.04667,1027.77001953125,47.96602681152344,0.02423190918767182
2026-09-09,2026-08-12,TSLA,TESLA INC,0.12948,367.80999755859375,47.62403848388672,0.024059140445930927
2026-09-09,2026-08-12,SKHY,SK HYNIX INC ADR,0.2309,198.6300048828125,45.86366812744141,0.023169820703404235
2026-09-09,2026-08-12,LLY,ELI LILLY AND CO,0.0389,1124.2099609375,43.73176748046875,0.02209280794440354
2026-09-09,2026-08-12,AMD,ADVANCED MICRO DEVIC,0.06746,521.0999755859375,35.15340435302735,0.017759113242112847
2026-09-09,2026-08-12,WMT,WALMART INC,0.32885,105.83000183105469,34.80219610214233,0.017581686696552853
2026-09-09,2026-08-12,ASML,ASML HLDG N V ADR,0.01619,1729.52001953125,28.000929116210937,0.014145761419443882
2026-09-09,2026-08-12,XOM,EXXON MOBIL CORP,0.16991,164.22999572753906,27.904318574066163,0.014096954836129763
2026-09-09,2026-08-12,JNJ,JOHNSON & JOHNSON,0.09958,267.0799865722656,26.59582506286621,0.01343591830582374
2026-09-09,2026-08-12,INTC,INTEL CORP,0.20843,106.23999786376953,22.143602754745483,0.011186704563821882
2026-09-09,2026-08-12,ORCL,ORACLE CORP,0.11903,161.6300048828125,19.238819481201173,0.009719240002477736
2026-09-09,2026-08-12,ABBV,ABBVIE INC,0.07302,250.91000366210938,18.321448467407226,0.009255794256074642
2026-09-09,2026-08-12,CSCO,CISCO SYS INC,0.16287,109.43000030517578,17.822864149703978,0.009003914942483466
2026-09-09,2026-08-12,CVX,CHEVRON CORP,0.08164,213.80999755859375,17.455448200683595,0.008818300446086919
2026-09-09,2026-08-12,PLTR,PALANTIR TECHNOLOGIES A,0.0993,169.52999877929688,16.83432887878418,0.008504517796085168
2026-09-09,2026-08-12,COST,COSTCO WHSL CORP,0.01833,902.5999755859375,16.544657552490232,0.008358179028010655
2026-09-09,2026-08-12,LRCX,LAM RESEARCH CORP,0.05171,315.8399963378906,16.332086210632323,0.008250790324083964
2026-09-09,2026-08-12,KO,COCA-COLA CO,0.17779,87.55000305175781,15.565515042572022,0.007863527001163457
2026-09-09,2026-08-12,CAT,CATERPILLAR INC,0.01899,815.5599975585938,15.487484353637695,0.007824106755339514
2026-09-09,2026-08-12,AMAT,APPLIED MATLS INC,0.03281,468.8500061035156,15.382968700256347,0.007771306596773564
2026-09-09,2026-08-12,MRK,MERCK & CO INC,0.10195,147.52999877929688,15.040683375549316,0.0075983878153792934
2026-09-09,2026-08-12,UNH,UNITEDHEALTH GROUP INC,0.03753,393.05999755859375,14.751541708374024,0.007452316625266035
2026-09-09,2026-08-12,DELL,DELL TECHNOLOGIES C,0.0267,535.25,14.291175,0.007219744427569087
2026-09-09,2026-08-12,GE,GE AEROSPACE,0.04287,325.4200134277344,13.950755975646972,0.007047768480587031
2026-09-09,2026-08-12,PG,PROCTER & GAMBLE CO,0.09605,142.63999938964844,13.700571941375731,0.006921378258138804
2026-09-09,2026-08-12,NFLX,NETFLIX INC,0.17206,76.02999877929688,13.08172158996582,0.006608741867072928
2026-09-09,2026-08-12,HD,HOME DEPOT INC,0.0412,310.45001220703125,12.790540502929687,0.006461640384476666
2026-09-09,2026-08-12,PM,PHILIP MORRIS INTL,0.06441,185.7100067138672,11.961581532440185,0.006042859429945286
2026-09-09,2026-08-12,ARM,ARM HLDGS PLC ADR,0.04413,264.2300109863281,11.660470384826661,0.005890741389961753
2026-09-09,2026-08-12,NVS,NOVARTIS AG ADR,0.08419,137.47999572753906,11.574440840301515,0.005847280210269269
2026-09-09,2026-08-12,TM,TOYOTA MOTOR CORP ADR,0.05971,190.97000122070312,11.402818772888184,0.005760578629408683
2026-09-09,2026-08-12,PANW,PALO ALTO NETWORKS,0.03368,335.1000061035156,11.286168205566407,0.005701648045786681
2026-09-09,2026-08-12,RTX,RTX CORP,0.05569,197.5500030517578,11.001559669952393,0.005557866943880233
2026-09-09,2026-08-12,SHEL,SHELL PLC ADR,0.11348,95.5999984741211,10.848687826843262,0.005480637770112551
2026-09-09,2026-08-12,SAP,SAP SE ADR,0.05044,209.13999938964844,10.549021569213867,0.005329249672657281
2026-09-09,2026-08-12,BABA,ALIBABA GROUP HLDG ADR,0.0963,109.4000015258789,10.53522014694214,0.0053222773459214575
2026-09-09,2026-08-12,GEV,GE VERNOVA INC,0.01101,951.0399780273438,10.470950158081056,0.00528980885442655
2026-09-09,2026-08-12,ANET,ARISTA NETWORKS INC,0.05212,192.92999267578125,10.055511218261719,0.005079933671262404
2026-09-09,2026-08-12,AZN,ASTRAZENECA PLC,0.06402,156.94000244140625,10.047298956298826,0.005075784926841856
2026-09-09,2026-08-12,KLAC,KLA CORP,0.05399,182.91000366210938,9.875311097717285,0.004988898552306268
2026-09-09,2026-08-12,TXN,TEXAS INSTRUMENTS INC,0.03774,261.5899963378906,9.872406461791993,0.00498743116218364
2026-09-09,2026-08-12,BHP,BHP GROUP LTD ADR,0.10493,92.25,9.6797925,0.00489012470716369
2026-09-09,2026-08-12,IBM,IBM CORP,0.03893,239.94000244140625,9.340864295043945,0.004718901905744109
2026-09-09,2026-08-12,TMO,THERMO FISHER SCIENTIFIC,0.01528,605.6900024414062,9.254943237304687,0.004675495532382657
2026-09-09,2026-08-12,LIN,LINDE PLC,0.01905,466.6499938964844,8.889682383728028,0.00449096976650132
2026-09-09,2026-08-12,CRWD,CROWDSTRIKE HLDGS A,0.04208,207.8000030517578,8.744224128417969,0.004417485855750894
2026-09-09,2026-08-12,AMGN,AMGEN INC,0.02234,391.2699890136719,8.74097155456543,0.00441584269121424
2026-09-10,2026-08-12,NVDA,NVIDIA CORP,1.0,218.36000061035156,218.36000061035156,0.11115978325250915
2026-09-10,2026-08-12,AAPL,APPLE INC,0.60307,326.57000732421875,196.9445743170166,0.1002579049855499
2026-09-10,2026-08-12,GOOGL,ALPHABET INC A,0.5043,332.6000061035156,167.7301830780029,0.08538583414425309
2026-09-10,2026-08-12,MSFT,MICROSOFT CORP,0.30684,492.44000244140625,151.10029034912108,0.07692011118176952
2026-09-10,2026-08-12,AMZN,AMAZON.COM INC,0.44572,251.88999938964844,112.27241052795411,0.05715413438651763
2026-09-10,2026-08-12,TSM,TAIWAN SEMICONDUCTOR ADR,0.18955,428.0299987792969,81.13308626861573,0.04130214443587481
2026-09-10,2026-08-12,SPCX,SPACE X TECH SPACEX A,0.5447,148.17999267578125,80.71364201049803,0.04108861937318683
2026-09-10,2026-08-12,AVGO,BROADCOM INC,0.19659,360.8299865722656,70.9355670602417,0.036110927996290225
2026-09-10,2026-08-12,META,META PLATFORMS INC A,0.10527,644.3800048828125,67.83388311401367,0.03453196429315425
2026-09-10,2026-08-12,TSLA,TESLA INC,0.12948,363.55999755859375,47.073748483886725,0.02396367312569021
2026-09-10,2026-08-12,MU,MICRON TECHNOLOGY INC,0.04667,977.4099731445312,45.615723446655274,0.023221441276164854
2026-09-10,2026-08-12,LLY,ELI LILLY AND CO,0.0389,1123.0,43.6847,0.022238421734189554
2026-09-10,2026-08-12,SKHY,SK HYNIX INC ADR,0.2309,188.3000030517578,43.478470704650874,0.02213343728782919
2026-09-10,2026-08-12,WMT,WALMART INC,0.32885,105.7300033569336,34.76931160392761,0.017699895268952125
2026-09-10,2026-08-12,AMD,ADVANCED MICRO DEVIC,0.06746,503.6000061035156,33.972856411743166,0.0172944465316097
2026-09-10,2026-08-12,XOM,EXXON MOBIL CORP,0.16991,165.22999572753906,28.07422857406616,0.014291652109139318
2026-09-10,2026-08-12,ASML,ASML HLDG N V ADR,0.01619,1687.4300537109375,27.319492569580078,0.013907441216864935
2026-09-10,2026-08-12,JNJ,JOHNSON & JOHNSON,0.09958,266.3500061035156,26.523133607788086,0.013502041467201286
2026-09-10,2026-08-12,INTC,INTEL CORP,0.20843,100.31999969482422,20.909697536392212,0.01064442864775618
2026-09-10,2026-08-12,ABBV,ABBVIE INC,0.07302,255.0,18.6201,0.00947887101279814
2026-09-10,2026-08-12,ORCL,ORACLE CORP,0.11903,152.94000244140625,18.204448490600587,0.009267276711807711
2026-09-10,2026-08-12,CSCO,CISCO SYS INC,0.16287,107.44000244140625,17.498753197631835,0.008908030807844275
2026-09-10,2026-08-12,CVX,CHEVRON CORP,0.08164,212.75999450683594,17.369725951538086,0.008842347346269997
2026-09-10,2026-08-12,COST,COSTCO WHSL CORP,0.01833,902.3800048828125,16.540625489501952,0.0084202799923733
2026-09-10,2026-08-12,PLTR,PALANTIR TECHNOLOGIES A,0.0993,165.86000061035156,16.46989806060791,0.008384275020565766
2026-09-10,2026-08-12,KO,COCA-COLA CO,0.17779,87.83000183105469,15.615296025543213,0.007949225667573405
2026-09-10,2026-08-12,LRCX,LAM RESEARCH CORP,0.05171,298.010009765625,15.410097604980468,0.007844766005136353
2026-09-10,2026-08-12,CAT,CATERPILLAR INC,0.01899,805.0,15.28695,0.007782075672477298
2026-09-10,2026-08-12,AMAT,APPLIED MATLS INC,0.03281,454.010009765625,14.896068420410156,0.007583090915456073
2026-09-10,2026-08-12,MRK,MERCK & CO INC,0.10195,144.7100067138672,14.75318518447876,0.007510353832234988
2026-09-10,2026-08-12,UNH,UNITEDHEALTH GROUP INC,0.03753,388.2799987792969,14.572148354187012,0.007418194028426132
2026-09-10,2026-08-12,GE,GE AEROSPACE,0.04287,324.1499938964844,13.896310238342284,0.00707414741612949
2026-09-10,2026-08-12,PG,PROCTER & GAMBLE CO,0.09605,142.97000122070312,13.732268617248534,0.0069906393056962494
2026-09-10,2026-08-12,DELL,DELL TECHNOLOGIES C,0.0267,506.6199951171875,13.526753869628907,0.006886018611719622
2026-09-10,2026-08-12,NFLX,NETFLIX INC,0.17206,76.01000213623047,13.078280967559813,0.006657716035930652
2026-09-10,2026-08-12,HD,HOME DEPOT INC,0.0412,305.69000244140625,12.594428100585938,0.006411402701672623
2026-09-10,2026-08-12,PM,PHILIP MORRIS INTL,0.06441,189.77000427246094,12.223085975189209,0.006222364828178177
2026-09-10,2026-08-12,NVS,NOVARTIS AG ADR,0.08419,137.47999572753906,11.574440840301515,0.005892161254261845
2026-09-10,2026-08-12,TM,TOYOTA MOTOR CORP ADR,0.05971,192.47999572753906,11.492980544891358,0.0058506925385805484
2026-09-10,2026-08-12,PANW,PALO ALTO NETWORKS,0.03368,338.489990234375,11.40034287109375,0.0058035337928781525
2026-09-10,2026-08-12,ARM,ARM HLDGS PLC ADR,0.04413,254.17999267578125,11.216963076782227,0.005710181264340046
2026-09-10,2026-08-12,RTX,RTX CORP,0.05569,198.1199951171875,11.033302528076172,0.005616685813116668
2026-09-10,2026-08-12,SHEL,SHELL PLC ADR,0.11348,95.95999908447266,10.889540696105957,0.0055435014659966616
2026-09-10,2026-08-12,BABA,ALIBABA GROUP HLDG ADR,0.0963,108.55999755859375,10.454327764892577,0.005321949098497378
2026-09-10,2026-08-12,SAP,SAP SE ADR,0.05044,205.9499969482422,10.388117846069335,0.005288243840185481
2026-09-10,2026-08-12,AZN,ASTRAZENECA PLC,0.06402,159.63999938964844,10.220152760925291,0.0052027384252449575
2026-09-10,2026-08-12,GEV,GE VERNOVA INC,0.01101,923.9099731445312,10.17224880432129,0.005178352120893638
2026-09-10,2026-08-12,ANET,ARISTA NETWORKS INC,0.05212,188.99000549316406,9.85015908630371,0.005014387003002909
2026-09-10,2026-08-12,TXN,TEXAS INSTRUMENTS INC,0.03774,258.82000732421875,9.767867076416016,0.004972494889259729
2026-09-10,2026-08-12,KLAC,KLA CORP,0.05399,177.17999267578125,9.56594780456543,0.0048697045319109605
2026-09-10,2026-08-12,TMO,THERMO FISHER SCIENTIFIC,0.01528,603.1799926757812,9.216590288085937,0.004691858288547035
2026-09-10,2026-08-12,BHP,BHP GROUP LTD ADR,0.10493,87.3499984741211,9.165635339889526,0.004665918826276823
2026-09-10,2026-08-12,IBM,IBM CORP,0.03893,234.02000427246094,9.110398766326904,0.004637799731535708
2026-09-10,2026-08-12,LIN,LINDE PLC,0.01905,461.6199951171875,8.793860906982422,0.0044766608794675885
2026-09-10,2026-08-12,CRWD,CROWDSTRIKE HLDGS A,0.04208,208.86000061035156,8.788828825683593,0.004474099214946049
2026-09-10,2026-08-12,AMGN,AMGEN INC,0.02234,382.4700012207031,8.544379827270507,0.004349658394264886
2026-09-11,2026-08-12,NVDA,NVIDIA CORP,1.0,218.2899932861328,218.2899932861328,0.10996060095525935
2026-09-11,2026-08-12,AAPL,APPLE INC,0.60307,332.2699890136719,200.3820622744751,0.10093972543887211
2026-09-11,2026-08-12,GOOGL,ALPHABET INC A,0.5043,338.5,170.70555,0.08599058794139657
2026-09-11,2026-08-12,MSFT,MICROSOFT CORP,0.30684,495.6300048828125,152.07911069824218,0.07660777369304383
2026-09-11,2026-08-12,AMZN,AMAZON.COM INC,0.44572,256.7799987792969,114.4519810559082,0.05765362135006817
2026-09-11,2026-08-12,SPCX,SPACE X TECH SPACEX A,0.5447,151.2100067138672,82.36409065704345,0.04148978507645273
2026-09-11,2026-08-12,TSM,TAIWAN SEMICONDUCTOR ADR,0.18955,433.239990234375,82.12064014892577,0.04136715020999601
2026-09-11,2026-08-12,AVGO,BROADCOM INC,0.19659,361.989990234375,71.16361218017578,0.03584769711006377
2026-09-11,2026-08-12,META,META PLATFORMS INC A,0.10527,648.030029296875,68.21812118408204,0.03436394627401777
2026-09-11,2026-08-12,TSLA,TESLA INC,0.12948,365.44000244140625,47.317171516113284,0.02383537851226562
2026-09-11,2026-08-12,MU,MICRON TECHNOLOGY INC,0.04667,975.260009765625,45.51538465576172,0.022927753004678354
2026-09-11,2026-08-12,SKHY,SK HYNIX INC ADR,0.2309,190.07000732421875,43.887164691162106,0.022107559448851722
2026-09-11,2026-08-12,LLY,ELI LILLY AND CO,0.0389,1115.699951171875,43.40072810058594,0.021862523664017232
2026-09-11,2026-08-12,WMT,WALMART INC,0.32885,107.1500015258789,35.23627800178527,0.01774979350255463
2026-09-11,2026-08-12,AMD,ADVANCED MICRO DEVIC,0.06746,516.1300048828125,34.81813012939453,0.017539157226268802
2026-09-11,2026-08-12,XOM,EXXON MOBIL CORP,0.16991,165.99000549316406,28.203361833343507,0.014207058094907592
2026-09-11,2026-08-12,ASML,ASML HLDG N V ADR,0.01619,1698.300048828125,27.495477790527342,0.013850471182319836
2026-09-11,2026-08-12,JNJ,JOHNSON & JOHNSON,0.09958,265.5799865722656,26.44645506286621,0.013322040319260795
2026-09-11,2026-08-12,INTC,INTEL CORP,0.20843,102.94000244140625,21.455784708862303,0.010808058331197174
2026-09-11,2026-08-12,ABBV,ABBVIE INC,0.07302,257.1199951171875,18.774902043457033,0.009457600325584015
2026-09-11,2026-08-12,CSCO,CISCO SYS INC,0.16287,112.12999725341797,18.262612652664185,0.009199541545946113
2026-09-11,2026-08-12,ORCL,ORACLE CORP,0.11903,150.27999877929688,17.887828254699706,0.009010749027294974
2026-09-11,2026-08-12,CVX,CHEVRON CORP,0.08164,214.05999755859375,17.475858200683593,0.008803224742588973
2026-09-11,2026-08-12,PLTR,PALANTIR TECHNOLOGIES A,0.0993,167.22999572753906,16.605938575744627,0.008365014619893718
2026-09-11,2026-08-12,COST,COSTCO WHSL CORP,0.01833,904.77001953125,16.584434458007813,0.008354182214460212
2026-09-11,2026-08-12,KO,COCA-COLA CO,0.17779,88.29000091552734,15.697079262771608,0.007907189161503153
2026-09-11,2026-08-12,CAT,CATERPILLAR INC,0.01899,818.5700073242188,15.544644439086914,0.007830402202254377
2026-09-11,2026-08-12,LRCX,LAM RESEARCH CORP,0.05171,298.2200012207031,15.420956263122559,0.007768095973941507
2026-09-11,2026-08-12,DELL,DELL TECHNOLOGIES C,0.0267,567.2899780273438,15.14664241333008,0.007629914120896171
2026-09-11,2026-08-12,AMAT,APPLIED MATLS INC,0.03281,456.489990234375,14.977436579589844,0.007544678994525429
2026-09-11,2026-08-12,MRK,MERCK & CO INC,0.10195,143.92999267578125,14.673662753295899,0.0073916570809190825
2026-09-11,2026-08-12,UNH,UNITEDHEALTH GROUP INC,0.03753,379.0899963378906,14.227247562561036,0.007166781529320077
2026-09-11,2026-08-12,PG,PROCTER & GAMBLE CO,0.09605,145.27000427246094,13.953183910369873,0.00702872570989719
2026-09-11,2026-08-12,GE,GE AEROSPACE,0.04287,323.6600036621094,13.875304356994627,0.006989494949190519
2026-09-11,2026-08-12,NFLX,NETFLIX INC,0.17206,77.4000015258789,13.317444262542724,0.006708480550356021
2026-09-11,2026-08-12,HD,HOME DEPOT INC,0.0412,308.739990234375,12.72008759765625,0.006407570293927337
2026-09-11,2026-08-12,PM,PHILIP MORRIS INTL,0.06441,191.05999755859375,12.306174442749022,0.006199067198701957
2026-09-11,2026-08-12,TM,TOYOTA MOTOR CORP ADR,0.05971,198.1999969482422,11.83452181777954,0.005961478634503378
2026-09-11,2026-08-12,ARM,ARM HLDGS PLC ADR,0.04413,264.7900085449219,11.685183077087403,0.005886251284750867
2026-09-11,2026-08-12,NVS,NOVARTIS AG ADR,0.08419,137.16000366210938,11.547500708312988,0.005816895673055313
2026-09-11,2026-08-12,PANW,PALO ALTO NETWORKS,0.03368,330.6499938964844,11.136291794433594,0.005609754802291402
2026-09-11,2026-08-12,RTX,RTX CORP,0.05569,197.67999267578125,11.00879879211426,0.0055455319446991716
2026-09-11,2026-08-12,SHEL,SHELL PLC ADR,0.11348,96.7699966430664,10.981459219055175,0.005531760008394714
2026-09-11,2026-08-12,GEV,GE VERNOVA INC,0.01101,957.27001953125,10.539542915039064,0.005309150709498256
2026-09-11,2026-08-12,BABA,ALIBABA GROUP HLDG ADR,0.0963,109.30000305175781,10.525590293884276,0.0053021222672687916
2026-09-11,2026-08-12,SAP,SAP SE ADR,0.05044,206.36000061035156,10.408798430786133,0.0052432899623169
2026-09-11,2026-08-12,ANET,ARISTA NETWORKS INC,0.05212,199.58999633789062,10.40263060913086,0.005240183006447834
2026-09-11,2026-08-12,AZN,ASTRAZENECA PLC,0.06402,160.1699981689453,10.254083282775877,0.005165354320852155
2026-09-11,2026-08-12,TXN,TEXAS INSTRUMENTS INC,0.03774,268.70001220703125,10.14073846069336,0.005108258415704439
2026-09-11,2026-08-12,KLAC,KLA CORP,0.05399,180.63999938964844,9.75275356704712,0.004912816327752288
2026-09-11,2026-08-12,IBM,IBM CORP,0.03893,243.2899932861328,9.47127943862915,0.004771027582202108
2026-09-11,2026-08-12,TMO,THERMO FISHER SCIENTIFIC,0.01528,609.8200073242188,9.318049711914062,0.004693840201414958
2026-09-11,2026-08-12,BHP,BHP GROUP LTD ADR,0.10493,87.1500015258789,9.144649660110474,0.0046064922950132085
2026-09-11,2026-08-12,LIN,LINDE PLC,0.01905,466.2200012207031,8.881491023254394,0.004473929728036852
2026-09-11,2026-08-12,CRWD,CROWDSTRIKE HLDGS A,0.04208,206.74000549316406,8.699619431152344,0.004382314398982272
2026-09-11,2026-08-12,AMGN,AMGEN INC,0.02234,377.3500061035156,8.429999136352539,0.0042464968601221235
2026-09-14,2026-08-12,NVDA,NVIDIA CORP,1.0,210.9600067138672,210.9600067138672,0.10726327978104963
2026-09-14,2026-08-12,AAPL,APPLE INC,0.60307,333.0799865722656,200.87054750213622,0.1021332624705399
2026-09-14,2026-08-12,GOOGL,ALPHABET INC A,0.5043,349.3900146484375,176.19738438720702,0.08958811498261011
2026-09-14,2026-08-12,MSFT,MICROSOFT CORP,0.30684,505.4100036621094,155.08000552368165,0.07885091719538681
2026-09-14,2026-08-12,AMZN,AMAZON.COM INC,0.44572,253.5399932861328,113.00784580749512,0.05745919509162714
2026-09-14,2026-08-12,SPCX,SPACE X TECH SPACEX A,0.5447,148.14999389648438,80.69730167541503,0.04103079717344751
2026-09-14,2026-08-12,TSM,TAIWAN SEMICONDUCTOR ADR,0.18955,418.010009765625,79.23379735107422,0.04028667379078444
2026-09-14,2026-08-12,META,META PLATFORMS INC A,0.10527,665.5999755859375,70.06770942993164,0.03562614752090835
2026-09-14,2026-08-12,AVGO,BROADCOM INC,0.19659,344.7200012207031,67.76850503997802,0.03445710980804975
2026-09-14,2026-08-12,TSLA,TESLA INC,0.12948,358.9700012207031,46.479435758056646,0.023632615486895672
2026-09-14,2026-08-12,LLY,ELI LILLY AND CO,0.0389,1138.280029296875,44.27909313964843,0.022513844353120517
2026-09-14,2026-08-12,MU,MICRON TECHNOLOGY INC,0.04667,924.030029296875,43.12448146728516,0.02192677841213794
2026-09-14,2026-08-12,SKHY,SK HYNIX INC ADR,0.2309,175.6300048828125,40.5529681274414,0.020619284356136705
2026-09-14,2026-08-12,WMT,WALMART INC,0.32885,109.08000183105469,35.87095860214233,0.018238701868144767
2026-09-14,2026-08-12,AMD,ADVANCED MICRO DEVIC,0.06746,493.4100036621094,33.2854388470459,0.0169240862061985
2026-09-14,2026-08-12,XOM,EXXON MOBIL CORP,0.16991,165.0800018310547,28.048743111114504,0.014261471767560848
2026-09-14,2026-08-12,JNJ,JOHNSON & JOHNSON,0.09958,266.32000732421875,26.520146329345703,0.013484251919925618
2026-09-14,2026-08-12,ASML,ASML HLDG N V ADR,0.01619,1575.1500244140625,25.50167889526367,0.012966408945650399
2026-09-14,2026-08-12,INTC,INTEL CORP,0.20843,97.19000244140625,20.257312208862306,0.010299894188088493
2026-09-14,2026-08-12,ABBV,ABBVIE INC,0.07302,261.7699890136719,19.11444459777832,0.009718799552048442
2026-09-14,2026-08-12,CSCO,CISCO SYS INC,0.16287,110.05999755859375,17.92547180236816,0.00911426258984065
2026-09-14,2026-08-12,CVX,CHEVRON CORP,0.08164,212.1699981689453,17.321558650512696,0.008807201045901715
2026-09-14,2026-08-12,ORCL,ORACLE CORP,0.11903,144.7899932861328,17.23435290084839,0.008762861007851537
2026-09-14,2026-08-12,PLTR,PALANTIR TECHNOLOGIES A,0.0993,173.30999755859375,17.20968275756836,0.008750317395808171
2026-09-14,2026-08-12,COST,COSTCO WHSL CORP,0.01833,918.9099731445312,16.843619807739255,0.008564191536141073
2026-09-14,2026-08-12,KO,COCA-COLA CO,0.17779,89.3499984741211,15.88553622871399,0.008077050923133777
2026-09-14,2026-08-12,CAT,CATERPILLAR INC,0.01899,784.0,14.88816,0.007569931838649578
2026-09-14,2026-08-12,MRK,MERCK & CO INC,0.10195,144.85000610351562,14.767458122253418,0.007508560588788034
2026-09-14,2026-08-12,UNH,UNITEDHEALTH GROUP INC,0.03753,383.54998779296875,14.394631041870117,0.007318995485638665
2026-09-14,2026-08-12,DELL,DELL TECHNOLOGIES C,0.0267,534.280029296875,14.265276782226563,0.007253224904953027
2026-09-14,2026-08-12,LRCX,LAM RESEARCH CORP,0.05171,273.489990234375,14.14216739501953,0.00719062954932445
2026-09-14,2026-08-12,PG,PROCTER & GAMBLE CO,0.09605,146.1300048828125,14.03578696899414,0.007136540086692486
2026-09-14,2026-08-12,AMAT,APPLIED MATLS INC,0.03281,424.2099914550781,13.918329819641112,0.00707681862920113
2026-09-14,2026-08-12,NFLX,NETFLIX INC,0.17206,80.31999969482422,13.819859147491455,0.007026750905837134
2026-09-14,2026-08-12,GE,GE AEROSPACE,0.04287,317.55999755859375,13.613797095336913,0.006921978006476693
2026-09-14,2026-08-12,HD,HOME DEPOT INC,0.0412,310.8699951171875,12.807843798828126,0.006512188514712335
2026-09-14,2026-08-12,PANW,PALO ALTO NETWORKS,0.03368,373.94000244140625,12.594299282226563,0.006403611132739599
2026-09-14,2026-08-12,PM,PHILIP MORRIS INTL,0.06441,194.86000061035156,12.550932639312743,0.006381561226577341
2026-09-14,2026-08-12,TM,TOYOTA MOTOR CORP ADR,0.05971,197.55999755859375,11.796307454223633,0.005997869674709758
2026-09-14,2026-08-12,NVS,NOVARTIS AG ADR,0.08419,138.99000549316406,11.701568562469483,0.0059496993868401946
2026-09-14,2026-08-12,SAP,SAP SE ADR,0.05044,218.27999877929688,11.010043138427735,0.0055980911071945375
2026-09-14,2026-08-12,SHEL,SHELL PLC ADR,0.11348,96.44999694824219,10.945145653686524,0.005565093776698979
2026-09-14,2026-08-12,RTX,RTX CORP,0.05569,195.33999633789062,10.878484396057129,0.0055311996503238465
2026-09-14,2026-08-12,ARM,ARM HLDGS PLC ADR,0.04413,239.00999450683594,10.54751105758667,0.005362915214058273
2026-09-14,2026-08-12,BABA,ALIBABA GROUP HLDG ADR,0.0963,109.2300033569336,10.518849323272704,0.005348342064983155
2026-09-14,2026-08-12,AZN,ASTRAZENECA PLC,0.06402,163.77999877929688,10.485195521850585,0.005331230683665592
2026-09-14,2026-08-12,TXN,TEXAS INSTRUMENTS INC,0.03774,263.4200134277344,9.941471306762695,0.005054772394176591
2026-09-14,2026-08-12,CRWD,CROWDSTRIKE HLDGS A,0.04208,235.3800048828125,9.90479060546875,0.00503612197608671
2026-09-14,2026-08-12,ANET,ARISTA NETWORKS INC,0.05212,187.80999755859375,9.788657072753907,0.004977073515643449
2026-09-14,2026-08-12,IBM,IBM CORP,0.03893,249.08999633789062,9.697073557434083,0.004930507588859012
2026-09-14,2026-08-12,GEV,GE VERNOVA INC,0.01101,874.760009765625,9.631107707519531,0.00489696704472651
2026-09-14,2026-08-12,TMO,THERMO FISHER SCIENTIFIC,0.01528,613.6199951171875,9.376113525390625,0.004767314449780727
2026-09-14,2026-08-12,KLAC,KLA CORP,0.05399,169.08999633789062,9.129168902282716,0.004641754678469304
2026-09-14,2026-08-12,BHP,BHP GROUP LTD ADR,0.10493,84.73999786376953,8.891767975845337,0.004521047429785569
2026-09-14,2026-08-12,LIN,LINDE PLC,0.01905,464.4100036621094,8.847010569763183,0.004498290385710502
2026-09-14,2026-08-12,AMGN,AMGEN INC,0.02234,381.5,8.52271,0.004333398739708409
2026-09-15,2026-08-12,NVDA,NVIDIA CORP,1.0,212.1699981689453,212.1699981689453,0.10847642079230745
2026-09-15,2026-08-12,AAPL,APPLE INC,0.60307,331.3399963378906,199.8212115914917,0.10216284120701846
2026-09-15,2026-08-12,GOOGL,ALPHABET INC A,0.5043,344.9800109863281,173.97341954040527,0.08894760818027798
2026-09-15,2026-08-12,MSFT,MICROSOFT CORP,0.30684,497.1199951171875,152.53629930175782,0.07798742485722805
2026-09-15,2026-08-12,AMZN,AMAZON.COM INC,0.44572,248.4199981689453,110.72576158386231,0.056610898853642885
2026-09-15,2026-08-12,TSM,TAIWAN SEMICONDUCTOR ADR,0.18955,413.75,78.4263125,0.04009711905245331
2026-09-15,2026-08-12,SPCX,SPACE X TECH SPACEX A,0.5447,143.49000549316406,78.15900599212645,0.039960452919263624
2026-09-15,2026-08-12,META,META PLATFORMS INC A,0.10527,670.239990234375,70.55616377197266,0.03607333825174021
2026-09-15,2026-08-12,AVGO,BROADCOM INC,0.19659,339.2699890136719,66.69708714019775,0.03410030330716317
2026-09-15,2026-08-12,TSLA,TESLA INC,0.12948,356.5799865722656,46.16997666137696,0.023605381814173945
2026-09-15,2026-08-12,LLY,ELI LILLY AND CO,0.0389,1136.1099853515625,44.19467843017578,0.022595468612650233
2026-09-15,2026-08-12,MU,MICRON TECHNOLOGY INC,0.04667,927.5999755859375,43.29109086059571,0.02213349026384327
2026-09-15,2026-08-12,SKHY,SK HYNIX INC ADR,0.2309,174.8300018310547,40.368247422790525,0.0206391244373567
2026-09-15,2026-08-12,WMT,WALMART INC,0.32885,108.08999633789062,35.54539529571533,0.018173338787780078
2026-09-15,2026-08-12,AMD,ADVANCED MICRO DEVIC,0.06746,504.20001220703125,34.01333282348633,0.017390039288077575
2026-09-15,2026-08-12,XOM,EXXON MOBIL CORP,0.16991,169.32000732421875,28.769162444458008,0.014708845727953886
2026-09-15,2026-08-12,JNJ,JOHNSON & JOHNSON,0.09958,267.20001220703125,26.60777721557617,0.01360379159397699
2026-09-15,2026-08-12,ASML,ASML HLDG N V ADR,0.01619,1591.47998046875,25.766060883789063,0.013173446230435103
2026-09-15,2026-08-12,INTC,INTEL CORP,0.20843,97.13999938964844,20.246890072784424,0.010351652854905963
2026-09-15,2026-08-12,ABBV,ABBVIE INC,0.07302,263.0400085449219,19.207181423950196,0.009820079711362189
2026-09-15,2026-08-12,CSCO,CISCO SYS INC,0.16287,110.06999969482422,17.927100850296018,0.009165611312652963
2026-09-15,2026-08-12,CVX,CHEVRON CORP,0.08164,217.77000427246094,17.778743148803713,0.009089760284733153
2026-09-15,2026-08-12,PLTR,PALANTIR TECHNOLOGIES A,0.0993,172.55999755859375,17.13520775756836,0.008760739138968698
2026-09-15,2026-08-12,ORCL,ORACLE CORP,0.11903,140.35000610351562,16.705861226501465,0.008541226600100482
2026-09-15,2026-08-12,COST,COSTCO WHSL CORP,0.01833,901.3499755859375,16.521745052490232,0.008447093293134015
2026-09-15,2026-08-12,KO,COCA-COLA CO,0.17779,88.70999908447266,15.771750737228395,0.008063642759899814
2026-09-15,2026-08-12,CAT,CATERPILLAR INC,0.01899,783.5399780273438,14.879424182739259,0.007607421844387353
2026-09-15,2026-08-12,MRK,MERCK & CO INC,0.10195,143.7899932861328,14.65938981552124,0.007494924597778033
2026-09-15,2026-08-12,DELL,DELL TECHNOLOGIES C,0.0267,543.510009765625,14.511717260742188,0.007419423865676729
2026-09-15,2026-08-12,UNH,UNITEDHEALTH GROUP INC,0.03753,375.92999267578125,14.10865262512207,0.007213348504422258
2026-09-15,2026-08-12,PG,PROCTER & GAMBLE CO,0.09605,146.6699981689453,14.087653324127198,0.007202612165492518
2026-09-15,2026-08-12,LRCX,LAM RESEARCH CORP,0.05171,270.8699951171875,14.006687447509766,0.007161216640311917
2026-09-15,2026-08-12,AMAT,APPLIED MATLS INC,0.03281,421.1700134277344,13.818588140563964,0.007065046871979512
2026-09-15,2026-08-12,NFLX,NETFLIX INC,0.17206,77.9000015258789,13.403474262542725,0.006852811079466085
2026-09-15,2026-08-12,GE,GE AEROSPACE,0.04287,307.04998779296875,13.16323297668457,0.006729982616246309
2026-09-15,2026-08-12,PANW,PALO ALTO NETWORKS,0.03368,375.0899963378906,12.633031076660156,0.006458905626529167
2026-09-15,2026-08-12,HD,HOME DEPOT INC,0.0412,305.4800109863281,12.585776452636718,0.006434745695699234
2026-09-15,2026-08-12,PM,PHILIP MORRIS INTL,0.06441,194.11000061035156,12.502625139312743,0.006392232819555538
2026-09-15,2026-08-12,TM,TOYOTA MOTOR CORP ADR,0.05971,195.47000122070312,11.671513772888183,0.005967309469941558
2026-09-15,2026-08-12,NVS,NOVARTIS AG ADR,0.08419,138.6199951171875,11.670417388916016,0.005966748920334446
2026-09-15,2026-08-12,SHEL,SHELL PLC ADR,0.11348,98.94999694824219,11.228845653686523,0.00574098598601702
2026-09-15,2026-08-12,RTX,RTX CORP,0.05569,195.5,10.887395000000001,0.005566412082502094
2026-09-15,2026-08-12,SAP,SAP SE ADR,0.05044,215.6699981689453,10.8783947076416,0.005561810491751519
2026-09-15,2026-08-12,ARM,ARM HLDGS PLC ADR,0.04413,241.8300018310547,10.671957980804445,0.00545626532777625
2026-09-15,2026-08-12,BABA,ALIBABA GROUP HLDG ADR,0.0963,109.33999633789062,10.529441647338867,0.005383400823406133
2026-09-15,2026-08-12,AZN,ASTRAZENECA PLC,0.06402,161.85000610351562,10.361637390747068,0.005297607330895953
2026-09-15,2026-08-12,CRWD,CROWDSTRIKE HLDGS A,0.04208,242.49000549316406,10.203979431152344,0.005217001348363796
2026-09-15,2026-08-12,ANET,ARISTA NETWORKS INC,0.05212,192.83999633789062,10.05082060913086,0.005138695645535692
2026-09-15,2026-08-12,TXN,TEXAS INSTRUMENTS INC,0.03774,263.42999267578125,9.941847923583985,0.005082981044063914
2026-09-15,2026-08-12,TMO,THERMO FISHER SCIENTIFIC,0.01528,641.3900146484375,9.800439423828125,0.005010682943222574
2026-09-15,2026-08-12,GEV,GE VERNOVA INC,0.01101,882.8099975585938,9.719738073120118,0.0049694226625351095
2026-09-15,2026-08-12,IBM,IBM CORP,0.03893,248.3699951171875,9.669043909912109,0.004943504194196871
2026-09-15,2026-08-12,KLAC,KLA CORP,0.05399,168.02000427246094,9.071400030670167,0.004637946059266912
2026-09-15,2026-08-12,BHP,BHP GROUP LTD ADR,0.10493,84.7699966430664,8.894915747756958,0.004547714718824152
2026-09-15,2026-08-12,LIN,LINDE PLC,0.01905,462.9599914550781,8.819387837219239,0.00450909946937437
2026-09-15,2026-08-12,AMGN,AMGEN INC,0.02234,375.6499938964844,8.39202086364746,0.004290599021346876
2026-09-16,2026-08-12,NVDA,NVIDIA CORP,1.0,213.89999389648438,213.89999389648438,0.10920903508163908
2026-09-16,2026-08-12,AAPL,APPLE INC,0.60307,332.4100036621094,200.4665009085083,0.10235041493739164
2026-09-16,2026-08-12,GOOGL,ALPHABET INC A,0.5043,342.8699951171875,172.90933853759765,0.08828079736848404
2026-09-16,2026-08-12,MSFT,MICROSOFT CORP,0.30684,490.29998779296875,150.44364825439453,0.07681068783936033
2026-09-16,2026-08-12,AMZN,AMAZON.COM INC,0.44572,245.9600067138672,109.62929419250489,0.05597246272591584
2026-09-16,2026-08-12,SPCX,SPACE X TECH SPACEX A,0.5447,150.8800048828125,82.18433865966796,0.04196013361360129
2026-09-16,2026-08-12,TSM,TAIWAN SEMICONDUCTOR ADR,0.18955,417.7200012207031,79.17882623138428,0.04042563561647849
2026-09-16,2026-08-12,META,META PLATFORMS INC A,0.10527,673.3099975585938,70.87934344299316,0.0361882418209672
2026-09-16,2026-08-12,AVGO,BROADCOM INC,0.19659,339.510009765625,66.74427281982422,0.03407703524950159
2026-09-16,2026-08-12,TSLA,TESLA INC,0.12948,358.0799865722656,46.36419666137696,0.02367175934644826
2026-09-16,2026-08-12,LLY,ELI LILLY AND CO,0.0389,1137.8199462890625,44.26119591064453,0.022598048783957096
2026-09-16,2026-08-12,MU,MICRON TECHNOLOGY INC,0.04667,926.5499877929688,43.242087930297856,0.022077731802407675
2026-09-16,2026-08-12,SKHY,SK HYNIX INC ADR,0.2309,174.8699951171875,40.37748187255859,0.020615175129282563
2026-09-16,2026-08-12,WMT,WALMART INC,0.32885,107.5,35.351375,0.018049040031424855
2026-09-16,2026-08-12,AMD,ADVANCED MICRO DEVIC,0.06746,512.5,34.57325,0.01765175960670439
2026-09-16,2026-08-12,XOM,EXXON MOBIL CORP,0.16991,163.32000732421875,27.74970244445801,0.014167921057671753
2026-09-16,2026-08-12,JNJ,JOHNSON & JOHNSON,0.09958,267.2799987792969,26.615742278442383,0.013588965007717339
2026-09-16,2026-08-12,ASML,ASML HLDG N V ADR,0.01619,1602.219970703125,25.93994132568359,0.01324392727015781
2026-09-16,2026-08-12,INTC,INTEL CORP,0.20843,101.05000305175781,21.06185213607788,0.010753364256412113
2026-09-16,2026-08-12,ABBV,ABBVIE INC,0.07302,262.510009765625,19.168480913085936,0.009786682394726975
2026-09-16,2026-08-12,CSCO,CISCO SYS INC,0.16287,107.73999786376953,17.54761345207214,0.008959130377599722
2026-09-16,2026-08-12,PLTR,PALANTIR TECHNOLOGIES A,0.0993,174.33999633789062,17.31196163635254,0.008838815706518299
2026-09-16,2026-08-12,CVX,CHEVRON CORP,0.08164,211.5399932861328,17.270125051879884,0.00881745557023152
2026-09-16,2026-08-12,ORCL,ORACLE CORP,0.11903,143.16000366210938,17.04033523590088,0.008700133808704031
2026-09-16,2026-08-12,COST,COSTCO WHSL CORP,0.01833,893.739990234375,16.382254020996093,0.008364143081561306
2026-09-16,2026-08-12,KO,COCA-COLA CO,0.17779,87.87000274658203,15.62240778831482,0.007976195086005498
2026-09-16,2026-08-12,DELL,DELL TECHNOLOGIES C,0.0267,563.2899780273438,15.03984241333008,0.007678759815835056
2026-09-16,2026-08-12,CAT,CATERPILLAR INC,0.01899,782.719970703125,14.863852243652344,0.0075889060656584165
2026-09-16,2026-08-12,MRK,MERCK & CO INC,0.10195,144.91000366210938,14.77357487335205,0.007542813944192653
2026-09-16,2026-08-12,PG,PROCTER & GAMBLE CO,0.09605,147.02000427246094,14.121271410369873,0.00720977311293779
2026-09-16,2026-08-12,UNH,UNITEDHEALTH GROUP INC,0.03753,375.260009765625,14.083508166503906,0.007190492666271902
2026-09-16,2026-08-12,LRCX,LAM RESEARCH CORP,0.05171,269.2300109863281,13.921883868103027,0.007107973572406715
2026-09-16,2026-08-12,AMAT,APPLIED MATLS INC,0.03281,415.3800048828125,13.628617960205078,0.006958243381954371
2026-09-16,2026-08-12,GE,GE AEROSPACE,0.04287,312.8999938964844,13.414022738342284,0.006848679390456048
2026-09-16,2026-08-12,NFLX,NETFLIX INC,0.17206,76.41000366210938,13.147105230102538,0.006712401670245522
2026-09-16,2026-08-12,PANW,PALO ALTO NETWORKS,0.03368,375.6499938964844,12.651891794433594,0.006459564910020829
2026-09-16,2026-08-12,HD,HOME DEPOT INC,0.0412,302.4700012207031,12.461764050292969,0.006362493063025383
2026-09-16,2026-08-12,PM,PHILIP MORRIS INTL,0.06441,191.7100067138672,12.348041532440185,0.006304430759163105
2026-09-16,2026-08-12,NVS,NOVARTIS AG ADR,0.08419,138.6999969482422,11.67715274307251,0.005961900981582139
2026-09-16,2026-08-12,TM,TOYOTA MOTOR CORP ADR,0.05971,192.2100067138672,11.47685950088501,0.005859639025823245
2026-09-16,2026-08-12,RTX,RTX CORP,0.05569,196.8300018310547,10.961462801971436,0.0055964974747306695
2026-09-16,2026-08-12,SHEL,SHELL PLC ADR,0.11348,95.69999694824219,10.860035653686523,0.00554471270936673
2026-09-16,2026-08-12,ARM,ARM HLDGS PLC ADR,0.04413,243.97999572753906,10.7668372114563,0.005497129201945031
2026-09-16,2026-08-12,SAP,SAP SE ADR,0.05044,213.1999969482422,10.753807846069336,0.00549047691366902
2026-09-16,2026-08-12,AZN,ASTRAZENECA PLC,0.06402,162.88999938964844,10.428217760925293,0.005324243252867994
2026-09-16,2026-08-12,BABA,ALIBABA GROUP HLDG ADR,0.0963,107.2699966430664,10.330100676727294,0.005274148477757935
2026-09-16,2026-08-12,ANET,ARISTA NETWORKS INC,0.05212,197.5399932861328,10.295784450073242,0.005256627944296184
2026-09-16,2026-08-12,GEV,GE VERNOVA INC,0.01101,925.0900268554688,10.185241195678712,0.005200188848963375
2026-09-16,2026-08-12,CRWD,CROWDSTRIKE HLDGS A,0.04208,241.36000061035156,10.156428825683594,0.005185478371098169
2026-09-16,2026-08-12,TMO,THERMO FISHER SCIENTIFIC,0.01528,648.4299926757812,9.908010288085938,0.005058645507322768
2026-09-16,2026-08-12,TXN,TEXAS INSTRUMENTS INC,0.03774,260.6700134277344,9.837686306762697,0.005022740811845651
2026-09-16,2026-08-12,IBM,IBM CORP,0.03893,237.49000549316406,9.245485913848876,0.004720386275471123
2026-09-16,2026-08-12,KLAC,KLA CORP,0.05399,167.36000061035156,9.035766432952881,0.004613311648075118
2026-09-16,2026-08-12,BHP,BHP GROUP LTD ADR,0.10493,84.13999938964844,8.82881013595581,0.004507647795134304
2026-09-16,2026-08-12,LIN,LINDE PLC,0.01905,462.0899963378906,8.802814430236817,0.004494375396729227
2026-09-16,2026-08-12,AMGN,AMGEN INC,0.02234,376.3500061035156,8.407659136352539,0.004292624440282787
2026-09-17,2026-08-12,NVDA,NVIDIA CORP,1.0,219.33999633789062,219.33999633789062,0.10990827009452277
2026-09-17,2026-08-12,AAPL,APPLE INC,0.60307,337.0,203.23459,0.101838071410649
2026-09-17,2026-08-12,GOOGL,ALPHABET INC A,0.5043,347.3299865722656,175.15851222839353,0.087769533111948
2026-09-17,2026-08-12,MSFT,MICROSOFT CORP,0.30684,497.75,152.72961,0.07653071718598971
2026-09-17,2026-08-12,AMZN,AMAZON.COM INC,0.44572,251.19000244140625,111.9604078881836,0.0561018280091112
2026-09-17,2026-08-12,SPCX,SPACE X TECH SPACEX A,0.5447,154.80999755859375,84.32500567016601,0.042254106198859887
2026-09-17,2026-08-12,TSM,TAIWAN SEMICONDUCTOR ADR,0.18955,430.260009765625,81.55578485107422,0.04086648754828212
2026-09-17,2026-08-12,META,META PLATFORMS INC A,0.10527,682.3099975585938,71.82677344299317,0.03599141309106902
2026-09-17,2026-08-12,AVGO,BROADCOM INC,0.19659,347.29998779296875,68.27570460021973,0.034212021096849475
2026-09-17,2026-08-12,TSLA,TESLA INC,0.12948,366.20001220703125,47.41557758056641,0.02375929695642307
2026-09-17,2026-08-12,MU,MICRON TECHNOLOGY INC,0.04667,977.5,45.619925,0.02285952002510228
2026-09-17,2026-08-12,LLY,ELI LILLY AND CO,0.0389,1152.43994140625,44.829913720703125,0.022463656185800842
2026-09-17,2026-08-12,SKHY,SK HYNIX INC ADR,0.2309,182.99000549316406,42.25239226837158,0.021172095464148985
2026-09-17,2026-08-12,AMD,ADVANCED MICRO DEVIC,0.06746,545.0900268554688,36.771773211669924,0.018425832267165897
2026-09-17,2026-08-12,WMT,WALMART INC,0.32885,106.79000091552734,35.11789180107117,0.017597094928717253
2026-09-17,2026-08-12,XOM,EXXON MOBIL CORP,0.16991,163.27000427246094,27.74120642593384,0.013900738850713381
2026-09-17,2026-08-12,JNJ,JOHNSON & JOHNSON,0.09958,270.2200012207031,26.90850772155762,0.01348348492696044
2026-09-17,2026-08-12,ASML,ASML HLDG N V ADR,0.01619,1629.6700439453125,26.38435801147461,0.013220840681188574
2026-09-17,2026-08-12,INTC,INTEL CORP,0.20843,108.80000305175781,22.677184636077882,0.011363226842248515
2026-09-17,2026-08-12,ABBV,ABBVIE INC,0.07302,264.0199890136719,19.27873959777832,0.009660312547513959
2026-09-17,2026-08-12,CSCO,CISCO SYS INC,0.16287,110.23999786376953,17.95478845207214,0.008996898749101806
2026-09-17,2026-08-12,ORCL,ORACLE CORP,0.11903,150.58999633789062,17.924727264099122,0.008981835499251054
2026-09-17,2026-08-12,PLTR,PALANTIR TECHNOLOGIES A,0.0993,176.24000549316406,17.50063254547119,0.008769327440261144
2026-09-17,2026-08-12,CVX,CHEVRON CORP,0.08164,211.57000732421875,17.27257539794922,0.008655051125018489
2026-09-17,2026-08-12,COST,COSTCO WHSL CORP,0.01833,893.9299926757812,16.38573676574707,0.008210668424436247
2026-09-17,2026-08-12,DELL,DELL TECHNOLOGIES C,0.0267,588.4000244140625,15.71028065185547,0.00787220661062172
2026-09-17,2026-08-12,KO,COCA-COLA CO,0.17779,88.05999755859375,15.656186965942384,0.00784510100498204
2026-09-17,2026-08-12,CAT,CATERPILLAR INC,0.01899,798.5700073242188,15.164844439086915,0.00759889598969898
2026-09-17,2026-08-12,MRK,MERCK & CO INC,0.10195,147.14999389648438,15.001941877746582,0.007517267745831859
2026-09-17,2026-08-12,PG,PROCTER & GAMBLE CO,0.09605,147.5500030517578,14.172177793121337,0.007101484319870474
2026-09-17,2026-08-12,UNH,UNITEDHEALTH GROUP INC,0.03753,375.2099914550781,14.081630979309082,0.007056112550768477
2026-09-17,2026-08-12,LRCX,LAM RESEARCH CORP,0.05171,269.30999755859375,13.926019973754883,0.006978138005707464
2026-09-17,2026-08-12,AMAT,APPLIED MATLS INC,0.03281,417.3999938964844,13.694893799743651,0.006862323843296302
2026-09-17,2026-08-12,GE,GE AEROSPACE,0.04287,313.4700012207031,13.438458952331542,0.006733827851039604
2026-09-17,2026-08-12,NFLX,NETFLIX INC,0.17206,75.30999755859375,12.95783817993164,0.0064929953601673435
2026-09-17,2026-08-12,PANW,PALO ALTO NETWORKS,0.03368,375.05999755859375,12.632020717773438,0.006329732689289796
2026-09-17,2026-08-12,HD,HOME DEPOT INC,0.0412,302.510009765625,12.46341240234375,0.006245245370142214
2026-09-17,2026-08-12,PM,PHILIP MORRIS INTL,0.06441,190.47999572753906,12.26881652481079,0.006147736039312165
2026-09-17,2026-08-12,NVS,NOVARTIS AG ADR,0.08419,140.9199981689453,11.864054645843506,0.005944915401670813
2026-09-17,2026-08-12,ARM,ARM HLDGS PLC ADR,0.04413,264.8999938964844,11.690036730651856,0.0058577174061228135
2026-09-17,2026-08-12,TM,TOYOTA MOTOR CORP ADR,0.05971,193.91000366210938,11.57836631866455,0.005801760891090506
2026-09-17,2026-08-12,SHEL,SHELL PLC ADR,0.11348,95.81999969482422,10.873653565368652,0.005448638975701287
2026-09-17,2026-08-12,RTX,RTX CORP,0.05569,193.5399932861328,10.778242226104737,0.005400829659475421
2026-09-17,2026-08-12,SAP,SAP SE ADR,0.05044,213.66000366210938,10.777010584716797,0.005400212500833196
2026-09-17,2026-08-12,AZN,ASTRAZENECA PLC,0.06402,166.13999938964844,10.636282760925292,0.005329695714449812
2026-09-17,2026-08-12,BABA,ALIBABA GROUP HLDG ADR,0.0963,108.54000091552734,10.452402088165282,0.005237555626074246
2026-09-17,2026-08-12,ANET,ARISTA NETWORKS INC,0.05212,199.52999877929688,10.399503536376953,0.005211048885786877
2026-09-17,2026-08-12,CRWD,CROWDSTRIKE HLDGS A,0.04208,245.6999969482422,10.339055871582032,0.0051807593882953725
2026-09-17,2026-08-12,GEV,GE VERNOVA INC,0.01101,924.9299926757812,10.183479219360352,0.005102802057219097
2026-09-17,2026-08-12,TMO,THERMO FISHER SCIENTIFIC,0.01528,658.3200073242188,10.059129711914062,0.005040492220988983
2026-09-17,2026-08-12,TXN,TEXAS INSTRUMENTS INC,0.03774,258.1400146484375,9.742204152832032,0.004881685161040893
2026-09-17,2026-08-12,IBM,IBM CORP,0.03893,237.75,9.2556075,0.004637858238274983
2026-09-17,2026-08-12,KLAC,KLA CORP,0.05399,168.97999572753906,9.123229969329834,0.004571525669485616
2026-09-17,2026-08-12,BHP,BHP GROUP LTD ADR,0.10493,86.55999755859375,9.082740543823242,0.004551236972536359
2026-09-17,2026-08-12,LIN,LINDE PLC,0.01905,458.4800109863281,8.734044209289552,0.004376510011850811
2026-09-17,2026-08-12,AMGN,AMGEN INC,0.02234,379.7799987792969,8.484285172729491,0.004251359177041351
2026-09-18,2026-08-12,NVDA,NVIDIA CORP,1.0,222.27000427246094,222.27000427246094,0.11091682535310625
2026-09-18,2026-08-12,AAPL,APPLE INC,0.60307,336.1300048828125,202.70992204467774,0.10115598411205431
2026-09-18,2026-08-12,GOOGL,ALPHABET INC A,0.5043,349.5400085449219,176.27302630920408,0.08796348629046175
2026-09-18,2026-08-12,MSFT,MICROSOFT CORP,0.30684,493.7799987792969,151.51145482543944,0.07560700612246517
2026-09-18,2026-08-12,AMZN,AMAZON.COM INC,0.44572,253.7100067138672,113.08362419250489,0.056430810967552654
2026-09-18,2026-08-12,SPCX,SPACE X TECH SPACEX A,0.5447,152.7100067138672,83.18114065704346,0.04150892101311113
2026-09-18,2026-08-12,TSM,TAIWAN SEMICONDUCTOR ADR,0.18955,434.6700134277344,82.39170104522705,0.04111497610886157
2026-09-18,2026-08-12,AVGO,BROADCOM INC,0.19659,357.6099853515625,70.30254702026367,0.03508226562216006
2026-09-18,2026-08-12,META,META PLATFORMS INC A,0.10527,665.75,70.08350250000001,0.034972958372726355
2026-09-18,2026-08-12,MU,MICRON TECHNOLOGY INC,0.04667,1015.7999877929688,47.40738543029786,0.0236571583621067
2026-09-18,2026-08-12,TSLA,TESLA INC,0.12948,364.2699890136719,47.165678177490236,0.02353654199178721
2026-09-18,2026-08-12,LLY,ELI LILLY AND CO,0.0389,1152.9300537109375,44.84897908935547,0.02238046648355372
2026-09-18,2026-08-12,SKHY,SK HYNIX INC ADR,0.2309,187.5,43.293749999999996,0.021604378527588876
2026-09-18,2026-08-12,AMD,ADVANCED MICRO DEVIC,0.06746,559.8200073242188,37.7654576940918,0.018845658860477624
2026-09-18,2026-08-12,WMT,WALMART INC,0.32885,106.7300033569336,35.09816160392761,0.017514628991799928
2026-09-18,2026-08-12,XOM,EXXON MOBIL CORP,0.16991,163.5399932861328,27.787080259246828,0.013866264763326369
2026-09-18,2026-08-12,ASML,ASML HLDG N V ADR,0.01619,1679.9200439453125,27.19790551147461,0.013572255714219564
2026-09-18,2026-08-12,JNJ,JOHNSON & JOHNSON,0.09958,269.989990234375,26.885603227539065,0.013416411123321939
2026-09-18,2026-08-12,INTC,INTEL CORP,0.20843,108.5999984741211,22.63549768196106,0.011295530188109077
2026-09-18,2026-08-12,ABBV,ABBVIE INC,0.07302,263.9599914550781,19.274358576049806,0.009618259877082928
2026-09-18,2026-08-12,CSCO,CISCO SYS INC,0.16287,109.51000213623047,17.835894047927855,0.00890043958745553
2026-09-18,2026-08-12,PLTR,PALANTIR TECHNOLOGIES A,0.0993,177.63999938964844,17.63965193939209,0.00880251116139267
2026-09-18,2026-08-12,ORCL,ORACLE CORP,0.11903,147.61000061035156,17.570018372650146,0.008767762729249024
2026-09-18,2026-08-12,CVX,CHEVRON CORP,0.08164,209.50999450683594,17.104395951538088,0.008535408566427894
2026-09-18,2026-08-12,COST,COSTCO WHSL CORP,0.01833,895.3099975585938,16.411032255249022,0.008189407313315905
2026-09-18,2026-08-12,KO,COCA-COLA CO,0.17779,88.25,15.6899675,0.007829582721653065
2026-09-18,2026-08-12,CAT,CATERPILLAR INC,0.01899,808.989990234375,15.362719914550782,0.007666280150074386
2026-09-18,2026-08-12,DELL,DELL TECHNOLOGIES C,0.0267,568.0599975585938,15.167201934814454,0.007568713077617667
2026-09-18,2026-08-12,MRK,MERCK & CO INC,0.10195,146.8699951171875,14.973396002197266,0.007472000348201663
2026-09-18,2026-08-12,LRCX,LAM RESEARCH CORP,0.05171,288.1099853515625,14.898167342529296,0.007434459861651296
2026-09-18,2026-08-12,AMAT,APPLIED MATLS INC,0.03281,444.57000732421875,14.586341940307618,0.007278853243510922
2026-09-18,2026-08-12,UNH,UNITEDHEALTH GROUP INC,0.03753,376.8999938964844,14.145056770935058,0.007058643817491325
2026-09-18,2026-08-12,PG,PROCTER & GAMBLE CO,0.09605,146.38999938964844,14.060759441375732,0.007016577897660759
2026-09-18,2026-08-12,GE,GE AEROSPACE,0.04287,314.2699890136719,13.472754429016113,0.006723152568066146
2026-09-18,2026-08-12,HD,HOME DEPOT INC,0.0412,299.9800109863281,12.359176452636719,0.006167456650718102
2026-09-18,2026-08-12,NFLX,NETFLIX INC,0.17206,71.79000091552734,12.352187557525633,0.006163969063353424
2026-09-18,2026-08-12,PANW,PALO ALTO NETWORKS,0.03368,363.5799865722656,12.245373947753906,0.0061106671050475125
2026-09-18,2026-08-12,ARM,ARM HLDGS PLC ADR,0.04413,275.6099853515625,12.162668653564454,0.006069395640184697
2026-09-18,2026-08-12,PM,PHILIP MORRIS INTL,0.06441,188.6199951171875,12.149013885498047,0.006062581659459694
2026-09-18,2026-08-12,NVS,NOVARTIS AG ADR,0.08419,140.3699951171875,11.817749888916016,0.005897274824761381
2026-09-18,2026-08-12,TM,TOYOTA MOTOR CORP ADR,0.05971,191.52999877929688,11.436256227111816,0.005706902462111024
2026-09-18,2026-08-12,BABA,ALIBABA GROUP HLDG ADR,0.0963,113.23999786376953,10.905011794281005,0.005441801706977751
2026-09-18,2026-08-12,RTX,RTX CORP,0.05569,194.0,10.80386,0.005391325098867074
2026-09-18,2026-08-12,SHEL,SHELL PLC ADR,0.11348,94.54000091552734,10.728399303894042,0.005353668821861075
2026-09-18,2026-08-12,AZN,ASTRAZENECA PLC,0.06402,166.0800018310547,10.63244171722412,0.005305784219002443
2026-09-18,2026-08-12,SAP,SAP SE ADR,0.05044,209.4499969482422,10.564657846069336,0.0052719588190199215
2026-09-18,2026-08-12,ANET,ARISTA NETWORKS INC,0.05212,199.38999938964844,10.392206768188476,0.005185902555378431
2026-09-18,2026-08-12,GEV,GE VERNOVA INC,0.01101,940.3300170898438,10.35303348815918,0.0051663543672468846
2026-09-18,2026-08-12,TXN,TEXAS INSTRUMENTS INC,0.03774,266.6400146484375,10.062994152832031,0.005021619397688968
2026-09-18,2026-08-12,CRWD,CROWDSTRIKE HLDGS A,0.04208,237.64999389648438,10.000311743164062,0.0049903397209345125
2026-09-18,2026-08-12,TMO,THERMO FISHER SCIENTIFIC,0.01528,651.4500122070312,9.954156186523438,0.004967307248191551
2026-09-18,2026-08-12,KLAC,KLA CORP,0.05399,176.99000549316406,9.555690396575928,0.004768465481046854
2026-09-18,2026-08-12,BHP,BHP GROUP LTD ADR,0.10493,86.2699966430664,9.052310747756957,0.004517269766280408
2026-09-18,2026-08-12,IBM,IBM CORP,0.03893,229.5500030517578,8.936381618804932,0.004459418996036362
2026-09-18,2026-08-12,LIN,LINDE PLC,0.01905,460.3999938964844,8.770619883728028,0.004376700837641874
2026-09-18,2026-08-12,AMGN,AMGEN INC,0.02234,385.6499938964844,8.61542086364746,0.004299253668548611
2026-09-21,2026-08-12,NVDA,NVIDIA CORP,1.0,227.3800048828125,227.3800048828125,0.11116846800264918
2026-09-21,2026-08-12,AAPL,APPLE INC,0.60307,338.9800109863281,204.4286752255249,0.09994732233533596
2026-09-21,2026-08-12,GOOGL,ALPHABET INC A,0.5043,354.9700012207031,179.01137161560058,0.08752053615187293
2026-09-21,2026-08-12,MSFT,MICROSOFT CORP,0.30684,501.6099853515625,153.91400790527345,0.07525017193924005
2026-09-21,2026-08-12,AMZN,AMAZON.COM INC,0.44572,258.45001220703125,115.19633944091797,0.05632069795125602
2026-09-21,2026-08-12,TSM,TAIWAN SEMICONDUCTOR ADR,0.18955,445.1400146484375,84.37628977661133,0.04125245258503598
2026-09-21,2026-08-12,SPCX,SPACE X TECH SPACEX A,0.5447,151.85000610351562,82.71269832458495,0.040439105284778024
2026-09-21,2026-08-12,META,META PLATFORMS INC A,0.10527,741.25,78.03138750000001,0.03815036334864544
2026-09-21,2026-08-12,AVGO,BROADCOM INC,0.19659,362.6600036621094,71.29533011993408,0.034857034281712725
2026-09-21,2026-08-12,MU,MICRON TECHNOLOGY INC,0.04667,1043.9599609375,48.72161137695313,0.023820506548884048
2026-09-21,2026-08-12,TSLA,TESLA INC,0.12948,375.29998779296875,48.5938424194336,0.02375803896615591
2026-09-21,2026-08-12,LLY,ELI LILLY AND CO,0.0389,1164.8900146484375,45.31422156982421,0.022154597952648476
2026-09-21,2026-08-12,SKHY,SK HYNIX INC ADR,0.2309,188.86000061035156,43.607774140930175,0.021320297916042445
2026-09-21,2026-08-12,AMD,ADVANCED MICRO DEVIC,0.06746,615.52001953125,41.52298051757813,0.02030102045877796
2026-09-21,2026-08-12,WMT,WALMART INC,0.32885,107.44000244140625,35.331644802856445,0.017274011524327355
2026-09-21,2026-08-12,ASML,ASML HLDG N V ADR,0.01619,1711.3199462890625,27.70626993041992,0.013545885812695169
2026-09-21,2026-08-12,XOM,EXXON MOBIL CORP,0.16991,158.3000030517578,26.89675351852417,0.013150104752791363
2026-09-21,2026-08-12,JNJ,JOHNSON & JOHNSON,0.09958,269.4700012207031,26.833822721557617,0.013119337226453403
2026-09-21,2026-08-12,INTC,INTEL CORP,0.20843,121.77999877929688,25.38260514556885,0.012409821740497037
2026-09-21,2026-08-12,ABBV,ABBVIE INC,0.07302,264.4800109863281,19.31233040222168,0.00944200078402872
2026-09-21,2026-08-12,PLTR,PALANTIR TECHNOLOGIES A,0.0993,183.08999633789062,18.180836636352538,0.008888801620491677
2026-09-21,2026-08-12,CSCO,CISCO SYS INC,0.16287,111.45999908447266,18.15349005088806,0.008875431588184938
2026-09-21,2026-08-12,ORCL,ORACLE CORP,0.11903,148.55999755859375,17.683096509399412,0.00864545125463457
2026-09-21,2026-08-12,CVX,CHEVRON CORP,0.08164,203.6699981689453,16.627618650512698,0.00812941706489293
2026-09-21,2026-08-12,COST,COSTCO WHSL CORP,0.01833,898.47998046875,16.469138041992185,0.008051934234041408
2026-09-21,2026-08-12,LRCX,LAM RESEARCH CORP,0.05171,302.2799987792969,15.630898736877441,0.007642110250541903
2026-09-21,2026-08-12,CAT,CATERPILLAR INC,0.01899,816.5,15.505335,0.007580720823302921
2026-09-21,2026-08-12,KO,COCA-COLA CO,0.17779,87.12000274658203,15.48906528831482,0.007572766390705302
2026-09-21,2026-08-12,DELL,DELL TECHNOLOGIES C,0.0267,575.3099975585938,15.360776934814455,0.007510044869837327
2026-09-21,2026-08-12,MRK,MERCK & CO INC,0.10195,149.5,15.241525,0.007451741348793305
2026-09-21,2026-08-12,AMAT,APPLIED MATLS INC,0.03281,464.239990234375,15.231714079589842,0.007446944686957295
2026-09-21,2026-08-12,ARM,ARM HLDGS PLC ADR,0.04413,322.8999938964844,14.249576730651857,0.006966767441355203
2026-09-21,2026-08-12,UNH,UNITEDHEALTH GROUP INC,0.03753,377.55999755859375,14.169826708374023,0.006927776819447296
2026-09-21,2026-08-12,PG,PROCTER & GAMBLE CO,0.09605,146.0800018310547,14.030984175872803,0.006859895249826767
2026-09-21,2026-08-12,GE,GE AEROSPACE,0.04287,319.010009765625,13.675959118652344,0.006686319777638295
2026-09-21,2026-08-12,NFLX,NETFLIX INC,0.17206,73.36000061035156,12.62232170501709,0.006171185400873407
2026-09-21,2026-08-12,PANW,PALO ALTO NETWORKS,0.03368,371.760009765625,12.52087712890625,0.006121588084173408
2026-09-21,2026-08-12,HD,HOME DEPOT INC,0.0412,297.20001220703125,12.244640502929688,0.005986533101956032
2026-09-21,2026-08-12,PM,PHILIP MORRIS INTL,0.06441,187.47999572753906,12.07558652481079,0.005903880839867652
2026-09-21,2026-08-12,NVS,NOVARTIS AG ADR,0.08419,140.97999572753906,11.869105840301513,0.005802930268682359
2026-09-21,2026-08-12,TM,TOYOTA MOTOR CORP ADR,0.05971,192.5,11.494175,0.005619622650474037
2026-09-21,2026-08-12,BABA,ALIBABA GROUP HLDG ADR,0.0963,115.75,11.146725,0.005449750703169666
2026-09-21,2026-08-12,RTX,RTX CORP,0.05569,194.33999633789062,10.82279439605713,0.00529137763515051
2026-09-21,2026-08-12,AZN,ASTRAZENECA PLC,0.06402,168.10000610351562,10.76176239074707,0.005261538447958366
2026-09-21,2026-08-12,ANET,ARISTA NETWORKS INC,0.05212,205.4199981689453,10.70649030456543,0.005234515345609107
2026-09-21,2026-08-12,SHEL,SHELL PLC ADR,0.11348,93.2699966430664,10.584279219055176,0.005174765064769252
2026-09-21,2026-08-12,SAP,SAP SE ADR,0.05044,209.22000122070312,10.553056861572266,0.005159500126893139
2026-09-21,2026-08-12,CRWD,CROWDSTRIKE HLDGS A,0.04208,249.35000610351562,10.492648256835936,0.005129965726776576
2026-09-21,2026-08-12,GEV,GE VERNOVA INC,0.01101,946.219970703125,10.417881877441406,0.005093411660117643
2026-09-21,2026-08-12,TXN,TEXAS INSTRUMENTS INC,0.03774,270.8699951171875,10.222633615722657,0.004997952738183675
2026-09-21,2026-08-12,TMO,THERMO FISHER SCIENTIFIC,0.01528,658.760009765625,10.06585294921875,0.004921301026804496
2026-09-21,2026-08-12,KLAC,KLA CORP,0.05399,183.97000122070312,9.932540365905762,0.0048561231073123295
2026-09-21,2026-08-12,BHP,BHP GROUP LTD ADR,0.10493,86.08999633789062,9.033423315734863,0.004416535356075918
2026-09-21,2026-08-12,IBM,IBM CORP,0.03893,231.92999267578125,9.029034614868165,0.004414389674215614
2026-09-21,2026-08-12,AMGN,AMGEN INC,0.02234,393.1600036621094,8.783194481811522,0.0042941958560319985
2026-09-21,2026-08-12,LIN,LINDE PLC,0.01905,457.5,8.715375,0.004261038200425446
2026-09-22,2026-09-22,NVDA,NVIDIA CORP,1.0,228.8699951171875,228.8699951171875,0.11079855920658652
2026-09-22,2026-09-22,AAPL,APPLE INC,0.60307,339.75,204.8930325,0.09919103979027201
2026-09-22,2026-09-22,GOOGL,ALPHABET INC A,0.5043,351.1600036621094,177.08998984680176,0.08573127165440815
2026-09-22,2026-09-22,MSFT,MICROSOFT CORP,0.30684,498.0,152.80632,0.0739752717912701
2026-09-22,2026-09-22,AMZN,AMAZON.COM INC,0.44572,254.97999572753906,113.64968369567872,0.0550191002595947
2026-09-22,2026-09-22,TSM,TAIWAN SEMICONDUCTOR ADR,0.18955,452.0,85.6766,0.04147701332740643
2026-09-22,2026-09-22,SPCX,SPACE X TECH SPACEX A,0.5447,154.72000122070312,84.27598466491699,0.04079895956570478
2026-09-22,2026-09-22,META,META PLATFORMS INC A,0.10527,736.5999755859375,77.54187942993164,0.037538902880686405
2026-09-22,2026-09-22,AVGO,BROADCOM INC,0.19659,364.5400085449219,71.66492027984619,0.03469380033235095
2026-09-22,2026-09-22,MU,MICRON TECHNOLOGY INC,0.04667,1096.1600341796875,51.15778879516602,0.02476606550280642
2026-09-22,2026-09-22,TSLA,TESLA INC,0.12948,378.8999938964844,49.0599712097168,0.023750488227912866
2026-09-22,2026-09-22,LLY,ELI LILLY AND CO,0.0389,1170.1400146484375,45.518446569824214,0.022035996001468737
2026-09-22,2026-09-22,SKHY,SK HYNIX INC ADR,0.2309,195.3699951171875,45.110931872558595,0.021838713516757625
2026-09-22,2026-09-22,AMD,ADVANCED MICRO DEVIC,0.06746,623.77001953125,42.079525517578126,0.02037117533496342
2026-09-22,2026-09-22,WMT,WALMART INC,0.32885,110.12000274658203,36.2129629032135,0.01753110586743009
2026-09-22,2026-09-22,ASML,ASML HLDG N V ADR,0.01619,1747.9000244140625,28.29850139526367,0.013699625329634703
2026-09-22,2026-09-22,XOM,EXXON MOBIL CORP,0.16991,158.7100067138672,26.966417240753174,0.013054748289347638
2026-09-22,2026-09-22,JNJ,JOHNSON & JOHNSON,0.09958,269.19000244140625,26.805940443115237,0.012977059652375954
2026-09-22,2026-09-22,INTC,INTEL CORP,0.20843,123.86000061035156,25.816139927215577,0.012497886001817412
2026-09-22,2026-09-22,ABBV,ABBVIE INC,0.07302,265.2099914550781,19.365633576049806,0.009375122751457075
2026-09-22,2026-09-22,PLTR,PALANTIR TECHNOLOGIES A,0.0993,184.99000549316406,18.36950754547119,0.00889288684753365
2026-09-22,2026-09-22,ORCL,ORACLE CORP,0.11903,149.1999969482422,17.759275636749265,0.008597466662665577
2026-09-22,2026-09-22,CSCO,CISCO SYS INC,0.16287,106.44000244140625,17.335883197631833,0.008392497583126976
2026-09-22,2026-09-22,CVX,CHEVRON CORP,0.08164,202.4100036621093,16.524752698974602,0.007999820113396948
2026-09-22,2026-09-22,COST,COSTCO WHSL CORP,0.01833,899.4099731445312,16.486184807739257,0.007981148960027435
2026-09-22,2026-09-22,LRCX,LAM RESEARCH CORP,0.05171,310.9599914550781,16.079741158142088,0.007784384981634485
2026-09-22,2026-09-22,KO,COCA-COLA CO,0.17779,88.61000061035156,15.753972008514404,0.007626676443238174
2026-09-22,2026-09-22,AMAT,APPLIED MATLS INC,0.03281,472.4599914550781,15.501412319641112,0.007504409434727529
2026-09-22,2026-09-22,MRK,MERCK & CO INC,0.10195,150.91000366210938,15.385274873352051,0.0074481859803941135
2026-09-22,2026-09-22,CAT,CATERPILLAR INC,0.01899,808.010009765625,15.344110085449218,0.007428257639908314
2026-09-22,2026-09-22,ARM,ARM HLDGS PLC ADR,0.04413,333.20001220703125,14.70411653869629,0.007118429508678487
2026-09-22,2026-09-22,DELL,DELL TECHNOLOGIES C,0.0267,548.9199829101562,14.656163543701172,0.007095214920185228
2026-09-22,2026-09-22,PG,PROCTER & GAMBLE CO,0.09605,148.22000122070312,14.236531117248534,0.0068920661054028024
2026-09-22,2026-09-22,UNH,UNITEDHEALTH GROUP INC,0.03753,372.9500122070313,13.996813958129886,0.006776016311134915
2026-09-22,2026-09-22,GE,GE AEROSPACE,0.04287,319.2200012207031,13.684961452331542,0.0066250449777815485
2026-09-22,2026-09-22,PANW,PALO ALTO NETWORKS,0.03368,374.5700073242188,12.61551784667969,0.006107315204605075
2026-09-22,2026-09-22,HD,HOME DEPOT INC,0.0412,305.3500061035156,12.580420251464844,0.0060903240608798795
2026-09-22,2026-09-22,NFLX,NETFLIX INC,0.17206,72.16000366210938,12.415850230102539,0.006010653847900654
2026-09-22,2026-09-22,PM,PHILIP MORRIS INTL,0.06441,190.22999572753903,12.252714024810789,0.0059316777615355505
2026-09-22,2026-09-22,NVS,NOVARTIS AG ADR,0.08419,141.27999877929688,11.894363097229004,0.0057581960150703765
2026-09-22,2026-09-22,TM,TOYOTA MOTOR CORP ADR,0.05971,192.0599975585937,11.46790245422363,0.005551741583247122
2026-09-22,2026-09-22,SNDK,SANDISK CORP,0.00606,1887.0400390625,11.43546263671875,0.005536037099841052
2026-09-22,2026-09-22,BABA,ALIBABA GROUP HLDG ADR,0.0963,116.30999755859375,11.200652764892578,0.005422362978982606
2026-09-22,2026-09-22,AZN,ASTRAZENECA PLC,0.06402,168.3699951171875,10.779047087402343,0.005218258891003243
2026-09-22,2026-09-22,ANET,ARISTA NETWORKS INC,0.05212,205.19000244140625,10.694502927246093,0.005177330104642029
2026-09-22,2026-09-22,SHEL,SHELL PLC ADR,0.11348,93.93000030517578,10.659176434631348,0.005160228149090662
2026-09-22,2026-09-22,RTX,RTX CORP,0.05569,190.9900054931641,10.636233405914309,0.005149121168796535
2026-09-22,2026-09-22,SAP,SAP SE ADR,0.05044,210.67999267578125,10.626698830566406,0.0051445053727825
2026-09-22,2026-09-22,CRWD,CROWDSTRIKE HLDGS A,0.04208,250.0599975585937,10.522524697265622,0.0050940734938880565
2026-09-22,2026-09-22,GEV,GE VERNOVA INC,0.01101,950.280029296875,10.462583122558595,0.00506505509804848
2026-09-22,2026-09-22,TXN,TEXAS INSTRUMENTS INC,0.03774,271.4100036621094,10.24301353820801,0.00495875897312753
2026-09-22,2026-09-22,KLAC,KLA CORP,0.05399,188.32000732421875,10.167397195434571,0.004922152244370977
2026-09-22,2026-09-22,TMO,THERMO FISHER SCIENTIFIC,0.01528,658.52001953125,10.0621858984375,0.00487121826277342
2026-09-22,2026-09-22,BHP,BHP GROUP LTD ADR,0.10493,87.83000183105469,9.216002092132568,0.0044615710894315135
2026-09-22,2026-09-22,AMGN,AMGEN INC,0.02234,410.239990234375,9.164761381835937,0.004436764880689815
2026-09-22,2026-09-22,IBM,IBM CORP,0.03893,231.3800048828125,9.00762359008789,0.004360692694321856
2026-09-22,2026-09-22,LIN,LINDE PLC,0.01905,464.9100036621094,8.856535569763183,0.004287549270882793
2026-09-23,2026-09-22,NVDA,NVIDIA CORP,1.0,225.50999450683594,225.50999450683594,0.11041086374141505
2026-09-23,2026-09-22,AAPL,APPLE INC,0.60307,337.0199890136719,203.2466447744751,0.09951061216230978
2026-09-23,2026-09-22,GOOGL,ALPHABET INC A,0.5043,337.8299865722656,170.36766222839356,0.08341289166087218
2026-09-23,2026-09-22,MSFT,MICROSOFT CORP,0.30684,500.5899963378906,153.60103447631835,0.07520386369213047
2026-09-23,2026-09-22,AMZN,AMAZON.COM INC,0.44572,249.27000427246094,111.10462630432129,0.054397401688355766
2026-09-23,2026-09-22,TSM,TAIWAN SEMICONDUCTOR ADR,0.18955,446.57000732421875,84.64734488830567,0.04144377938979541
2026-09-23,2026-09-22,SPCX,SPACE X TECH SPACEX A,0.5447,148.36000061035156,80.81169233245849,0.03956582399083763
2026-09-23,2026-09-22,META,META PLATFORMS INC A,0.10527,744.0999755859375,78.33140442993164,0.038351462160692344
2026-09-23,2026-09-22,AVGO,BROADCOM INC,0.19659,354.989990234375,69.78748218017577,0.034168313482967366
2026-09-23,2026-09-22,MU,MICRON TECHNOLOGY INC,0.04667,1071.8800048828125,50.02463982788086,0.024492323295152624
2026-09-23,2026-09-22,TSLA,TESLA INC,0.12948,380.1199951171875,49.21793696777344,0.024097357387934573
2026-09-23,2026-09-22,LLY,ELI LILLY AND CO,0.0389,1150.989990234375,44.773510620117186,0.02192134318087931
2026-09-23,2026-09-22,SKHY,SK HYNIX INC ADR,0.2309,189.27999877929688,43.70475171813965,0.021398073275451283
2026-09-23,2026-09-22,AMD,ADVANCED MICRO DEVIC,0.06746,614.6099853515625,41.46158961181641,0.020299809465845926
2026-09-23,2026-09-22,WMT,WALMART INC,0.32885,110.52999877929688,36.34779009857178,0.017796066682770954
2026-09-23,2026-09-22,ASML,ASML HLDG N V ADR,0.01619,1744.6099853515625,28.245235662841797,0.013829013977558535
2026-09-23,2026-09-22,XOM,EXXON MOBIL CORP,0.16991,161.22999572753906,27.394588574066162,0.013412532747907355
2026-09-23,2026-09-22,JNJ,JOHNSON & JOHNSON,0.09958,269.1700134277344,26.80394993713379,0.0131233530057617
2026-09-23,2026-09-22,INTC,INTEL CORP,0.20843,122.5999984741211,25.55351768196106,0.012511134883697218
2026-09-23,2026-09-22,ABBV,ABBVIE INC,0.07302,265.0799865722656,19.356140619506835,0.009476866908598391
2026-09-23,2026-09-22,PLTR,PALANTIR TECHNOLOGIES A,0.0993,191.7899932861328,19.04474633331299,0.009324406649894595
2026-09-23,2026-09-22,CSCO,CISCO SYS INC,0.16287,106.43000030517578,17.334254149703977,0.008486940799087324
2026-09-23,2026-09-22,ORCL,ORACLE CORP,0.11903,144.55999755859375,17.206976509399414,0.008424625005804069
2026-09-23,2026-09-22,CVX,CHEVRON CORP,0.08164,205.50999450683594,16.777835951538087,0.008214515561370973
2026-09-23,2026-09-22,COST,COSTCO WHSL CORP,0.01833,904.7000122070312,16.583151223754882,0.00811919690820523
2026-09-23,2026-09-22,LRCX,LAM RESEARCH CORP,0.05171,307.2799987792969,15.88944873687744,0.007779556570209548
2026-09-23,2026-09-22,KO,COCA-COLA CO,0.17779,88.08999633789062,15.661520448913574,0.007667961697440264
2026-09-23,2026-09-22,AMAT,APPLIED MATLS INC,0.03281,474.3800048828125,15.564407960205077,0.007620414918940127
2026-09-23,2026-09-22,CAT,CATERPILLAR INC,0.01899,812.02001953125,15.420260170898437,0.007549839413146839
2026-09-23,2026-09-22,MRK,MERCK & CO INC,0.10195,148.0800018310547,15.096756186676025,0.007391450183437097
2026-09-23,2026-09-22,DELL,DELL TECHNOLOGIES C,0.0267,549.8300170898438,14.68046145629883,0.007187630122812014
2026-09-23,2026-09-22,ARM,ARM HLDGS PLC ADR,0.04413,332.55999755859375,14.675872692260743,0.0071853834401225895
2026-09-23,2026-09-22,PG,PROCTER & GAMBLE CO,0.09605,147.38999938964844,14.156809441375731,0.006931247378472764
2026-09-23,2026-09-22,UNH,UNITEDHEALTH GROUP INC,0.03753,371.2900085449219,13.934514020690917,0.006822410386758734
2026-09-23,2026-09-22,GE,GE AEROSPACE,0.04287,319.79998779296875,13.70982547668457,0.00671240170944581
2026-09-23,2026-09-22,PANW,PALO ALTO NETWORKS,0.03368,393.29998779296875,13.246343588867187,0.0064854785716295495
2026-09-23,2026-09-22,PM,PHILIP MORRIS INTL,0.06441,190.83999633789062,12.292004164123535,0.006018229036109572
2026-09-23,2026-09-22,NFLX,NETFLIX INC,0.17206,71.36000061035156,12.27820170501709,0.006011471280494212
2026-09-23,2026-09-22,HD,HOME DEPOT INC,0.0412,296.7200012207031,12.224864050292968,0.005985356887910814
2026-09-23,2026-09-22,NVS,NOVARTIS AG ADR,0.08419,142.7100067138672,12.014755465240478,0.005882486634173884
2026-09-23,2026-09-22,TM,TOYOTA MOTOR CORP ADR,0.05971,190.36000061035156,11.366395636444091,0.005565046296909917
2026-09-23,2026-09-22,CRWD,CROWDSTRIKE HLDGS A,0.04208,262.489990234375,11.0455787890625,0.0054079727033440874
2026-09-23,2026-09-22,SNDK,SANDISK CORP,0.00606,1816.5699462890625,11.008413874511719,0.005389776568288517
2026-09-23,2026-09-22,SHEL,SHELL PLC ADR,0.11348,95.41000366210938,10.827127215576171,0.005301017679168582
2026-09-23,2026-09-22,RTX,RTX CORP,0.05569,192.19000244140625,10.703061235961915,0.005240274331628305
2026-09-23,2026-09-22,BABA,ALIBABA GROUP HLDG ADR,0.0963,110.80000305175781,10.670040293884277,0.005224107107003426
2026-09-23,2026-09-22,SAP,SAP SE ADR,0.05044,210.6199951171875,10.623672553710938,0.005201405220758997
2026-09-23,2026-09-22,ANET,ARISTA NETWORKS INC,0.05212,203.47000122070312,10.604856463623047,0.005192192765393622
2026-09-23,2026-09-22,GEV,GE VERNOVA INC,0.01101,951.8200073242188,10.479538280639648,0.005130836332584688
2026-09-23,2026-09-22,AZN,ASTRAZENECA PLC,0.06402,163.3300018310547,10.45638671722412,0.005119501206976341
2026-09-23,2026-09-22,TXN,TEXAS INSTRUMENTS INC,0.03774,272.6199951171875,10.288678615722658,0.005037390450050895
2026-09-23,2026-09-22,TMO,THERMO FISHER SCIENTIFIC,0.01528,665.2999877929688,10.165783813476562,0.004977220517028656
2026-09-23,2026-09-22,KLAC,KLA CORP,0.05399,187.86000061035156,10.142561432952881,0.004965850718996606
2026-09-23,2026-09-22,AMGN,AMGEN INC,0.02234,406.0899963378906,9.072050518188476,0.004441723019014921
2026-09-23,2026-09-22,IBM,IBM CORP,0.03893,232.75999450683594,9.061346586151123,0.004436482318334412
2026-09-23,2026-09-22,LIN,LINDE PLC,0.01905,469.7200012207031,8.948166023254394,0.0043810685273159905
2026-09-23,2026-09-22,BHP,BHP GROUP LTD ADR,0.10493,84.94999694824219,8.913803179779052,0.004364244300802124
2026-09-24,2026-09-22,NVDA,NVIDIA CORP,1.0,224.5800018310547,224.5800018310547,0.10987236278302047
2026-09-24,2026-09-22,AAPL,APPLE INC,0.60307,335.9200134277344,202.58328249786376,0.09911080117064347
2026-09-24,2026-09-22,GOOGL,ALPHABET INC A,0.5043,342.3599853515625,172.65214061279295,0.08446744355690329
2026-09-24,2026-09-22,MSFT,MICROSOFT CORP,0.30684,497.92999267578125,152.78483895263673,0.07474766727349895
2026-09-24,2026-09-22,AMZN,AMAZON.COM INC,0.44572,249.3800048828125,111.15365577636719,0.05438024175147742
2026-09-24,2026-09-22,TSM,TAIWAN SEMICONDUCTOR ADR,0.18955,451.1499938964844,85.5154813430786,0.041837153411190826
2026-09-24,2026-09-22,META,META PLATFORMS INC A,0.10527,777.5900268554688,81.8569021270752,0.04004724896906004
2026-09-24,2026-09-22,SPCX,SPACE X TECH SPACEX A,0.5447,148.02999877929688,80.631940335083,0.03944795497445782
2026-09-24,2026-09-22,AVGO,BROADCOM INC,0.19659,350.3599853515625,68.87726952026367,0.03369716039955893
2026-09-24,2026-09-22,MU,MICRON TECHNOLOGY INC,0.04667,1080.530029296875,50.428336467285156,0.024671299464348016
2026-09-24,2026-09-22,TSLA,TESLA INC,0.12948,377.94000244140625,48.93567151611329,0.023941035755685167
2026-09-24,2026-09-22,LLY,ELI LILLY AND CO,0.0389,1181.8900146484375,45.97552156982422,0.022492827250301505
2026-09-24,2026-09-22,SKHY,SK HYNIX INC ADR,0.2309,186.3699951171875,43.032831872558596,0.02105316090717337
2026-09-24,2026-09-22,AMD,ADVANCED MICRO DEVIC,0.06746,629.260009765625,42.449880258789065,0.020767960663737553
2026-09-24,2026-09-22,WMT,WALMART INC,0.32885,107.58999633789062,35.38097029571533,0.017309603581134897
2026-09-24,2026-09-22,ASML,ASML HLDG N V ADR,0.01619,1722.5,27.887275,0.013643426711407947
2026-09-24,2026-09-22,XOM,EXXON MOBIL CORP,0.16991,162.13999938964844,27.549207296295165,0.013478032210188631
2026-09-24,2026-09-22,JNJ,JOHNSON & JOHNSON,0.09958,270.67999267578125,26.954313670654297,0.013186989518404836
2026-09-24,2026-09-22,INTC,INTEL CORP,0.20843,127.38999938964844,26.551897572784423,0.012990113540426408
2026-09-24,2026-09-22,ABBV,ABBVIE INC,0.07302,265.1199951171875,19.359062043457033,0.009471127752406982
2026-09-24,2026-09-22,PLTR,PALANTIR TECHNOLOGIES A,0.0993,192.58999633789062,19.12418663635254,0.009356218518602594
2026-09-24,2026-09-22,CSCO,CISCO SYS INC,0.16287,106.97000122070312,17.422204098815918,0.008523549352648695
2026-09-24,2026-09-22,CVX,CHEVRON CORP,0.08164,205.64999389648438,16.789265501708986,0.008213893735079398
2026-09-24,2026-09-22,ORCL,ORACLE CORP,0.11903,139.5399932861328,16.609445400848386,0.008125919475589018
2026-09-24,2026-09-22,COST,COSTCO WHSL CORP,0.01833,896.47998046875,16.432478041992187,0.00803934087689603
2026-09-24,2026-09-22,LRCX,LAM RESEARCH CORP,0.05171,307.1600036621094,15.883243789367675,0.007770636341473426
2026-09-24,2026-09-22,KO,COCA-COLA CO,0.17779,88.0999984741211,15.66329872871399,0.007663031553427095
2026-09-24,2026-09-22,AMAT,APPLIED MATLS INC,0.03281,474.25,15.5601425,0.00761256393167902
2026-09-24,2026-09-22,CAT,CATERPILLAR INC,0.01899,805.25,15.2916975,0.007481231283238327
2026-09-24,2026-09-22,MRK,MERCK & CO INC,0.10195,147.97999572753906,15.086560564422607,0.0073808711459946216
2026-09-24,2026-09-22,DELL,DELL TECHNOLOGIES C,0.0267,536.02001953125,14.311734521484375,0.007001799245605717
2026-09-24,2026-09-22,UNH,UNITEDHEALTH GROUP INC,0.03753,375.010009765625,14.074125666503907,0.006885552713848577
2026-09-24,2026-09-22,PG,PROCTER & GAMBLE CO,0.09605,145.67999267578125,13.992563296508788,0.006845649560261963
2026-09-24,2026-09-22,GE,GE AEROSPACE,0.04287,319.7799987792969,13.708968547668457,0.006706905126768794
2026-09-24,2026-09-22,ARM,ARM HLDGS PLC ADR,0.04413,306.3399963378906,13.518784038391114,0.0066138602375148065
2026-09-24,2026-09-22,PANW,PALO ALTO NETWORKS,0.03368,389.9200134277344,13.132506052246095,0.006424879586153215
2026-09-24,2026-09-22,NFLX,NETFLIX INC,0.17206,71.72000122070312,12.340143410034178,0.006037228170305814
2026-09-24,2026-09-22,PM,PHILIP MORRIS INTL,0.06441,191.5,12.334515,0.006034474555985193
2026-09-24,2026-09-22,NVS,NOVARTIS AG ADR,0.08419,143.57000732421875,12.087158916625977,0.005913459340438519
2026-09-24,2026-09-22,HD,HOME DEPOT INC,0.0412,292.17999267578125,12.037815698242188,0.005889318918553476
2026-09-24,2026-09-22,TM,TOYOTA MOTOR CORP ADR,0.05971,186.72000122070312,11.149051272888183,0.0054545043911023725
2026-09-24,2026-09-22,CRWD,CROWDSTRIKE HLDGS A,0.04208,259.6700134277344,10.926914165039062,0.005345827177182274
2026-09-24,2026-09-22,SHEL,SHELL PLC ADR,0.11348,95.5999984741211,10.848687826843262,0.005307556126601814
2026-09-24,2026-09-22,ANET,ARISTA NETWORKS INC,0.05212,205.6999969482422,10.721083840942383,0.005245127810112584
2026-09-24,2026-09-22,BABA,ALIBABA GROUP HLDG ADR,0.0963,110.62999725341797,10.65366873550415,0.005212145991333648
2026-09-24,2026-09-22,SNDK,SANDISK CORP,0.00606,1753.6199951171875,10.626937170410157,0.0051990679781810135
2026-09-24,2026-09-22,SAP,SAP SE ADR,0.05044,209.11000061035156,10.547508430786133,0.005160208670922062
2026-09-24,2026-09-22,AZN,ASTRAZENECA PLC,0.06402,164.55999755859375,10.53513104370117,0.0051541532218481595
2026-09-24,2026-09-22,GEV,GE VERNOVA INC,0.01101,955.0399780273438,10.514990158081055,0.005144299598758026
2026-09-24,2026-09-22,RTX,RTX CORP,0.05569,188.61000061035156,10.503690933990478,0.0051387716245914735
2026-09-24,2026-09-22,TMO,THERMO FISHER SCIENTIFIC,0.01528,678.3900146484375,10.365799423828125,0.005071310292746558
2026-09-24,2026-09-22,TXN,TEXAS INSTRUMENTS INC,0.03774,270.6499938964844,10.214330769653321,0.00499720654893116
2026-09-24,2026-09-22,KLAC,KLA CORP,0.05399,187.11000061035156,10.102068932952882,0.004942284146455103
2026-09-24,2026-09-22,AMGN,AMGEN INC,0.02234,406.0400085449219,9.070933790893553,0.004437816903232391
2026-09-24,2026-09-22,BHP,BHP GROUP LTD ADR,0.10493,85.08999633789062,8.928493315734864,0.004368130059194538
2026-09-24,2026-09-22,LIN,LINDE PLC,0.01905,468.1400146484375,8.918067279052735,0.004363029278735957
2026-09-24,2026-09-22,IBM,IBM CORP,0.03893,227.05999755859375,8.839445704956054,0.004324564864980091
