Date,NasdaqForwardPE,DFII10,NasdaqEarningsYield,NasdaqCushion,SP500ForwardPE,SP500EarningsYield,SP500Cushion,DFII10_3M_Change_bp,HY_OAS_3M_Change_bp,CI_SLOOS
1990-04-01,,,,,,,,,,54.4
1990-07-01,,,,,,,,,,46.7
1990-10-01,,,,,,,,,,54.2
1991-01-01,,,,,,,,,,38.6
1991-04-01,,,,,,,,,,20.0
1991-07-01,,,,,,,,,,18.6
1991-10-01,,,,,,,,,,16.7
1992-01-01,,,,,,,,,,10.0
1992-04-01,,,,,,,,,,3.5
1992-07-01,,,,,,,,,,-3.4
1992-10-01,,,,,,,,,,5.2
1993-01-01,,,,,,,,,,3.4
1993-04-01,,,,,,,,,,-12.1
1993-07-01,,,,,,,,,,-25.0
1993-10-01,,,,,,,,,,-20.0
1994-01-01,,,,,,,,,,-18.6
1994-04-01,,,,,,,,,,-15.5
1994-07-01,,,,,,,,,,-10.3
1994-10-01,,,,,,,,,,-22.4
1995-01-01,,,,,,,,,,-10.2
1995-04-01,,,,,,,,,,-6.8
1995-07-01,,,,,,,,,,-8.6
1995-10-01,,,,,,,,,,-5.2
1996-01-01,,,,,,,,,,6.9
1996-04-01,,,,,,,,,,-1.8
1996-07-01,,,,,,,,,,-7.4
1996-10-01,,,,,,,,,,-8.6
1997-01-01,,,,,,,,,,-8.9
1997-04-01,,,,,,,,,,-10.3
1997-07-01,,,,,,,,,,-5.8
1997-10-01,,,,,,,,,,-7.0
1998-01-01,,,,,,,,,,1.8
1998-04-01,,,,,,,,,,-7.1
1998-07-01,,,,,,,,,,0.0
1998-10-01,,,,,,,,,,36.4
1999-01-01,,,,,,,,,,7.4
1999-04-01,,,,,,,,,,10.0
1999-07-01,,,,,,,,,,5.4
1999-10-01,,,,,,,,,,9.1
2000-01-01,,,,,,,,,,10.9
2000-04-01,,,,,,,,,,24.6
2000-07-01,,,,,,,,,,33.9
2000-10-01,,,,,,,,,,43.9
2001-01-01,,,,,,,,,,59.6
2001-04-01,,,,,,,,,,50.9
2001-07-01,,,,,,,,,,40.4
2001-10-01,,,,,,,,,,50.9
2002-01-01,,,,,,,,,,45.5
2002-04-01,,,,,,,,,,25.0
2002-07-01,,,,,,,,,,21.4
2002-10-01,,,,,,,,,,20.0
2003-01-01,,,,,,,,,,22.0
2003-01-02,,,,,,,,,,
2003-01-03,28.53,2.43,3.5050823694356814,1.0750823694356813,16.15,6.191950464396285,3.761950464396285,,,
2003-01-06,,,,,,,,,,
2003-01-07,,,,,,,,,,
2003-01-08,,,,,,,,,,
2003-01-09,,,,,,,,,,
2003-01-10,29.66,2.41,3.37154416722859,0.9615441672285904,16.42,6.090133982947624,3.680133982947624,,,
2003-01-13,,,,,,,,,,
2003-01-14,,,,,,,,,,
2003-01-15,,,,,,,,,,
2003-01-16,,,,,,,,,,
2003-01-17,27.48,2.25,3.6390101892285296,1.3890101892285296,15.97,6.261740763932373,4.011740763932373,,,
2003-01-21,,,,,,,,,,
2003-01-22,,,,,,,,,,
2003-01-23,,,,,,,,,,
2003-01-24,26.64,2.14,3.7537537537537538,1.6137537537537536,15.28,6.544502617801047,4.404502617801047,,,
2003-01-27,,,,,,,,,,
2003-01-28,,,,,,,,,,
2003-01-29,,,,,,,,,,
2003-01-30,,,,,,,,,,
2003-01-31,26.17,2.19,3.8211692777990063,1.6311692777990063,15.26,6.553079947575361,4.363079947575361,,,
2003-02-03,,,,,,,,,,
2003-02-04,,,,,,,,,,
2003-02-05,,,,,,,,,,
2003-02-06,,,,,,,,,,
2003-02-07,25.27,2.07,3.957261574990107,1.8872615749901072,14.83,6.743088334457181,4.673088334457182,,,
2003-02-10,,,,,,,,,,
2003-02-11,,,,,,,,,,
2003-02-12,,,,,,,,,,
2003-02-13,,,,,,,,,,
2003-02-14,26.0,2.03,3.8461538461538463,1.8161538461538465,14.91,6.70690811535882,4.67690811535882,,,
2003-02-18,,,,,,,,,,
2003-02-19,,,,,,,,,,
2003-02-20,,,,,,,,,,
2003-02-21,26.62,1.93,3.756574004507889,1.8265740045078889,15.09,6.626905235255136,4.696905235255136,,,
2003-02-24,,,,,,,,,,
2003-02-25,,,,,,,,,,
2003-02-26,,,,,,,,,,
2003-02-27,,,,,,,,,,
2003-02-28,26.07,1.77,3.8358266206367473,2.065826620636748,14.87,6.724949562878279,4.954949562878278,,,
2003-03-03,,,,,,,,,,
2003-03-04,,,,,,,,,,
2003-03-05,,,,,,,,,,
2003-03-06,,,,,,,,,,
2003-03-07,25.3,1.72,3.952569169960474,2.232569169960474,14.66,6.8212824010914055,5.101282401091406,,,
2003-03-10,,,,,,,,,,
2003-03-11,,,,,,,,,,
2003-03-12,,,,,,,,,,
2003-03-13,,,,,,,,,,
2003-03-14,26.28,1.89,3.8051750380517504,1.9151750380517505,14.74,6.784260515603799,4.8942605156038,,,
2003-03-17,,,,,,,,,,
2003-03-18,,,,,,,,,,
2003-03-19,,,,,,,,,,
2003-03-20,,,,,,,,,,
2003-03-21,27.56,2.29,3.62844702467344,1.33844702467344,15.8,6.329113924050633,4.039113924050633,,,
2003-03-24,,,,,,,,,,
2003-03-25,,,,,,,,,,
2003-03-26,,,,,,,,,,
2003-03-27,,,,,,,,,,
2003-03-28,26.2,2.09,3.816793893129771,1.7267938931297713,15.22,6.570302233902759,4.480302233902759,,,
2003-03-31,,,,,,,,,,
2003-04-01,,,,,,,,,,8.9
2003-04-02,,,,,,,,-32.00000000000003,,
2003-04-03,,,,,,,,-31.000000000000007,,
2003-04-04,26.29,2.16,3.8037276531000384,1.6437276531000382,15.52,6.443298969072165,4.283298969072165,-27.0,,
2003-04-07,,,,,,,,-21.0,,
2003-04-08,,,,,,,,-10.999999999999988,,
2003-04-09,,,,,,,,-28.000000000000025,,
2003-04-10,,,,,,,,-25.0,,
2003-04-11,25.67,2.23,3.895597974289053,1.665597974289053,15.25,6.557377049180328,4.327377049180328,-18.000000000000014,,
2003-04-14,,,,,,,,-11.999999999999966,,
2003-04-15,,,,,,,,-11.999999999999966,,
2003-04-16,,,,,,,,-10.999999999999988,,
2003-04-17,,,,,,,,-2.9999999999999805,,
2003-04-18,27.07,2.22,3.694126339120798,1.4741263391207975,15.68,6.377551020408164,4.157551020408164,,,
2003-04-21,,,,,,,,2.0000000000000018,,
2003-04-22,,,,,,,,4.000000000000004,,
2003-04-23,,,,,,,,5.999999999999961,,
2003-04-24,,,,,,,,8.000000000000007,,
2003-04-25,26.85,2.18,3.724394785847299,1.5443947858472993,15.74,6.353240152477763,4.173240152477764,4.000000000000004,,
2003-04-28,,,,,,,,-2.9999999999999805,,
2003-04-29,,,,,,,,1.000000000000023,,
2003-04-30,,,,,,,,-4.000000000000004,,
2003-05-01,,,,,,,,-6.000000000000005,,
2003-05-02,27.91,2.19,3.582945180938732,1.3929451809387317,16.26,6.150061500615005,3.9600615006150055,0.0,,
2003-05-05,,,,,,,,6.999999999999984,,
2003-05-06,,,,,,,,8.000000000000007,,
2003-05-07,,,,,,,,-4.999999999999982,,
2003-05-08,,,,,,,,-6.999999999999984,,
2003-05-09,28.04,2.0,3.566333808844508,1.566333808844508,16.27,6.1462814996926864,4.1462814996926864,-6.999999999999984,,
2003-05-12,,,,,,,,-8.000000000000007,,
2003-05-13,,,,,,,,-6.999999999999984,,
2003-05-14,,,,,,,,-15.99999999999997,,
2003-05-15,,,,,,,,-16.99999999999997,,
2003-05-16,28.05,1.84,3.5650623885918,1.7250623885918002,16.37,6.108735491753206,4.268735491753207,-18.99999999999997,,
2003-05-19,,,,,,,,-13.99999999999999,,
2003-05-20,,,,,,,,-17.999999999999993,,
2003-05-21,,,,,,,,-20.0,,
2003-05-22,,,,,,,,-22.0,,
2003-05-23,27.38,1.72,3.652300949598247,1.932300949598247,16.12,6.203473945409429,4.483473945409429,-21.0,,
2003-05-27,,,,,,,,-2.0000000000000018,,
2003-05-28,,,,,,,,-1.0000000000000009,,
2003-05-29,,,,,,,,0.0,,
2003-05-30,28.85,1.77,3.466204506065857,1.6962045060658577,16.6,6.024096385542168,4.254096385542168,6.000000000000005,,
2003-06-02,,,,,,,,6.000000000000005,,
2003-06-03,,,,,,,,-1.0000000000000009,,
2003-06-04,,,,,,,,-4.000000000000004,,
2003-06-05,,,,,,,,0.0,,
2003-06-06,28.97,1.76,3.4518467380048325,1.6918467380048323,16.97,5.892751915144373,4.1327519151443735,2.0000000000000018,,
2003-06-09,,,,,,,,-4.000000000000004,,
2003-06-10,,,,,,,,-7.999999999999985,,
2003-06-11,,,,,,,,-5.999999999999983,,
2003-06-12,,,,,,,,-10.999999999999988,,
2003-06-13,28.4,1.51,3.5211267605633805,2.01112676056338,16.93,5.906674542232723,4.396674542232724,-22.0,,
2003-06-16,,,,,,,,-29.999999999999982,,
2003-06-17,,,,,,,,-27.0,,
2003-06-18,,,,,,,,-29.000000000000004,,
2003-06-19,,,,,,,,-40.99999999999999,,
2003-06-20,28.86,1.77,3.465003465003465,1.6950034650034649,17.08,5.85480093676815,4.084800936768151,-43.000000000000014,,
2003-06-23,,,,,,,,-58.00000000000001,,
2003-06-24,,,,,,,,-50.00000000000002,,
2003-06-25,,,,,,,,-46.0,,
2003-06-26,,,,,,,,-29.999999999999982,,
2003-06-27,28.39,1.9,3.522367030644593,1.6223670306445932,16.74,5.973715651135007,4.073715651135007,-20.000000000000018,,
2003-06-30,,,,,,,,-19.0,,
2003-07-01,,,,,,,,-10.000000000000009,,3.4
2003-07-02,,,,,,,,-14.999999999999991,,
2003-07-03,,,,,,,,-3.000000000000025,,
2003-07-04,28.81,2.09,3.471017007983339,1.3810170079833393,16.86,5.931198102016608,3.841198102016608,,,
2003-07-07,,,,,,,,-6.999999999999984,,
2003-07-08,,,,,,,,-6.000000000000005,,
2003-07-09,,,,,,,,-12.99999999999999,,
2003-07-10,,,,,,,,-22.00000000000002,,
2003-07-11,29.87,1.88,3.347840642785404,1.4678406427854034,17.02,5.875440658049354,3.995440658049354,-35.00000000000001,,
2003-07-14,,,,,,,,-30.00000000000003,,
2003-07-15,,,,,,,,-12.00000000000001,,
2003-07-16,,,,,,,,-12.00000000000001,,
2003-07-17,,,,,,,,-17.000000000000036,,
2003-07-18,29.0,2.04,3.4482758620689653,1.4082758620689653,16.85,5.934718100890208,3.894718100890208,-18.000000000000014,,
2003-07-21,,,,,,,,-4.000000000000004,,
2003-07-22,,,,,,,,-8.000000000000007,,
2003-07-23,,,,,,,,-14.999999999999991,,
2003-07-24,,,,,,,,-4.000000000000004,,
2003-07-25,29.2,2.14,3.424657534246576,1.2846575342465751,16.83,5.9417706476530014,3.801770647653001,-4.000000000000004,,
2003-07-28,,,,,,,,10.999999999999988,,
2003-07-29,,,,,,,,15.99999999999997,,
2003-07-30,,,,,,,,15.99999999999997,,
2003-07-31,,,,,,,,25.0,,
2003-08-01,28.73,2.4,3.480682213713888,1.0806822137138878,16.49,6.064281382656156,3.664281382656156,27.0,,
2003-08-04,,,,,,,,14.999999999999991,,
2003-08-05,,,,,,,,24.00000000000002,,
2003-08-06,,,,,,,,16.999999999999993,,
2003-08-07,,,,,,,,27.0,,
2003-08-08,27.29,2.27,3.6643459142543056,1.3943459142543055,16.4,6.097560975609756,3.827560975609756,27.0,,
2003-08-11,,,,,,,,31.000000000000007,,
2003-08-12,,,,,,,,33.00000000000001,,
2003-08-13,,,,,,,,47.00000000000002,,
2003-08-14,,,,,,,,50.99999999999998,,
2003-08-15,28.22,2.36,3.5435861091424523,1.1835861091424524,16.57,6.035003017501508,3.675003017501509,49.99999999999998,,
2003-08-18,,,,,,,,49.0,,
2003-08-19,,,,,,,,39.000000000000014,,
2003-08-20,,,,,,,,52.99999999999998,,
2003-08-21,,,,,,,,56.00000000000001,,
2003-08-22,29.31,2.26,3.41180484476288,1.15180484476288,16.65,6.006006006006007,3.746006006006007,54.99999999999999,,
2003-08-25,,,,,,,,59.00000000000001,,
2003-08-26,,,,,,,,55.99999999999999,,
2003-08-27,,,,,,,,55.99999999999999,,
2003-08-28,,,,,,,,46.0,,
2003-08-29,29.93,2.29,3.341129301703976,1.051129301703976,16.85,5.934718100890208,3.644718100890208,53.0,,
2003-09-02,,,,,,,,60.00000000000001,,
2003-09-03,,,,,,,,63.99999999999999,,
2003-09-04,,,,,,,,58.99999999999999,,
2003-09-05,30.07,2.17,3.3255736614566014,1.1555736614566017,17.0,5.882352941176471,3.712352941176471,41.99999999999999,,
2003-09-08,,,,,,,,48.00000000000002,,
2003-09-09,,,,,,,,53.0,,
2003-09-10,,,,,,,,57.00000000000001,,
2003-09-11,,,,,,,,60.00000000000001,,
2003-09-12,29.73,2.18,3.3636057854019508,1.1836057854019506,16.93,5.906674542232723,3.726674542232723,61.00000000000001,,
2003-09-15,,,,,,,,67.00000000000001,,
2003-09-16,,,,,,,,66.99999999999997,,
2003-09-17,,,,,,,,50.00000000000002,,
2003-09-18,,,,,,,,39.000000000000014,,
2003-09-19,30.29,2.17,3.301419610432486,1.131419610432486,17.18,5.820721769499418,3.650721769499418,42.99999999999999,,
2003-09-22,,,,,,,,43.99999999999999,,
2003-09-23,,,,,,,,48.0,,
2003-09-24,,,,,,,,44.99999999999999,,
2003-09-25,,,,,,,,35.999999999999986,,
2003-09-26,28.47,1.99,3.512469265893924,1.5224692658939236,16.56,6.038647342995169,4.048647342995169,13.99999999999999,,
2003-09-29,,,,,,,,12.99999999999999,,
2003-09-30,,,,,,,,5.000000000000004,,
2003-10-01,,,,,,,,4.000000000000004,,0.0
2003-10-02,,,,,,,,4.999999999999982,,
2003-10-03,29.61,2.16,3.377237419790611,1.217237419790611,17.04,5.868544600938967,3.708544600938967,7.000000000000028,,
2003-10-06,,,,,,,,2.0000000000000018,,
2003-10-07,,,,,,,,2.9999999999999805,,
2003-10-08,,,,,,,,6.000000000000005,,
2003-10-09,,,,,,,,20.000000000000018,,
2003-10-10,30.07,2.14,3.3255736614566014,1.1855736614566013,17.13,5.837711617046118,3.6977116170461177,20.000000000000018,,
2003-10-14,,,,,,,,26.00000000000002,,
2003-10-15,,,,,,,,14.000000000000012,,
2003-10-16,,,,,,,,12.99999999999999,,
2003-10-17,29.31,2.14,3.41180484476288,1.2718048447628796,17.07,5.858230814294083,3.7182308142940825,9.00000000000003,,
2003-10-20,,,,,,,,8.999999999999986,,
2003-10-21,,,,,,,,-8.999999999999986,,
2003-10-22,,,,,,,,-12.00000000000001,,
2003-10-23,,,,,,,,-8.000000000000007,,
2003-10-24,28.49,1.92,3.5100035100035103,1.5900035100035104,16.89,5.920663114268798,4.000663114268798,-26.00000000000002,,
2003-10-27,,,,,,,,-18.000000000000014,,
2003-10-28,,,,,,,,-36.00000000000001,,
2003-10-29,,,,,,,,-39.99999999999999,,
2003-10-30,,,,,,,,-34.999999999999986,,
2003-10-31,29.34,1.93,3.408316291751875,1.4783162917518748,17.19,5.817335660267597,3.887335660267597,-48.00000000000002,,
2003-11-03,,,,,,,,-42.99999999999999,,
2003-11-04,,,,,,,,-40.99999999999999,,
2003-11-05,,,,,,,,-41.000000000000014,,
2003-11-06,,,,,,,,-25.99999999999998,,
2003-11-07,29.64,2.1,3.373819163292848,1.2738191632928473,17.17,5.824111822947,3.724111822947,-19.0,,
2003-11-10,,,,,,,,-18.000000000000014,,
2003-11-12,,,,,,,,-25.0,,
2003-11-13,,,,,,,,-47.00000000000002,,
2003-11-14,28.74,1.87,3.479471120389701,1.609471120389701,17.12,5.841121495327102,3.971121495327102,-50.99999999999998,,
2003-11-17,,,,,,,,-53.99999999999998,,
2003-11-18,,,,,,,,-50.0,,
2003-11-19,,,,,,,,-33.00000000000003,,
2003-11-20,,,,,,,,-33.999999999999986,,
2003-11-21,27.68,1.93,3.6127167630057806,1.6827167630057809,16.84,5.938242280285036,4.008242280285036,-36.00000000000001,,
2003-11-24,,,,,,,,-26.99999999999998,,
2003-11-25,,,,,,,,-39.000000000000014,,
2003-11-26,,,,,,,,-31.999999999999982,,
2003-11-28,28.77,2.03,3.4758428919012863,1.4458428919012865,17.14,5.834305717619603,3.804305717619604,-26.00000000000002,,
2003-12-01,,,,,,,,-21.0,,
2003-12-02,,,,,,,,-38.00000000000004,,
2003-12-03,,,,,,,,-31.999999999999982,,
2003-12-04,,,,,,,,-27.99999999999998,,
2003-12-05,28.05,1.92,3.5650623885918,1.6450623885918003,17.16,5.827505827505828,3.907505827505828,-25.0,,
2003-12-08,,,,,,,,-28.000000000000025,,
2003-12-09,,,,,,,,-21.0,,
2003-12-10,,,,,,,,-21.000000000000018,,
2003-12-11,,,,,,,,-32.00000000000003,,
2003-12-12,28.13,1.91,3.554923569143264,1.6449235691432638,17.31,5.777007510109764,3.8670075101097634,-27.000000000000025,,
2003-12-15,,,,,,,,-20.000000000000018,,
2003-12-16,,,,,,,,-26.99999999999998,,
2003-12-17,,,,,,,,-24.00000000000002,,
2003-12-18,,,,,,,,-24.00000000000002,,
2003-12-19,28.06,1.95,3.5637918745545263,1.6137918745545263,17.45,5.730659025787966,3.7806590257879655,-22.0,,
2003-12-22,,,,,,,,-23.0,,
2003-12-23,,,,,,,,-16.000000000000014,,
2003-12-24,,,,,,,,-16.999999999999993,,
2003-12-26,28.14,1.94,3.5536602700781805,1.6136602700781806,17.48,5.720823798627002,3.780823798627002,-5.000000000000004,,
2003-12-29,,,,,,,,-3.999999999999981,,
2003-12-30,,,,,,,,5.999999999999983,,
2003-12-31,,,,,,,,5.000000000000004,,
2004-01-01,,,,,,,,,,-17.9
2004-01-02,28.44,2.06,3.516174402250352,1.4561744022503516,17.61,5.6785917092561045,3.618591709256104,5.000000000000027,,
2004-01-05,,,,,,,,-10.000000000000009,,
2004-01-06,,,,,,,,-13.99999999999999,,
2004-01-07,,,,,,,,-23.0,,
2004-01-08,,,,,,,,-19.000000000000018,,
2004-01-09,29.55,1.89,3.3840947546531304,1.4940947546531305,17.7,5.649717514124294,3.7597175141242944,-31.00000000000003,,
2004-01-12,,,,,,,,-25.00000000000002,,
2004-01-13,,,,,,,,-31.000000000000007,,
2004-01-14,,,,,,,,-33.00000000000001,,
2004-01-15,,,,,,,,-38.000000000000014,,
2004-01-16,30.19,1.83,3.3123550844650547,1.4823550844650546,17.91,5.583472920156337,3.753472920156337,-37.99999999999999,,
2004-01-20,,,,,,,,-28.999999999999982,,
2004-01-21,,,,,,,,-33.00000000000001,,
2004-01-22,,,,,,,,-30.999999999999982,,
2004-01-23,29.76,1.82,3.3602150537634405,1.5402150537634405,17.83,5.608524957936063,3.788524957936063,-20.99999999999997,,
2004-01-26,,,,,,,,-3.0000000000000027,,
2004-01-27,,,,,,,,-11.99999999999999,,
2004-01-28,,,,,,,,1.0000000000000009,,
2004-01-29,,,,,,,,-7.000000000000006,,
2004-01-30,29.01,1.85,3.447087211306446,1.5970872113064458,17.62,5.675368898978434,3.8253688989784336,-11.99999999999999,,
2004-02-02,,,,,,,,-8.999999999999986,,
2004-02-03,,,,,,,,-15.999999999999991,,
2004-02-04,,,,,,,,-10.999999999999988,,
2004-02-05,,,,,,,,-16.999999999999993,,
2004-02-06,29.13,1.79,3.432887058015792,1.6428870580157913,17.72,5.643340857787811,3.8533408577878094,-29.000000000000004,,
2004-02-09,,,,,,,,-34.00000000000001,,
2004-02-10,,,,,,,,-29.999999999999982,,
2004-02-11,,,,,,,,-33.999999999999986,,
2004-02-12,,,,,,,,-27.0,,
2004-02-13,28.85,1.74,3.466204506065857,1.7262045060658575,17.66,5.662514156285391,3.922514156285392,-20.0,,
2004-02-17,,,,,,,,-7.000000000000006,,
2004-02-18,,,,,,,,-8.000000000000007,,
2004-02-19,,,,,,,,-14.999999999999991,,
2004-02-20,28.8,1.79,3.4722222222222223,1.6822222222222225,17.59,5.6850483229107445,3.895048322910744,-12.99999999999999,,
2004-02-23,,,,,,,,-16.999999999999993,,
2004-02-24,,,,,,,,-25.0,,
2004-02-25,,,,,,,,-21.0,,
2004-02-26,,,,,,,,-27.0,,
2004-02-27,28.57,1.61,3.5001750087504373,1.8901750087504368,17.54,5.701254275940707,4.091254275940707,-34.999999999999986,,
2004-03-01,,,,,,,,-53.0,,
2004-03-02,,,,,,,,-46.99999999999997,,
2004-03-03,,,,,,,,-49.0,,
2004-03-04,,,,,,,,-43.99999999999999,,
2004-03-05,28.62,1.46,3.4940600978336827,2.0340600978336827,17.7,5.649717514124294,4.189717514124294,-46.0,,
2004-03-08,,,,,,,,-53.0,,
2004-03-09,,,,,,,,-60.00000000000001,,
2004-03-10,,,,,,,,-52.0,,
2004-03-11,,,,,,,,-39.99999999999999,,
2004-03-12,27.82,1.52,3.5945363048166787,2.0745363048166787,17.07,5.858230814294083,4.338230814294082,-38.99999999999999,,
2004-03-15,,,,,,,,-51.0,,
2004-03-16,,,,,,,,-59.00000000000001,,
2004-03-17,,,,,,,,-59.99999999999999,,
2004-03-18,,,,,,,,-56.99999999999999,,
2004-03-19,27.18,1.44,3.679175864606328,2.239175864606328,16.81,5.94883997620464,4.508839976204641,-51.0,,
2004-03-22,,,,,,,,-56.00000000000001,,
2004-03-23,,,,,,,,-61.99999999999999,,
2004-03-24,,,,,,,,-58.00000000000001,,
2004-03-25,,,,,,,,-56.00000000000001,,
2004-03-26,27.5,1.47,3.636363636363636,2.166363636363636,16.63,6.013229104028864,4.543229104028864,-47.0,,
2004-03-29,,,,,,,,-49.0,,
2004-03-30,,,,,,,,-48.99999999999998,,
2004-03-31,,,,,,,,-52.0,,
2004-04-01,,,,,,,,-52.0,,-22.8
2004-04-02,28.96,1.69,3.453038674033149,1.7630386740331492,17.03,5.871990604815032,4.181990604815033,-37.000000000000014,,
2004-04-05,,,,,,,,-31.000000000000007,,
2004-04-06,,,,,,,,-24.0,,
2004-04-07,,,,,,,,-11.99999999999999,,
2004-04-08,,,,,,,,-19.0,,
2004-04-09,28.87,1.8,3.4638032559750607,1.6638032559750606,16.92,5.910165484633569,4.110165484633569,,,
2004-04-12,,,,,,,,-7.999999999999985,,
2004-04-13,,,,,,,,4.999999999999982,,
2004-04-14,,,,,,,,5.999999999999983,,
2004-04-15,,,,,,,,10.999999999999988,,
2004-04-16,28.16,1.87,3.551136363636364,1.6811363636363637,16.78,5.959475566150179,4.0894755661501785,4.000000000000004,,
2004-04-19,,,,,,,,4.000000000000004,,
2004-04-20,,,,,,,,12.99999999999999,,
2004-04-21,,,,,,,,16.999999999999993,,
2004-04-22,,,,,,,,22.0,,
2004-04-23,29.09,2.12,3.4376074252320383,1.3176074252320382,16.72,5.980861244019139,3.860861244019139,30.000000000000004,,
2004-04-26,,,,,,,,13.99999999999999,,
2004-04-27,,,,,,,,15.999999999999991,,
2004-04-28,,,,,,,,18.000000000000014,,
2004-04-29,,,,,,,,24.0,,
2004-04-30,27.23,2.11,3.672420124862284,1.5624201248622844,16.11,6.207324643078834,4.097324643078833,25.99999999999998,,
2004-05-03,,,,,,,,27.99999999999998,,
2004-05-04,,,,,,,,28.000000000000004,,
2004-05-05,,,,,,,,25.0,,
2004-05-06,,,,,,,,35.999999999999986,,
2004-05-07,27.33,2.24,3.658982802780827,1.418982802780827,15.91,6.285355122564424,4.045355122564424,45.000000000000014,,
2004-05-10,,,,,,,,46.0,,
2004-05-11,,,,,,,,46.0,,
2004-05-12,,,,,,,,39.99999999999999,,
2004-05-13,,,,,,,,44.000000000000014,,
2004-05-14,27.2,2.16,3.6764705882352944,1.5164705882352942,15.8,6.329113924050633,4.169113924050633,42.000000000000014,,
2004-05-17,,,,,,,,31.999999999999982,,
2004-05-18,,,,,,,,29.999999999999982,,
2004-05-19,,,,,,,,26.99999999999998,,
2004-05-20,,,,,,,,16.999999999999993,,
2004-05-21,27.36,2.04,3.654970760233918,1.614970760233918,15.69,6.373486297004462,4.333486297004462,25.0,,
2004-05-24,,,,,,,,26.99999999999998,,
2004-05-25,,,,,,,,31.999999999999982,,
2004-05-26,,,,,,,,30.000000000000004,,
2004-05-27,,,,,,,,35.999999999999986,,
2004-05-28,28.49,2.0,3.5100035100035103,1.5100035100035103,15.97,6.261740763932373,4.261740763932373,38.99999999999999,,
2004-06-01,,,,,,,,41.99999999999999,,
2004-06-02,,,,,,,,46.0,,
2004-06-03,,,,,,,,45.99999999999997,,
2004-06-04,28.28,2.11,3.536067892503536,1.4260678925035362,15.93,6.277463904582548,4.167463904582549,50.99999999999998,,
2004-06-07,,,,,,,,64.99999999999999,,
2004-06-08,,,,,,,,72.0,,
2004-06-09,,,,,,,,80.00000000000003,,
2004-06-10,,,,,,,,73.00000000000001,,
2004-06-11,28.79,2.18,3.473428273706148,1.293428273706148,16.08,6.218905472636816,4.0389054726368165,,,
2004-06-14,,,,,,,,73.99999999999997,,
2004-06-15,,,,,,,,69.00000000000001,,
2004-06-16,,,,,,,,78.00000000000003,,
2004-06-17,,,,,,,,80.0,,
2004-06-18,28.46,2.15,3.5137034434293746,1.3637034434293749,15.94,6.273525721455458,4.123525721455458,77.99999999999999,,
2004-06-21,,,,,,,,72.00000000000001,,
2004-06-22,,,,,,,,75.0,,
2004-06-23,,,,,,,,77.00000000000003,,
2004-06-24,,,,,,,,77.0,,
2004-06-25,29.12,2.16,3.434065934065934,1.2740659340659335,15.88,6.297229219143577,4.137229219143577,76.00000000000003,,
2004-06-28,,,,,,,,76.0,,
2004-06-29,,,,,,,,70.00000000000001,,
2004-06-30,,,,,,,,58.00000000000001,,
2004-07-01,,,,,,,,56.00000000000001,,-20.0
2004-07-02,28.78,1.96,3.4746351633078527,1.5146351633078527,15.72,6.361323155216285,4.401323155216285,27.0,,
2004-07-06,,,,,,,,24.0,,
2004-07-07,,,,,,,,17.999999999999993,,
2004-07-08,,,,,,,,22.0,,
2004-07-09,27.98,2.02,3.5739814152966405,1.5539814152966405,15.51,6.447453255963894,4.4274532559638935,22.0,,
2004-07-12,,,,,,,,21.0,,
2004-07-13,,,,,,,,14.999999999999991,,
2004-07-14,,,,,,,,11.00000000000001,,
2004-07-15,,,,,,,,7.999999999999985,,
2004-07-16,27.05,1.94,3.696857670979667,1.756857670979667,15.31,6.531678641410842,4.591678641410843,6.999999999999984,,
2004-07-19,,,,,,,,8.999999999999986,,
2004-07-20,,,,,,,,7.999999999999985,,
2004-07-21,,,,,,,,8.999999999999986,,
2004-07-22,,,,,,,,4.999999999999982,,
2004-07-23,26.73,2.0,3.741114852225963,1.7411148522259632,15.04,6.648936170212767,4.648936170212767,-12.00000000000001,,
2004-07-26,,,,,,,,2.0000000000000018,,
2004-07-27,,,,,,,,14.999999999999991,,
2004-07-28,,,,,,,,0.9999999999999788,,
2004-07-29,,,,,,,,-8.000000000000007,,
2004-07-30,27.21,2.01,3.675119441381845,1.665119441381845,15.19,6.583278472679394,4.5732784726793945,-10.000000000000009,,
2004-08-02,,,,,,,,-10.999999999999988,,
2004-08-03,,,,,,,,-10.999999999999988,,
2004-08-04,,,,,,,,-10.000000000000009,,
2004-08-05,,,,,,,,-14.000000000000012,,
2004-08-06,25.56,1.82,3.912363067292645,2.092363067292645,14.71,6.798096532970768,4.978096532970768,-32.999999999999986,,
2004-08-09,,,,,,,,-39.000000000000014,,
2004-08-10,,,,,,,,-35.00000000000001,,
2004-08-11,,,,,,,,-34.999999999999986,,
2004-08-12,,,,,,,,-35.999999999999986,,
2004-08-13,25.41,1.77,3.9354584809130255,2.1654584809130264,14.73,6.788866259334691,5.018866259334692,-41.000000000000014,,
2004-08-16,,,,,,,,-34.00000000000001,,
2004-08-17,,,,,,,,-24.99999999999998,,
2004-08-18,,,,,,,,-21.99999999999997,,
2004-08-19,,,,,,,,-26.99999999999998,,
2004-08-20,26.56,1.79,3.765060240963856,1.975060240963856,15.08,6.63129973474801,4.84129973474801,-16.999999999999993,,
2004-08-23,,,,,,,,-17.999999999999993,,
2004-08-24,,,,,,,,-13.999999999999968,,
2004-08-25,,,,,,,,-14.999999999999991,,
2004-08-26,,,,,,,,-12.99999999999999,,
2004-08-27,26.98,1.86,3.7064492216456633,1.8464492216456632,15.17,6.591957811470007,4.731957811470006,-10.999999999999988,,
2004-08-30,,,,,,,,-16.999999999999993,,
2004-08-31,,,,,,,,-22.0,,
2004-09-01,,,,,,,,-20.0,,
2004-09-02,,,,,,,,-21.0,,
2004-09-03,26.66,1.88,3.750937734433609,1.870937734433609,15.24,6.561679790026247,4.681679790026247,-16.999999999999993,,
2004-09-07,,,,,,,,-24.99999999999998,,
2004-09-08,,,,,,,,-32.999999999999986,,
2004-09-09,,,,,,,,-37.000000000000014,,
2004-09-10,27.46,1.83,3.6416605972323377,1.8116605972323376,15.32,6.527415143603133,4.697415143603133,-35.00000000000001,,
2004-09-13,,,,,,,,-37.000000000000014,,
2004-09-14,,,,,,,,-44.99999999999997,,
2004-09-15,,,,,,,,-30.000000000000004,,
2004-09-16,,,,,,,,-37.000000000000014,,
2004-09-17,27.72,1.85,3.607503607503608,1.7575036075036077,15.35,6.514657980456026,4.664657980456026,-31.000000000000007,,
2004-09-20,,,,,,,,-34.999999999999986,,
2004-09-21,,,,,,,,-36.00000000000001,,
2004-09-22,,,,,,,,-43.99999999999999,,
2004-09-23,,,,,,,,-42.000000000000014,,
2004-09-24,27.19,1.78,3.6778227289444647,1.897822728944465,15.07,6.635700066357001,4.8557000663570005,-36.99999999999999,,
2004-09-27,,,,,,,,-44.000000000000014,,
2004-09-28,,,,,,,,-53.0,,
2004-09-29,,,,,,,,-44.000000000000014,,
2004-09-30,,,,,,,,-33.00000000000001,,
2004-10-01,28.23,1.83,3.542330853701736,1.7123308537017357,15.33,6.523157208088715,4.6931572080887145,-21.0,,-21.1
2004-10-04,,,,,,,,-9.999999999999986,,
2004-10-05,,,,,,,,-11.99999999999999,,
2004-10-06,,,,,,,,-7.000000000000006,,
2004-10-07,,,,,,,,-11.00000000000001,,
2004-10-08,27.81,1.78,3.5958288385472854,1.8158288385472847,15.12,6.613756613756614,4.833756613756614,-24.0,,
2004-10-12,,,,,,,,-27.0,,
2004-10-13,,,,,,,,-30.999999999999982,,
2004-10-14,,,,,,,,-34.00000000000001,,
2004-10-15,27.81,1.7,3.5958288385472854,1.8958288385472848,14.92,6.702412868632708,5.002412868632708,-30.999999999999982,,
2004-10-18,,,,,,,,-23.0,,
2004-10-19,,,,,,,,-26.0,,
2004-10-20,,,,,,,,-38.99999999999999,,
2004-10-21,,,,,,,,-42.99999999999997,,
2004-10-22,27.95,1.64,3.577817531305904,1.937817531305904,14.72,6.7934782608695645,5.153478260869565,-38.99999999999999,,
2004-10-25,,,,,,,,-37.000000000000014,,
2004-10-26,,,,,,,,-41.99999999999999,,
2004-10-27,,,,,,,,-41.99999999999999,,
2004-10-28,,,,,,,,-42.99999999999999,,
2004-10-29,28.89,1.63,3.461405330564209,1.831405330564209,15.1,6.622516556291391,4.992516556291391,-43.99999999999999,,
2004-11-01,,,,,,,,-33.999999999999986,,
2004-11-02,,,,,,,,-38.99999999999999,,
2004-11-03,,,,,,,,-36.99999999999999,,
2004-11-04,,,,,,,,-35.00000000000001,,
2004-11-05,29.64,1.71,3.373819163292848,1.6638191632928474,15.56,6.426735218508997,4.7167352185089975,-25.0,,
2004-11-08,,,,,,,,-10.000000000000009,,
2004-11-09,,,,,,,,-11.00000000000001,,
2004-11-10,,,,,,,,-14.999999999999991,,
2004-11-12,30.28,1.71,3.3025099075297226,1.5925099075297229,15.77,6.341154090044388,4.631154090044388,-10.000000000000009,,
2004-11-15,,,,,,,,-10.000000000000009,,
2004-11-16,,,,,,,,-14.000000000000012,,
2004-11-17,,,,,,,,-19.000000000000018,,
2004-11-18,,,,,,,,-19.000000000000018,,
2004-11-19,30.16,1.67,3.315649867374005,1.6456498673740052,15.49,6.455777921239509,4.785777921239509,-9.000000000000007,,
2004-11-22,,,,,,,,-16.999999999999993,,
2004-11-23,,,,,,,,-21.000000000000018,,
2004-11-24,,,,,,,,-23.00000000000002,,
2004-11-26,30.67,1.66,3.2605151613955003,1.6005151613955004,15.57,6.422607578676943,4.762607578676943,-20.000000000000018,,
2004-11-29,,,,,,,,-12.00000000000001,,
2004-11-30,,,,,,,,-8.000000000000007,,
2004-12-01,,,,,,,,2.0000000000000018,,
2004-12-02,,,,,,,,0.0,,
2004-12-03,31.37,1.73,3.18775900541919,1.4577590054191902,15.63,6.397952655150352,4.667952655150351,-14.999999999999991,,
2004-12-06,,,,,,,,-17.999999999999993,,
2004-12-07,,,,,,,,-17.000000000000014,,
2004-12-08,,,,,,,,-20.0,,
2004-12-09,,,,,,,,-19.000000000000018,,
2004-12-10,31.19,1.66,3.206155819172812,1.5461558191728118,15.46,6.468305304010349,4.808305304010349,-17.000000000000014,,
2004-12-13,,,,,,,,-16.000000000000014,,
2004-12-14,,,,,,,,-19.0,,
2004-12-15,,,,,,,,-29.000000000000004,,
2004-12-16,,,,,,,,-17.000000000000014,,
2004-12-17,31.03,1.64,3.222687721559781,1.582687721559781,15.54,6.435006435006436,4.795006435006436,-21.000000000000018,,
2004-12-20,,,,,,,,-17.999999999999993,,
2004-12-21,,,,,,,,-21.0,,
2004-12-22,,,,,,,,-10.000000000000009,,
2004-12-23,,,,,,,,-13.99999999999999,,
2004-12-24,31.36,1.62,3.188775510204082,1.5687755102040817,15.82,6.321112515802781,4.701112515802781,,,
2004-12-27,,,,,,,,-5.000000000000004,,
2004-12-28,,,,,,,,-1.0000000000000009,,
2004-12-29,,,,,,,,-3.0000000000000027,,
2004-12-30,,,,,,,,-7.000000000000006,,
2004-12-31,31.5,1.68,3.1746031746031744,1.4946031746031745,15.79,6.3331222292590255,4.653122229259026,-9.000000000000007,,
2005-01-01,,,,,,,,,,-23.6
2005-01-03,,,,,,,,-13.00000000000001,,
2005-01-04,,,,,,,,-8.000000000000007,,
2005-01-05,,,,,,,,-5.000000000000004,,
2005-01-06,,,,,,,,-13.99999999999999,,
2005-01-07,,,,,15.45,6.472491909385114,4.672491909385114,-8.999999999999986,,
2005-01-10,,,,,,,,-1.0000000000000009,,
2005-01-11,,,,,,,,-2.0000000000000018,,
2005-01-12,,,,,,,,-2.0000000000000018,,
2005-01-13,,,,,,,,-2.0000000000000018,,
2005-01-14,,,,,15.43,6.480881399870382,4.760881399870383,4.000000000000004,,
2005-01-18,,,,,,,,0.0,,
2005-01-19,,,,,,,,0.0,,
2005-01-20,,,,,,,,4.000000000000004,,
2005-01-21,,,,,15.21,6.574621959237343,4.884621959237343,6.999999999999984,,
2005-01-24,,,,,,,,4.000000000000004,,
2005-01-25,,,,,,,,11.00000000000001,,
2005-01-26,,,,,,,,9.000000000000007,,
2005-01-27,,,,,,,,-1.0000000000000009,,
2005-01-28,,,,,15.26,6.553079947575361,4.90307994757536,-3.0000000000000027,,
2005-01-31,,,,,,,,2.0000000000000018,,
2005-02-01,,,,,,,,0.0,,
2005-02-02,,,,,,,,8.999999999999986,,
2005-02-03,,,,,,,,11.99999999999999,,
2005-02-04,,,,,15.67,6.381620931716656,4.731620931716655,0.0,,
2005-02-07,,,,,,,,-8.999999999999986,,
2005-02-08,,,,,,,,-14.999999999999991,,
2005-02-09,,,,,,,,-25.0,,
2005-02-10,,,,,,,,-17.999999999999993,,
2005-02-11,,,,,15.7,6.369426751592357,4.799426751592357,-17.999999999999993,,
2005-02-14,,,,,,,,-16.999999999999993,,
2005-02-15,,,,,,,,-5.999999999999983,,
2005-02-16,,,,,,,,-3.0000000000000027,,
2005-02-17,,,,,,,,2.0000000000000018,,
2005-02-18,,,,,15.65,6.389776357827476,4.719776357827476,3.0000000000000027,,
2005-02-22,,,,,,,,4.999999999999982,,
2005-02-23,,,,,,,,-1.0000000000000009,,
2005-02-24,,,,,,,,1.0000000000000009,,
2005-02-25,,,,,15.78,6.337135614702155,4.697135614702155,0.0,,
2005-02-28,,,,,,,,4.000000000000004,,
2005-03-01,,,,,,,,-10.000000000000009,,
2005-03-02,,,,,,,,-14.000000000000012,,
2005-03-03,,,,,,,,-4.000000000000004,,
2005-03-04,,,,,15.92,6.28140703517588,4.631407035175879,-8.000000000000007,,
2005-03-07,,,,,,,,-6.000000000000005,,
2005-03-08,,,,,,,,4.999999999999982,,
2005-03-09,,,,,,,,13.00000000000001,,
2005-03-10,,,,,,,,10.000000000000009,,
2005-03-11,,,,,15.63,6.397952655150352,4.577952655150352,16.000000000000014,,
2005-03-14,,,,,,,,20.0,,
2005-03-15,,,,,,,,25.0,,
2005-03-16,,,,,,,,15.000000000000014,,
2005-03-17,,,,,,,,9.000000000000007,,
2005-03-18,,,,,15.5,6.451612903225806,4.681612903225807,13.00000000000001,,
2005-03-21,,,,,,,,21.0,,
2005-03-22,,,,,,,,24.00000000000002,,
2005-03-23,,,,,,,,29.999999999999982,,
2005-03-24,,,,,,,,27.99999999999998,,
2005-03-25,,,,,15.26,6.553079947575361,4.65307994757536,,,
2005-03-28,,,,,,,,25.0,,
2005-03-29,,,,,,,,17.999999999999993,,
2005-03-30,,,,,,,,19.0,,
2005-03-31,,,,,,,,11.00000000000001,,
2005-04-01,,,,,15.28,6.544502617801047,4.774502617801048,9.000000000000007,,-24.1
2005-04-04,,,,,,,,1.0000000000000009,,
2005-04-05,,,,,,,,2.0000000000000018,,
2005-04-06,,,,,,,,4.000000000000004,,
2005-04-07,,,,,,,,5.000000000000004,,
2005-04-08,,,,,15.39,6.49772579597141,4.65772579597141,4.000000000000004,,
2005-04-11,,,,,,,,6.000000000000005,,
2005-04-12,,,,,,,,0.0,,
2005-04-13,,,,,,,,4.000000000000004,,
2005-04-14,,,,,,,,0.0,,
2005-04-15,,,,,14.9,6.711409395973154,5.0414093959731545,-5.000000000000004,,
2005-04-18,,,,,,,,-5.000000000000004,,
2005-04-19,,,,,,,,-7.999999999999985,,
2005-04-20,,,,,,,,-9.999999999999986,,
2005-04-21,,,,,,,,-3.0000000000000027,,
2005-04-22,,,,,14.89,6.715916722632639,5.105916722632639,-7.999999999999985,,
2005-04-25,,,,,,,,-11.00000000000001,,
2005-04-26,,,,,,,,-6.000000000000005,,
2005-04-27,,,,,,,,-7.000000000000006,,
2005-04-28,,,,,,,,-6.999999999999984,,
2005-04-29,,,,,14.91,6.70690811535882,5.096908115358819,-3.999999999999981,,
2005-05-02,,,,,,,,-8.999999999999986,,
2005-05-03,,,,,,,,-9.000000000000007,,
2005-05-04,,,,,,,,-2.0000000000000018,,
2005-05-05,,,,,,,,-2.9999999999999805,,
2005-05-06,,,,,15.1,6.622516556291391,4.932516556291391,4.000000000000004,,
2005-05-09,,,,,,,,20.0,,
2005-05-10,,,,,,,,7.999999999999985,,
2005-05-11,,,,,,,,6.999999999999984,,
2005-05-12,,,,,,,,8.999999999999986,,
2005-05-13,,,,,14.84,6.738544474393531,5.078544474393531,8.999999999999986,,
2005-05-16,,,,,,,,1.0000000000000009,,
2005-05-17,,,,,,,,-1.0000000000000009,,
2005-05-18,,,,,,,,-2.0000000000000018,,
2005-05-19,,,,,,,,2.0000000000000018,,
2005-05-20,,,,,15.29,6.540222367560498,4.870222367560498,0.0,,
2005-05-23,,,,,,,,1.0000000000000009,,
2005-05-24,,,,,,,,-2.9999999999999805,,
2005-05-25,,,,,,,,2.0000000000000018,,
2005-05-26,,,,,,,,5.000000000000004,,
2005-05-27,,,,,15.36,6.510416666666667,4.840416666666667,3.0000000000000027,,
2005-05-31,,,,,,,,-7.000000000000006,,
2005-06-01,,,,,,,,-14.999999999999991,,
2005-06-02,,,,,,,,-13.99999999999999,,
2005-06-03,,,,,15.32,6.527415143603133,4.917415143603133,-7.999999999999985,,
2005-06-06,,,,,,,,-4.999999999999982,,
2005-06-07,,,,,,,,-2.9999999999999805,,
2005-06-08,,,,,,,,-4.000000000000004,,
2005-06-09,,,,,,,,-13.00000000000001,,
2005-06-10,,,,,15.3,6.5359477124183005,4.7959477124183,-2.0000000000000018,,
2005-06-13,,,,,,,,-6.000000000000005,,
2005-06-14,,,,,,,,-3.0000000000000027,,
2005-06-15,,,,,,,,-3.0000000000000027,,
2005-06-16,,,,,,,,-4.000000000000004,,
2005-06-17,,,,,15.49,6.455777921239509,4.735777921239509,-1.0000000000000009,,
2005-06-20,,,,,,,,-3.0000000000000027,,
2005-06-21,,,,,,,,-8.000000000000007,,
2005-06-22,,,,,,,,-19.000000000000018,,
2005-06-23,,,,,,,,-24.0,,
2005-06-24,,,,,15.1,6.622516556291391,4.97251655629139,-25.0,,
2005-06-27,,,,,,,,-27.99999999999998,,
2005-06-28,,,,,,,,-27.0,,
2005-06-29,,,,,,,,-22.0,,
2005-06-30,,,,,,,,-22.0,,
2005-07-01,,,,,15.1,6.622516556291391,4.872516556291391,-2.0000000000000018,,-16.7
2005-07-05,,,,,,,,-1.0000000000000009,,
2005-07-06,,,,,,,,-2.0000000000000018,,
2005-07-07,,,,,,,,-8.000000000000007,,
2005-07-08,,,,,15.27,6.5487884741322855,4.718788474132285,-1.0000000000000009,,
2005-07-11,,,,,,,,-1.0000000000000009,,
2005-07-12,,,,,,,,10.000000000000009,,
2005-07-13,,,,,,,,13.00000000000001,,
2005-07-14,,,,,,,,22.0,,
2005-07-15,,,,,15.46,6.468305304010349,4.518305304010349,28.000000000000004,,
2005-07-18,,,,,,,,32.00000000000001,,
2005-07-19,,,,,,,,29.999999999999982,,
2005-07-20,,,,,,,,29.999999999999982,,
2005-07-21,,,,,,,,29.000000000000004,,
2005-07-22,,,,,15.53,6.439150032195751,4.549150032195751,27.99999999999998,,
2005-07-25,,,,,,,,31.000000000000007,,
2005-07-26,,,,,,,,26.0,,
2005-07-27,,,,,,,,27.0,,
2005-07-28,,,,,,,,28.000000000000004,,
2005-07-29,,,,,15.39,6.49772579597141,4.57772579597141,30.999999999999982,,
2005-08-01,,,,,,,,33.999999999999986,,
2005-08-02,,,,,,,,37.99999999999999,,
2005-08-03,,,,,,,,29.000000000000004,,
2005-08-04,,,,,,,,31.000000000000007,,
2005-08-05,,,,,15.25,6.557377049180328,4.557377049180328,37.99999999999999,,
2005-08-08,,,,,,,,33.00000000000001,,
2005-08-09,,,,,,,,33.00000000000001,,
2005-08-10,,,,,,,,35.999999999999986,,
2005-08-11,,,,,,,,33.00000000000001,,
2005-08-12,,,,,15.27,6.5487884741322855,4.638788474132285,25.0,,
2005-08-15,,,,,,,,26.0,,
2005-08-16,,,,,,,,21.000000000000018,,
2005-08-17,,,,,,,,27.0,,
2005-08-18,,,,,,,,21.000000000000018,,
2005-08-19,,,,,14.97,6.68002672010688,4.830026720106879,16.000000000000014,,
2005-08-22,,,,,,,,19.000000000000018,,
2005-08-23,,,,,,,,20.000000000000018,,
2005-08-24,,,,,,,,21.0,,
2005-08-25,,,,,,,,14.000000000000012,,
2005-08-26,,,,,14.72,6.7934782608695645,4.983478260869564,12.00000000000001,,
2005-08-29,,,,,,,,12.00000000000001,,
2005-08-30,,,,,,,,4.000000000000004,,
2005-08-31,,,,,,,,2.0000000000000018,,
2005-09-01,,,,,,,,7.000000000000006,,
2005-09-02,,,,,14.77,6.7704807041299935,5.180480704129994,4.000000000000004,,
2005-09-06,,,,,,,,4.999999999999982,,
2005-09-07,,,,,,,,8.999999999999986,,
2005-09-08,,,,,,,,5.000000000000004,,
2005-09-09,,,,,14.89,6.715916722632639,5.075916722632639,0.0,,
2005-09-12,,,,,,,,-5.000000000000004,,
2005-09-13,,,,,,,,-9.000000000000007,,
2005-09-14,,,,,,,,-11.00000000000001,,
2005-09-15,,,,,,,,-8.000000000000007,,
2005-09-16,,,,,14.9,6.711409395973154,4.981409395973154,-2.0000000000000018,,
2005-09-19,,,,,,,,-2.0000000000000018,,
2005-09-20,,,,,,,,0.0,,
2005-09-21,,,,,,,,-4.000000000000004,,
2005-09-22,,,,,,,,-1.0000000000000009,,
2005-09-23,,,,,14.57,6.863417982155113,5.123417982155113,6.000000000000005,,
2005-09-26,,,,,,,,13.00000000000001,,
2005-09-27,,,,,,,,14.999999999999991,,
2005-09-28,,,,,,,,6.000000000000005,,
2005-09-29,,,,,,,,6.000000000000005,,
2005-09-30,,,,,14.7,6.802721088435375,5.022721088435374,11.00000000000001,,
2005-10-01,,,,,,,,,,-8.8
2005-10-03,,,,,,,,9.000000000000007,,
2005-10-04,,,,,,,,12.00000000000001,,
2005-10-05,,,,,,,,6.000000000000005,,
2005-10-06,,,,,,,,12.99999999999999,,
2005-10-07,,,,,14.23,7.027406886858749,5.127406886858749,12.99999999999999,,
2005-10-11,,,,,,,,10.999999999999988,,
2005-10-12,,,,,,,,12.99999999999999,,
2005-10-13,,,,,,,,8.999999999999986,,
2005-10-14,,,,,14.05,7.117437722419928,5.137437722419929,4.000000000000004,,
2005-10-17,,,,,,,,-1.0000000000000009,,
2005-10-18,,,,,,,,-6.000000000000005,,
2005-10-19,,,,,,,,0.0,,
2005-10-20,,,,,,,,2.0000000000000018,,
2005-10-21,,,,,13.89,7.199424046076314,5.309424046076314,-6.000000000000005,,
2005-10-24,,,,,,,,4.000000000000004,,
2005-10-25,,,,,,,,10.999999999999988,,
2005-10-26,,,,,,,,14.000000000000012,,
2005-10-27,,,,,,,,8.999999999999986,,
2005-10-28,,,,,14.1,7.092198581560284,5.082198581560284,14.999999999999968,,
2005-10-31,,,,,,,,8.000000000000007,,
2005-11-01,,,,,,,,5.000000000000004,,
2005-11-02,,,,,,,,3.0000000000000027,,
2005-11-03,,,,,,,,9.999999999999986,,
2005-11-04,,,,,14.32,6.983240223463687,4.923240223463687,12.00000000000001,,
2005-11-07,,,,,,,,2.9999999999999805,,
2005-11-08,,,,,,,,-1.000000000000023,,
2005-11-09,,,,,,,,6.000000000000005,,
2005-11-10,,,,,,,,6.000000000000005,,
2005-11-11,,,,,14.49,6.901311249137336,4.831311249137336,,,
2005-11-14,,,,,,,,23.00000000000002,,
2005-11-15,,,,,,,,20.000000000000018,,
2005-11-16,,,,,,,,19.99999999999997,,
2005-11-17,,,,,,,,13.00000000000001,,
2005-11-18,,,,,14.63,6.835269993164729,4.7452699931647295,22.99999999999997,,
2005-11-21,,,,,,,,23.0,,
2005-11-22,,,,,,,,16.99999999999997,,
2005-11-23,,,,,,,,23.0,,
2005-11-25,,,,,14.88,6.720430107526881,4.670430107526881,24.99999999999998,,
2005-11-28,,,,,,,,23.0,,
2005-11-29,,,,,,,,31.999999999999982,,
2005-11-30,,,,,,,,41.000000000000014,,
2005-12-01,,,,,,,,53.99999999999998,,
2005-12-02,,,,,14.81,6.75219446320054,4.592194463200539,57.00000000000001,,
2005-12-05,,,,,,,,57.99999999999999,,
2005-12-06,,,,,,,,47.00000000000002,,
2005-12-07,,,,,,,,49.00000000000002,,
2005-12-08,,,,,,,,46.00000000000002,,
2005-12-09,,,,,14.71,6.798096532970768,4.618096532970768,54.00000000000003,,
2005-12-12,,,,,,,,48.0,,
2005-12-13,,,,,,,,49.00000000000002,,
2005-12-14,,,,,,,,42.000000000000014,,
2005-12-15,,,,,,,,41.000000000000014,,
2005-12-16,,,,,14.79,6.76132521974307,4.65132521974307,37.99999999999999,,
2005-12-19,,,,,,,,40.99999999999999,,
2005-12-20,,,,,,,,38.000000000000014,,
2005-12-21,,,,,,,,46.00000000000002,,
2005-12-22,,,,,,,,43.99999999999999,,
2005-12-23,,,,,14.77,6.7704807041299935,4.700480704129994,32.999999999999986,,
2005-12-27,,,,,,,,27.99999999999998,,
2005-12-28,,,,,,,,37.000000000000014,,
2005-12-29,,,,,,,,31.999999999999982,,
2005-12-30,,,,,14.51,6.891798759476224,4.831798759476223,28.000000000000004,,
2006-01-01,,,,,,,,,,-10.7
2006-01-03,,,,,,,,18.99999999999997,,
2006-01-04,,,,,,,,13.999999999999968,,
2006-01-05,,,,,,,,17.999999999999993,,
2006-01-06,,,,,14.92,6.702412868632708,4.652412868632708,13.99999999999999,,
2006-01-09,,,,,,,,14.999999999999991,,
2006-01-10,,,,,,,,16.000000000000014,,
2006-01-11,,,,,,,,14.999999999999991,,
2006-01-12,,,,,,,,4.999999999999982,,
2006-01-13,,,,,14.94,6.693440428380188,4.723440428380188,1.0000000000000009,,
2006-01-17,,,,,,,,1.0000000000000009,,
2006-01-18,,,,,,,,5.000000000000004,,
2006-01-19,,,,,,,,5.000000000000004,,
2006-01-20,,,,,14.56,6.868131868131868,4.928131868131867,2.0000000000000018,,
2006-01-23,,,,,,,,5.000000000000004,,
2006-01-24,,,,,,,,4.000000000000004,,
2006-01-25,,,,,,,,-2.0000000000000018,,
2006-01-26,,,,,,,,-5.000000000000027,,
2006-01-27,,,,,14.75,6.779661016949152,4.759661016949153,1.000000000000023,,
2006-01-30,,,,,,,,2.0000000000000018,,
2006-01-31,,,,,,,,0.0,,
2006-02-01,,,,,,,,2.0000000000000018,,
2006-02-02,,,,,,,,2.0000000000000018,,
2006-02-03,,,,,14.51,6.891798759476224,4.891798759476224,-2.9999999999999805,,
2006-02-06,,,,,,,,-6.000000000000005,,
2006-02-07,,,,,,,,-0.9999999999999788,,
2006-02-08,,,,,,,,6.000000000000005,,
2006-02-09,,,,,,,,-3.000000000000025,,
2006-02-10,,,,,14.54,6.87757909215956,4.78757909215956,2.0000000000000018,,
2006-02-13,,,,,,,,1.000000000000023,,
2006-02-14,,,,,,,,0.0,,
2006-02-15,,,,,,,,0.9999999999999788,,
2006-02-16,,,,,,,,3.000000000000025,,
2006-02-17,,,,,14.72,6.7934782608695645,4.763478260869565,-1.000000000000023,,
2006-02-21,,,,,,,,-4.000000000000004,,
2006-02-22,,,,,,,,-2.0000000000000018,,
2006-02-23,,,,,,,,-5.000000000000027,,
2006-02-24,,,,,14.72,6.7934782608695645,4.773478260869565,-6.000000000000005,,
2006-02-27,,,,,,,,-0.9999999999999788,,
2006-02-28,,,,,,,,-2.0000000000000018,,
2006-03-01,,,,,,,,-12.99999999999999,,
2006-03-02,,,,,,,,-11.000000000000032,,
2006-03-03,,,,,14.66,6.8212824010914055,4.751282401091405,-9.00000000000003,,
2006-03-06,,,,,,,,2.0000000000000018,,
2006-03-07,,,,,,,,-2.0000000000000018,,
2006-03-08,,,,,,,,6.000000000000005,,
2006-03-09,,,,,,,,2.0000000000000018,,
2006-03-10,,,,,14.57,6.863417982155113,4.6334179821551125,4.999999999999982,,
2006-03-13,,,,,,,,8.000000000000007,,
2006-03-14,,,,,,,,6.999999999999984,,
2006-03-15,,,,,,,,6.000000000000005,,
2006-03-16,,,,,,,,1.000000000000023,,
2006-03-17,,,,,14.81,6.75219446320054,4.592194463200539,5.000000000000027,,
2006-03-20,,,,,,,,2.9999999999999805,,
2006-03-21,,,,,,,,8.999999999999986,,
2006-03-22,,,,,,,,12.00000000000001,,
2006-03-23,,,,,,,,17.000000000000036,,
2006-03-24,,,,,14.76,6.775067750677507,4.575067750677507,13.000000000000034,,
2006-03-27,,,,,,,,18.000000000000014,,
2006-03-28,,,,,,,,19.99999999999997,,
2006-03-29,,,,,,,,25.0,,
2006-03-30,,,,,,,,29.000000000000004,,
2006-03-31,,,,,14.65,6.8259385665529,4.4759385665529,29.000000000000004,,
2006-04-01,,,,,,,,,,-12.3
2006-04-03,,,,,,,,33.00000000000001,,
2006-04-04,,,,,,,,37.000000000000014,,
2006-04-05,,,,,,,,29.999999999999982,,
2006-04-06,,,,,,,,33.00000000000001,,
2006-04-07,,,,,14.72,6.7934782608695645,4.363478260869565,38.00000000000004,,
2006-04-10,,,,,,,,35.00000000000001,,
2006-04-11,,,,,,,,30.00000000000003,,
2006-04-12,,,,,,,,40.00000000000004,,
2006-04-13,,,,,,,,51.0,,
2006-04-14,,,,,14.58,6.858710562414266,4.378710562414266,,,
2006-04-17,,,,,,,,48.00000000000002,,
2006-04-18,,,,,,,,40.99999999999999,,
2006-04-19,,,,,,,,40.99999999999999,,
2006-04-20,,,,,,,,48.0,,
2006-04-21,,,,,14.82,6.747638326585695,4.357638326585695,45.000000000000014,,
2006-04-24,,,,,,,,42.000000000000014,,
2006-04-25,,,,,,,,44.00000000000004,,
2006-04-26,,,,,,,,50.0,,
2006-04-27,,,,,,,,43.000000000000014,,
2006-04-28,,,,,14.76,6.775067750677507,4.385067750677507,37.000000000000014,,
2006-05-01,,,,,,,,39.99999999999999,,
2006-05-02,,,,,,,,39.000000000000014,,
2006-05-03,,,,,,,,47.00000000000002,,
2006-05-04,,,,,,,,49.00000000000002,,
2006-05-05,,,,,14.91,6.70690811535882,4.25690811535882,45.000000000000014,,
2006-05-08,,,,,,,,38.00000000000004,,
2006-05-09,,,,,,,,38.00000000000004,,
2006-05-10,,,,,,,,34.00000000000003,,
2006-05-11,,,,,,,,34.00000000000003,,
2006-05-12,,,,,14.5,6.896551724137931,4.42655172413793,38.00000000000004,,
2006-05-15,,,,,,,,34.00000000000003,,
2006-05-16,,,,,,,,33.999999999999986,,
2006-05-17,,,,,,,,44.00000000000004,,
2006-05-18,,,,,,,,38.00000000000004,,
2006-05-19,,,,,14.18,7.052186177715092,4.622186177715092,40.00000000000004,,
2006-05-22,,,,,,,,42.00000000000004,,
2006-05-23,,,,,,,,41.000000000000014,,
2006-05-24,,,,,,,,39.99999999999999,,
2006-05-25,,,,,,,,43.99999999999999,,
2006-05-26,,,,,14.32,6.983240223463687,4.543240223463688,41.99999999999999,,
2006-05-30,,,,,,,,43.000000000000014,,
2006-05-31,,,,,,,,46.0,,
2006-06-01,,,,,,,,43.99999999999999,,
2006-06-02,,,,,14.37,6.958942240779402,4.588942240779402,32.00000000000003,,
2006-06-05,,,,,,,,33.00000000000001,,
2006-06-06,,,,,,,,29.999999999999982,,
2006-06-07,,,,,,,,31.999999999999982,,
2006-06-08,,,,,,,,27.0,,
2006-06-09,,,,,13.91,7.1890726096333575,4.739072609633357,25.0,,
2006-06-12,,,,,,,,22.00000000000002,,
2006-06-13,,,,,,,,19.99999999999997,,
2006-06-14,,,,,,,,33.00000000000001,,
2006-06-15,,,,,,,,33.999999999999986,,
2006-06-16,,,,,13.85,7.220216606498195,4.680216606498195,41.99999999999999,,
2006-06-19,,,,,,,,41.99999999999999,,
2006-06-20,,,,,,,,43.000000000000014,,
2006-06-21,,,,,,,,35.999999999999986,,
2006-06-22,,,,,,,,37.99999999999999,,
2006-06-23,,,,,13.73,7.283321194464675,4.643321194464676,39.99999999999999,,
2006-06-26,,,,,,,,46.99999999999997,,
2006-06-27,,,,,,,,39.99999999999999,,
2006-06-28,,,,,,,,38.00000000000004,,
2006-06-29,,,,,,,,29.000000000000004,,
2006-06-30,,,,,13.99,7.147962830593281,4.607962830593281,19.0,,
2006-07-01,,,,,,,,,,-8.9
2006-07-03,,,,,,,,20.000000000000018,,
2006-07-05,,,,,,,,29.000000000000004,,
2006-07-06,,,,,,,,21.0,,
2006-07-07,,,,,13.91,7.1890726096333575,4.639072609633358,11.999999999999966,,
2006-07-10,,,,,,,,14.999999999999991,,
2006-07-11,,,,,,,,15.99999999999997,,
2006-07-12,,,,,,,,12.99999999999999,,
2006-07-13,,,,,,,,2.9999999999999805,,
2006-07-14,,,,,13.56,7.374631268436578,4.874631268436578,2.0000000000000018,,
2006-07-17,,,,,,,,6.000000000000005,,
2006-07-18,,,,,,,,16.999999999999993,,
2006-07-19,,,,,,,,11.000000000000032,,
2006-07-20,,,,,,,,3.000000000000025,,
2006-07-21,,,,,13.62,7.342143906020558,4.852143906020558,10.000000000000009,,
2006-07-24,,,,,,,,10.000000000000009,,
2006-07-25,,,,,,,,0.9999999999999788,,
2006-07-26,,,,,,,,-6.999999999999984,,
2006-07-27,,,,,,,,2.0000000000000018,,
2006-07-28,20.74,2.41,4.821600771456124,2.411600771456124,13.99,7.147962830593281,4.737962830593281,2.0000000000000018,,
2006-07-31,,,,,,,,2.0000000000000018,,
2006-08-01,,,,,,,,-2.0000000000000018,,
2006-08-02,,,,,,,,-7.000000000000028,,
2006-08-03,,,,,,,,-12.00000000000001,,
2006-08-04,20.6,2.3,4.854368932038835,2.5543689320388347,13.98,7.15307582260372,4.85307582260372,-19.00000000000004,,
2006-08-07,,,,,,,,-16.000000000000014,,
2006-08-08,,,,,,,,-18.000000000000014,,
2006-08-09,,,,,,,,-15.000000000000036,,
2006-08-10,,,,,,,,-13.000000000000034,,
2006-08-11,20.3,2.33,4.926108374384237,2.5961083743842366,13.84,7.225433526011561,4.895433526011561,-10.000000000000009,,
2006-08-14,,,,,,,,-11.000000000000032,,
2006-08-15,,,,,,,,-15.000000000000036,,
2006-08-16,,,,,,,,-16.000000000000014,,
2006-08-17,,,,,,,,-19.00000000000004,,
2006-08-18,21.5,2.26,4.651162790697675,2.391162790697675,14.2,7.042253521126761,4.782253521126761,-15.000000000000036,,
2006-08-21,,,,,,,,-20.000000000000018,,
2006-08-22,,,,,,,,-21.0,,
2006-08-23,,,,,,,,-19.0,,
2006-08-24,,,,,,,,-14.000000000000012,,
2006-08-25,21.14,2.24,4.7303689687795645,2.4903689687795643,14.09,7.097232079488999,4.857232079488999,-21.99999999999997,,
2006-08-28,,,,,,,,-16.000000000000014,,
2006-08-29,,,,,,,,-14.999999999999991,,
2006-08-30,,,,,,,,-17.000000000000036,,
2006-08-31,,,,,,,,-23.99999999999998,,
2006-09-01,21.52,2.25,4.646840148698885,2.3968401486988853,14.23,7.027406886858749,4.777406886858749,-21.0,,
2006-09-05,,,,,,,,-8.999999999999986,,
2006-09-06,,,,,,,,-12.00000000000001,,
2006-09-07,,,,,,,,-14.000000000000012,,
2006-09-08,21.26,2.35,4.703668861712135,2.353668861712135,14.07,7.107320540156361,4.7573205401563605,-12.00000000000001,,
2006-09-11,,,,,,,,-7.000000000000028,,
2006-09-12,,,,,,,,-9.00000000000003,,
2006-09-13,,,,,,,,-8.999999999999986,,
2006-09-14,,,,,,,,-14.999999999999991,,
2006-09-15,21.89,2.38,4.568296025582458,2.188296025582458,14.24,7.022471910112359,4.642471910112359,-14.000000000000012,,
2006-09-18,,,,,,,,-14.999999999999991,,
2006-09-19,,,,,,,,-23.0,,
2006-09-20,,,,,,,,-19.0,,
2006-09-21,,,,,,,,-27.99999999999998,,
2006-09-22,21.53,2.27,4.644681839294008,2.374681839294008,14.07,7.107320540156361,4.837320540156361,-33.999999999999986,,
2006-09-25,,,,,,,,-39.99999999999999,,
2006-09-26,,,,,,,,-41.99999999999999,,
2006-09-27,,,,,,,,-37.000000000000014,,
2006-09-28,,,,,,,,-41.000000000000014,,
2006-09-29,21.86,2.27,4.574565416285453,2.304565416285453,14.3,6.9930069930069925,4.723006993006992,-33.999999999999986,,
2006-10-01,,,,,,,,,,0.0
2006-10-02,,,,,,,,-27.0,,
2006-10-03,,,,,,,,-27.0,,
2006-10-04,,,,,,,,-29.000000000000004,,
2006-10-05,,,,,,,,-31.999999999999982,,
2006-10-06,22.23,2.37,4.49842555105713,2.1284255510571297,14.45,6.920415224913495,4.550415224913495,-21.99999999999997,,
2006-10-10,,,,,,,,-14.000000000000012,,
2006-10-11,,,,,,,,-7.999999999999963,,
2006-10-12,,,,,,,,-10.000000000000009,,
2006-10-13,22.69,2.47,4.407227853680035,1.9372278536800347,14.61,6.844626967830253,4.3746269678302525,-3.999999999999959,,
2006-10-16,,,,,,,,-4.999999999999982,,
2006-10-17,,,,,,,,-3.000000000000025,,
2006-10-18,,,,,,,,-8.999999999999986,,
2006-10-19,,,,,,,,0.0,,
2006-10-20,22.31,2.49,4.482294935006724,1.992294935006724,14.6,6.849315068493151,4.35931506849315,4.000000000000004,,
2006-10-23,,,,,,,,3.999999999999959,,
2006-10-24,,,,,,,,2.9999999999999805,,
2006-10-25,,,,,,,,-4.000000000000004,,
2006-10-26,,,,,,,,-2.9999999999999805,,
2006-10-27,22.26,2.37,4.49236298292902,2.12236298292902,14.67,6.81663258350375,4.4466325835037495,-10.000000000000009,,
2006-10-30,,,,,,,,-2.0000000000000018,,
2006-10-31,,,,,,,,-7.000000000000028,,
2006-11-01,,,,,,,,-10.999999999999988,,
2006-11-02,,,,,,,,-4.000000000000004,,
2006-11-03,22.01,2.4,4.543389368468877,2.143389368468877,14.52,6.887052341597796,4.487052341597796,4.999999999999982,,
2006-11-06,,,,,,,,6.000000000000005,,
2006-11-07,,,,,,,,2.9999999999999805,,
2006-11-08,,,,,,,,2.0000000000000018,,
2006-11-09,,,,,,,,0.0,,
2006-11-10,22.4,2.25,4.464285714285714,2.2142857142857144,14.68,6.811989100817439,4.561989100817439,-4.999999999999982,,
2006-11-13,,,,,,,,-4.000000000000004,,
2006-11-14,,,,,,,,-8.000000000000007,,
2006-11-15,,,,,,,,-2.0000000000000018,,
2006-11-16,,,,,,,,10.000000000000009,,
2006-11-17,22.99,2.33,4.349717268377556,2.019717268377556,14.86,6.729475100942127,4.399475100942127,5.000000000000027,,
2006-11-20,,,,,,,,7.000000000000028,,
2006-11-21,,,,,,,,8.000000000000007,,
2006-11-22,,,,,,,,7.999999999999963,,
2006-11-24,23.01,2.27,4.34593654932638,2.07593654932638,14.81,6.75219446320054,4.482194463200539,-0.9999999999999788,,
2006-11-27,,,,,,,,0.0,,
2006-11-28,,,,,,,,-6.999999999999984,,
2006-11-29,,,,,,,,-6.999999999999984,,
2006-11-30,,,,,,,,-11.999999999999966,,
2006-12-01,22.4,2.1,4.464285714285714,2.3642857142857143,14.76,6.775067750677507,4.675067750677506,-14.999999999999991,,
2006-12-04,,,,,,,,-14.000000000000012,,
2006-12-05,,,,,,,,-20.000000000000018,,
2006-12-06,,,,,,,,-17.99999999999997,,
2006-12-07,,,,,,,,-19.0,,
2006-12-08,22.46,2.21,4.452359750667854,2.2423597506678536,14.88,6.720430107526881,4.510430107526881,-14.000000000000012,,
2006-12-11,,,,,,,,-21.0,,
2006-12-12,,,,,,,,-21.0,,
2006-12-13,,,,,,,,-12.99999999999999,,
2006-12-14,,,,,,,,-12.00000000000001,,
2006-12-15,22.59,2.29,4.426737494466578,2.136737494466578,15.05,6.644518272425249,4.354518272425249,-8.999999999999986,,
2006-12-18,,,,,,,,-8.000000000000007,,
2006-12-19,,,,,,,,-4.000000000000004,,
2006-12-20,,,,,,,,-7.000000000000028,,
2006-12-21,,,,,,,,-2.0000000000000018,,
2006-12-22,22.23,2.35,4.49842555105713,2.1484255510571297,14.85,6.734006734006734,4.384006734006734,8.000000000000007,,
2006-12-26,,,,,,,,8.999999999999986,,
2006-12-27,,,,,,,,13.000000000000034,,
2006-12-28,,,,,,,,14.000000000000012,,
2006-12-29,22.25,2.41,4.49438202247191,2.0843820224719103,14.89,6.715916722632639,4.305916722632639,14.000000000000012,,
2007-01-01,,,,,,,,,,0.0
2007-01-02,,,,,,,,10.999999999999988,,
2007-01-03,,,,,,,,6.999999999999984,,
2007-01-04,,,,,,,,8.999999999999986,,
2007-01-05,22.55,2.38,4.434589800443459,2.054589800443459,14.82,6.747638326585695,4.367638326585695,6.999999999999984,,
2007-01-08,,,,,,,,0.9999999999999788,,
2007-01-09,,,,,,,,2.0000000000000018,,
2007-01-10,,,,,,,,0.0,,
2007-01-11,,,,,,,,-2.0000000000000018,,
2007-01-12,23.23,2.49,4.304778303917348,1.814778303917348,15.07,6.635700066357001,4.1457000663570005,5.000000000000027,,
2007-01-16,,,,,,,,2.9999999999999805,,
2007-01-17,,,,,,,,4.000000000000004,,
2007-01-18,,,,,,,,1.000000000000023,,
2007-01-19,22.55,2.47,4.434589800443459,1.9645898004434588,15.05,6.644518272425249,4.174518272425249,-2.0000000000000018,,
2007-01-22,,,,,,,,-5.000000000000027,,
2007-01-23,,,,,,,,-6.999999999999984,,
2007-01-24,,,,,,,,-8.000000000000007,,
2007-01-25,,,,,,,,4.000000000000004,,
2007-01-26,22.22,2.48,4.5004500450045,2.0204500450045004,14.99,6.6711140760507,4.191114076050701,6.999999999999984,,
2007-01-29,,,,,,,,12.99999999999999,,
2007-01-30,,,,,,,,6.999999999999984,,
2007-01-31,,,,,,,,6.000000000000005,,
2007-02-01,,,,,,,,12.99999999999999,,
2007-02-02,22.5,2.42,4.444444444444445,2.0244444444444447,15.29,6.540222367560498,4.120222367560498,10.000000000000009,,
2007-02-05,,,,,,,,1.000000000000023,,
2007-02-06,,,,,,,,4.000000000000004,,
2007-02-07,,,,,,,,8.000000000000007,,
2007-02-08,,,,,,,,10.000000000000009,,
2007-02-09,22.32,2.43,4.480286738351254,2.050286738351254,15.19,6.583278472679394,4.1532784726793945,15.000000000000036,,
2007-02-12,,,,,,,,21.0,,
2007-02-13,,,,,,,,16.999999999999993,,
2007-02-14,,,,,,,,10.000000000000009,,
2007-02-15,,,,,,,,8.000000000000007,,
2007-02-16,22.61,2.36,4.42282176028306,2.0628217602830605,15.32,6.527415143603133,4.167415143603133,-2.0000000000000018,,
2007-02-20,,,,,,,,2.9999999999999805,,
2007-02-21,,,,,,,,2.0000000000000018,,
2007-02-22,,,,,,,,5.000000000000027,,
2007-02-23,22.86,2.3,4.374453193350831,2.0744531933508314,15.26,6.553079947575361,4.253079947575361,0.0,,
2007-02-26,,,,,,,,-1.000000000000023,,
2007-02-27,,,,,,,,-10.000000000000009,,
2007-02-28,,,,,,,,-0.9999999999999788,,
2007-03-01,,,,,,,,8.999999999999986,,
2007-03-02,21.33,2.15,4.688232536333802,2.5382325363338025,14.54,6.87757909215956,4.72757909215956,4.999999999999982,,
2007-03-05,,,,,,,,6.000000000000005,,
2007-03-06,,,,,,,,4.999999999999982,,
2007-03-07,,,,,,,,1.000000000000023,,
2007-03-08,,,,,,,,-4.000000000000004,,
2007-03-09,21.41,2.25,4.670714619336758,2.420714619336758,14.69,6.807351940095304,4.557351940095304,4.000000000000004,,
2007-03-12,,,,,,,,7.000000000000028,,
2007-03-13,,,,,,,,-7.000000000000028,,
2007-03-14,,,,,,,,-4.999999999999982,,
2007-03-15,,,,,,,,-12.00000000000001,,
2007-03-16,21.31,2.16,4.692632566870015,2.5326325668700145,14.52,6.887052341597796,4.727052341597796,-12.99999999999999,,
2007-03-19,,,,,,,,-12.99999999999999,,
2007-03-20,,,,,,,,-14.999999999999991,,
2007-03-21,,,,,,,,-14.999999999999991,,
2007-03-22,,,,,,,,-18.000000000000014,,
2007-03-23,21.88,2.19,4.570383912248629,2.380383912248629,14.96,6.684491978609625,4.494491978609625,-16.000000000000014,,
2007-03-26,,,,,,,,-17.99999999999997,,
2007-03-27,,,,,,,,-23.0,,
2007-03-28,,,,,,,,-24.00000000000002,,
2007-03-29,,,,,,,,-23.0,,
2007-03-30,21.51,2.21,4.649000464900047,2.4390004649000465,14.8,6.756756756756756,4.546756756756756,-20.000000000000018,,
2007-04-01,,,,,,,,,,-3.8
2007-04-02,,,,,,,,-16.999999999999993,,
2007-04-03,,,,,,,,-10.999999999999988,,
2007-04-04,,,,,,,,-12.99999999999999,,
2007-04-05,,,,,,,,-15.99999999999997,,
2007-04-06,21.94,2.27,4.557885141294439,2.287885141294439,15.0,6.666666666666667,4.3966666666666665,-10.999999999999988,,
2007-04-09,,,,,,,,-12.00000000000001,,
2007-04-10,,,,,,,,-14.999999999999991,,
2007-04-11,,,,,,,,-15.000000000000036,,
2007-04-12,,,,,,,,-21.000000000000043,,
2007-04-13,21.9,2.31,4.566210045662101,2.2562100456621006,15.07,6.635700066357001,4.325700066357001,-18.000000000000014,,
2007-04-16,,,,,,,,-18.000000000000014,,
2007-04-17,,,,,,,,-21.0,,
2007-04-18,,,,,,,,-21.000000000000043,,
2007-04-19,,,,,,,,-20.000000000000018,,
2007-04-20,22.15,2.27,4.514672686230249,2.2446726862302486,15.33,6.523157208088715,4.253157208088714,-20.000000000000018,,
2007-04-23,,,,,,,,-21.0,,
2007-04-24,,,,,,,,-23.0,,
2007-04-25,,,,,,,,-25.99999999999998,,
2007-04-26,,,,,,,,-22.00000000000002,,
2007-04-27,22.51,2.25,4.4424700133274095,2.192470013327409,15.35,6.514657980456026,4.264657980456026,-23.0,,
2007-04-30,,,,,,,,-25.99999999999998,,
2007-05-01,,,,,,,,-23.0,,
2007-05-02,,,,,,,,-19.99999999999997,,
2007-05-03,,,,,,,,-16.999999999999993,,
2007-05-04,22.56,2.24,4.432624113475177,2.192624113475177,15.43,6.480881399870382,4.240881399870382,-17.99999999999997,,
2007-05-07,,,,,,,,-12.99999999999999,,
2007-05-08,,,,,,,,-12.00000000000001,,
2007-05-09,,,,,,,,-14.000000000000012,,
2007-05-10,,,,,,,,-16.000000000000014,,
2007-05-11,22.58,2.3,4.428697962798937,2.1286979627989373,15.4,6.493506493506493,4.193506493506494,-13.000000000000034,,
2007-05-14,,,,,,,,-6.000000000000005,,
2007-05-15,,,,,,,,-0.9999999999999788,,
2007-05-16,,,,,,,,2.0000000000000018,,
2007-05-17,,,,,,,,5.000000000000027,,
2007-05-18,22.56,2.46,4.432624113475177,1.9726241134751767,15.53,6.439150032195751,3.979150032195751,10.000000000000009,,
2007-05-21,,,,,,,,10.000000000000009,,
2007-05-22,,,,,,,,12.99999999999999,,
2007-05-23,,,,,,,,20.000000000000018,,
2007-05-24,,,,,,,,18.000000000000014,,
2007-05-25,22.42,2.49,4.460303300624442,1.970303300624442,15.41,6.489292667099286,3.9992926670992857,19.00000000000004,,
2007-05-29,,,,,,,,33.999999999999986,,
2007-05-30,,,,,,,,31.999999999999982,,
2007-05-31,,,,,,,,33.999999999999986,,
2007-06-01,22.67,2.57,4.411116012351124,1.8411160123511243,15.56,6.426735218508997,3.8567352185089976,37.99999999999999,,
2007-06-04,,,,,,,,39.99999999999999,,
2007-06-05,,,,,,,,43.000000000000014,,
2007-06-06,,,,,,,,39.000000000000014,,
2007-06-07,,,,,,,,54.0,,
2007-06-08,22.37,2.69,4.470272686633884,1.7802726866338845,15.23,6.5659881812212735,3.8759881812212735,52.0,,
2007-06-11,,,,,,,,47.00000000000002,,
2007-06-12,,,,,,,,60.99999999999999,,
2007-06-13,,,,,,,,60.00000000000001,,
2007-06-14,,,,,,,,58.99999999999999,,
2007-06-15,22.75,2.73,4.395604395604396,1.665604395604396,15.46,6.468305304010349,3.738305304010349,56.00000000000001,,
2007-06-18,,,,,,,,56.99999999999999,,
2007-06-19,,,,,,,,48.99999999999998,,
2007-06-20,,,,,,,,56.00000000000001,,
2007-06-21,,,,,,,,60.00000000000001,,
2007-06-22,22.34,2.7,4.476275738585497,1.7762757385854968,15.11,6.618133686300464,3.918133686300464,53.00000000000003,,
2007-06-25,,,,,,,,48.0,,
2007-06-26,,,,,,,,54.0,,
2007-06-27,,,,,,,,54.0,,
2007-06-28,,,,,,,,56.00000000000001,,
2007-06-29,22.3,2.65,4.484304932735426,1.8343049327354253,15.07,6.635700066357001,3.985700066357001,46.99999999999997,,
2007-07-01,,,,,,,,,,7.5
2007-07-02,,,,,,,,39.99999999999999,,
2007-07-03,,,,,,,,43.000000000000014,,
2007-07-05,,,,,,,,53.99999999999996,,
2007-07-06,22.76,2.79,4.393673110720562,1.6036731107205622,15.27,6.5487884741322855,3.7587884741322855,52.0,,
2007-07-09,,,,,,,,48.0,,
2007-07-10,,,,,,,,37.000000000000014,,
2007-07-11,,,,,,,,43.000000000000014,,
2007-07-12,,,,,,,,46.00000000000004,,
2007-07-13,23.16,2.73,4.317789291882556,1.5877892918825558,15.47,6.464124111182935,3.734124111182935,41.99999999999999,,
2007-07-16,,,,,,,,39.000000000000014,,
2007-07-17,,,,,,,,43.99999999999999,,
2007-07-18,,,,,,,,38.00000000000004,,
2007-07-19,,,,,,,,37.99999999999999,,
2007-07-20,23.16,2.6,4.317789291882556,1.7177892918825557,15.27,6.5487884741322855,3.948788474132285,33.00000000000001,,
2007-07-23,,,,,,,,37.99999999999999,,
2007-07-24,,,,,,,,37.000000000000014,,
2007-07-25,,,,,,,,33.999999999999986,,
2007-07-26,,,,,,,,21.000000000000043,,
2007-07-27,22.18,2.48,4.508566275924256,2.028566275924256,14.44,6.925207756232688,4.445207756232687,23.0,,
2007-07-30,,,,,,,,29.000000000000004,,
2007-07-31,,,,,,,,23.99999999999998,,
2007-08-01,,,,,,,,25.0,,
2007-08-02,,,,,,,,23.99999999999998,,
2007-08-03,21.64,2.44,4.621072088724584,2.181072088724584,14.13,7.077140835102618,4.637140835102619,19.0,,
2007-08-06,,,,,,,,21.99999999999997,,
2007-08-07,,,,,,,,23.99999999999998,,
2007-08-08,,,,,,,,31.000000000000007,,
2007-08-09,,,,,,,,25.0,,
2007-08-10,21.55,2.56,4.640371229698376,2.080371229698376,14.32,6.983240223463687,4.423240223463687,29.000000000000004,,
2007-08-13,,,,,,,,22.00000000000002,,
2007-08-14,,,,,,,,17.000000000000036,,
2007-08-15,,,,,,,,8.999999999999986,,
2007-08-16,,,,,,,,1.000000000000023,,
2007-08-17,21.08,2.45,4.743833017077799,2.293833017077799,14.21,7.0372976776917655,4.587297677691765,4.000000000000004,,
2007-08-20,,,,,,,,-2.0000000000000018,,
2007-08-21,,,,,,,,-5.000000000000027,,
2007-08-22,,,,,,,,-6.000000000000005,,
2007-08-23,,,,,,,,-10.999999999999988,,
2007-08-24,21.81,2.4,4.5850527281063735,2.1850527281063736,14.52,6.887052341597796,4.487052341597796,-8.000000000000007,,
2007-08-27,,,,,,,,-11.000000000000032,,
2007-08-28,,,,,,,,-16.000000000000014,,
2007-08-29,,,,,,,,-16.000000000000014,,
2007-08-30,,,,,,,,-20.000000000000018,,
2007-08-31,22.02,2.34,4.541326067211626,2.2013260672116264,14.45,6.920415224913495,4.580415224913495,-20.000000000000018,,
2007-09-04,,,,,,,,-19.0,,
2007-09-05,,,,,,,,-31.000000000000007,,
2007-09-06,,,,,,,,-26.00000000000002,,
2007-09-07,21.56,2.19,4.63821892393321,2.44821892393321,14.21,7.0372976776917655,4.847297677691765,-51.00000000000002,,
2007-09-10,,,,,,,,-54.99999999999999,,
2007-09-11,,,,,,,,-56.00000000000001,,
2007-09-12,,,,,,,,-64.99999999999999,,
2007-09-13,,,,,,,,-50.99999999999998,,
2007-09-14,21.94,2.2,4.557885141294439,2.357885141294439,14.47,6.91085003455425,4.71085003455425,-56.99999999999999,,
2007-09-17,,,,,,,,-52.0,,
2007-09-18,,,,,,,,-54.0,,
2007-09-19,,,,,,,,-46.0,,
2007-09-20,,,,,,,,-39.000000000000014,,
2007-09-21,22.41,2.31,4.462293618920125,2.1522936189201247,14.87,6.724949562878279,4.414949562878279,-43.000000000000014,,
2007-09-24,,,,,,,,-37.000000000000014,,
2007-09-25,,,,,,,,-33.00000000000001,,
2007-09-26,,,,,,,,-36.00000000000003,,
2007-09-27,,,,,,,,-43.000000000000014,,
2007-09-28,22.66,2.27,4.41306266548985,2.14306266548985,14.78,6.765899864682003,4.495899864682004,-46.0,,
2007-10-01,,,,,,,,-39.000000000000014,,19.2
2007-10-02,,,,,,,,-37.99999999999999,,
2007-10-03,,,,,,,,-43.000000000000014,,
2007-10-04,,,,,,,,-43.99999999999999,,
2007-10-05,23.19,2.34,4.3122035360069,1.9722035360069,15.08,6.63129973474801,4.29129973474801,-41.99999999999999,,
2007-10-09,,,,,,,,-41.000000000000014,,
2007-10-10,,,,,,,,-31.000000000000007,,
2007-10-11,,,,,,,,-39.000000000000014,,
2007-10-12,23.46,2.36,4.262574595055414,1.9025745950554136,15.13,6.609385327164573,4.249385327164573,-38.00000000000004,,
2007-10-15,,,,,,,,-39.000000000000014,,
2007-10-16,,,,,,,,-37.99999999999999,,
2007-10-17,,,,,,,,-50.99999999999998,,
2007-10-18,,,,,,,,-43.99999999999999,,
2007-10-19,22.84,2.09,4.378283712784588,2.2882837127845885,14.58,6.858710562414266,4.768710562414266,-56.00000000000001,,
2007-10-22,,,,,,,,-49.00000000000002,,
2007-10-23,,,,,,,,-52.0,,
2007-10-24,,,,,,,,-51.00000000000002,,
2007-10-25,,,,,,,,-52.0,,
2007-10-26,23.34,2.05,4.284490145672665,2.234490145672665,14.94,6.693440428380188,4.643440428380188,-42.00000000000004,,
2007-10-29,,,,,,,,-43.99999999999999,,
2007-10-30,,,,,,,,-43.000000000000014,,
2007-10-31,,,,,,,,-29.999999999999982,,
2007-11-01,,,,,,,,-43.99999999999999,,
2007-11-02,23.48,1.92,4.258943781942079,2.338943781942078,14.7,6.802721088435375,4.882721088435375,-54.0,,
2007-11-05,,,,,,,,-50.0,,
2007-11-06,,,,,,,,-53.0,,
2007-11-07,,,,,,,,-59.99999999999999,,
2007-11-08,,,,,,,,-70.00000000000001,,
2007-11-09,21.48,1.82,4.655493482309125,2.8354934823091247,14.19,7.047216349541931,5.227216349541931,-72.0,,
2007-11-13,,,,,,,,-65.99999999999999,,
2007-11-14,,,,,,,,-61.00000000000003,,
2007-11-15,,,,,,,,-64.99999999999999,,
2007-11-16,21.59,1.8,4.631773969430292,2.831773969430292,14.28,7.002801120448179,5.202801120448179,-59.00000000000001,,
2007-11-19,,,,,,,,-75.00000000000003,,
2007-11-20,,,,,,,,-76.0,,
2007-11-21,,,,,,,,-75.99999999999997,,
2007-11-23,21.32,1.63,4.690431519699812,3.0604315196998124,14.12,7.0821529745042495,5.45215297450425,-76.00000000000003,,
2007-11-26,,,,,,,,-95.0,,
2007-11-27,,,,,,,,-79.99999999999999,,
2007-11-28,,,,,,,,-62.000000000000014,,
2007-11-29,,,,,,,,-76.99999999999999,,
2007-11-30,21.99,1.63,4.547521600727603,2.9175216007276035,14.52,6.887052341597796,5.257052341597796,-69.0,,
2007-12-03,,,,,,,,-76.99999999999999,,
2007-12-04,,,,,,,,-76.99999999999999,,
2007-12-05,,,,,,,,-63.000000000000014,,
2007-12-06,,,,,,,,-54.99999999999999,,
2007-12-07,22.47,1.86,4.450378282153984,2.590378282153983,14.77,6.7704807041299935,4.910480704129993,-32.999999999999986,,
2007-12-10,,,,,,,,-25.00000000000002,,
2007-12-11,,,,,,,,-43.000000000000014,,
2007-12-12,,,,,,,,-40.000000000000014,,
2007-12-13,,,,,,,,-37.000000000000014,,
2007-12-14,21.83,1.9,4.580852038479158,2.680852038479158,14.48,6.906077348066298,5.006077348066299,-30.00000000000003,,
2007-12-17,,,,,,,,-34.999999999999986,,
2007-12-18,,,,,,,,-38.99999999999999,,
2007-12-19,,,,,,,,-48.0,,
2007-12-20,,,,,,,,-59.99999999999999,,
2007-12-21,22.1,1.84,4.524886877828054,2.6848868778280544,14.65,6.8259385665529,4.985938566552901,-47.0,,
2007-12-24,,,,,,,,-45.000000000000014,,
2007-12-26,,,,,,,,-38.99999999999999,,
2007-12-27,,,,,,,,-41.99999999999999,,
2007-12-28,21.92,1.78,4.562043795620437,2.782043795620437,14.5,6.896551724137931,5.11655172413793,-49.0,,
2007-12-31,,,,,,,,-54.0,,
2008-01-01,,,,,,,,,,32.1
2008-01-02,,,,,,,,-63.99999999999999,,
2008-01-03,,,,,,,,-67.0,,
2008-01-04,20.28,1.56,4.930966469428007,3.370966469428008,13.83,7.230657989877079,5.670657989877078,-68.00000000000001,,
2008-01-07,,,,,,,,-76.99999999999999,,
2008-01-08,,,,,,,,-76.99999999999999,,
2008-01-09,,,,,,,,-77.99999999999999,,
2008-01-10,,,,,,,,-65.00000000000001,,
2008-01-11,19.7,1.56,5.076142131979696,3.5161421319796955,13.77,7.262164124909223,5.702164124909222,-75.99999999999997,,
2008-01-14,,,,,,,,-82.99999999999999,,
2008-01-15,,,,,,,,-88.99999999999999,,
2008-01-16,,,,,,,,-81.0,,
2008-01-17,,,,,,,,-79.00000000000003,,
2008-01-18,19.03,1.42,5.254860746190226,3.834860746190226,13.09,7.639419404125286,6.219419404125286,-78.00000000000003,,
2008-01-22,,,,,,,,-82.99999999999999,,
2008-01-23,,,,,,,,-79.99999999999999,,
2008-01-24,,,,,,,,-62.99999999999999,,
2008-01-25,18.47,1.34,5.414185165132648,4.074185165132648,13.18,7.587253414264037,6.247253414264037,-70.0,,
2008-01-28,,,,,,,,-71.99999999999997,,
2008-01-29,,,,,,,,-67.0,,
2008-01-30,,,,,,,,-61.00000000000001,,
2008-01-31,,,,,,,,-81.0,,
2008-02-01,19.33,1.31,5.173305742369375,3.863305742369375,13.85,7.220216606498195,5.910216606498196,-69.0,,
2008-02-04,,,,,,,,-54.0,,
2008-02-05,,,,,,,,-59.99999999999999,,
2008-02-06,,,,,,,,-56.99999999999999,,
2008-02-07,,,,,,,,-43.99999999999999,,
2008-02-08,18.52,1.36,5.399568034557236,4.039568034557235,13.25,7.547169811320755,6.1871698113207545,-51.99999999999998,,
2008-02-11,,,,,,,,-50.0,,
2008-02-12,,,,,,,,-46.0,,
2008-02-13,,,,,,,,-44.000000000000014,,
2008-02-14,,,,,,,,-30.999999999999982,,
2008-02-15,18.56,1.48,5.387931034482759,3.907931034482759,13.47,7.423904974016332,5.943904974016332,-33.00000000000001,,
2008-02-19,,,,,,,,-13.99999999999999,,
2008-02-20,,,,,,,,-12.99999999999999,,
2008-02-21,,,,,,,,-19.000000000000018,,
2008-02-22,18.48,1.44,5.411255411255411,3.971255411255411,13.47,7.423904974016332,5.983904974016332,-18.000000000000014,,
2008-02-25,,,,,,,,-9.999999999999986,,
2008-02-26,,,,,,,,-1.0000000000000009,,
2008-02-27,,,,,,,,-16.000000000000014,,
2008-02-28,,,,,,,,-44.99999999999999,,
2008-02-29,18.22,1.1,5.488474204171241,4.38847420417124,13.42,7.451564828614009,6.351564828614009,-51.0,,
2008-03-03,,,,,,,,-49.0,,
2008-03-04,,,,,,,,-44.000000000000014,,
2008-03-05,,,,,,,,-50.0,,
2008-03-06,,,,,,,,-70.0,,
2008-03-07,17.86,1.01,5.599104143337066,4.5891041433370665,13.04,7.668711656441718,6.658711656441718,-85.00000000000001,,
2008-03-10,,,,,,,,-99.0,,
2008-03-11,,,,,,,,-68.0,,
2008-03-12,,,,,,,,-83.0,,
2008-03-13,,,,,,,,-82.0,,
2008-03-14,17.93,1.01,5.577244841048522,4.567244841048522,13.08,7.64525993883792,6.635259938837921,-88.99999999999999,,
2008-03-17,,,,,,,,-81.0,,
2008-03-18,,,,,,,,-72.0,,
2008-03-19,,,,,,,,-69.0,,
2008-03-20,,,,,,,,-72.0,,
2008-03-21,18.35,1.02,5.449591280653951,4.42959128065395,13.48,7.418397626112759,6.398397626112759,,,
2008-03-24,,,,,,,,-63.99999999999999,,
2008-03-25,,,,,,,,-62.99999999999999,,
2008-03-26,,,,,,,,-71.0,,
2008-03-27,,,,,,,,-62.000000000000014,,
2008-03-28,18.45,1.13,5.420054200542006,4.290054200542006,13.24,7.552870090634441,6.422870090634441,-65.00000000000001,,
2008-03-31,,,,,,,,-61.99999999999999,,
2008-04-01,,,,,,,,-51.0,,55.4
2008-04-02,,,,,,,,-33.00000000000001,,
2008-04-03,,,,,,,,-30.000000000000004,,
2008-04-04,19.37,1.18,5.162622612287041,3.9826226122870416,13.79,7.251631617113851,6.071631617113852,-38.000000000000014,,
2008-04-07,,,,,,,,-34.00000000000001,,
2008-04-08,,,,,,,,-31.000000000000007,,
2008-04-09,,,,,,,,-37.000000000000014,,
2008-04-10,,,,,,,,-41.99999999999999,,
2008-04-11,18.6,1.19,5.376344086021505,4.186344086021505,13.44,7.440476190476191,6.25047619047619,-37.000000000000014,,
2008-04-14,,,,,,,,-30.000000000000004,,
2008-04-15,,,,,,,,-16.999999999999993,,
2008-04-16,,,,,,,,-9.000000000000007,,
2008-04-17,,,,,,,,1.0000000000000009,,
2008-04-18,19.61,1.45,5.099439061703213,3.649439061703213,14.12,7.0821529745042495,5.632152974504249,3.0000000000000027,,
2008-04-21,,,,,,,,2.0000000000000018,,
2008-04-22,,,,,,,,14.999999999999991,,
2008-04-23,,,,,,,,12.99999999999999,,
2008-04-24,,,,,,,,12.00000000000001,,
2008-04-25,19.84,1.6,5.040322580645161,3.440322580645161,14.22,7.032348804500703,5.432348804500704,26.0,,
2008-04-28,,,,,,,,23.0,,
2008-04-29,,,,,,,,19.0,,
2008-04-30,,,,,,,,5.000000000000004,,
2008-05-01,,,,,,,,21.0,,
2008-05-02,20.51,1.53,4.875670404680643,3.345670404680643,14.36,6.963788300835655,5.433788300835655,22.0,,
2008-05-05,,,,,,,,19.0,,
2008-05-06,,,,,,,,19.0,,
2008-05-07,,,,,,,,4.000000000000004,,
2008-05-08,,,,,,,,6.999999999999984,,
2008-05-09,20.28,1.39,4.930966469428007,3.540966469428008,14.1,7.092198581560284,5.7021985815602845,2.9999999999999805,,
2008-05-12,,,,,,,,4.999999999999982,,
2008-05-13,,,,,,,,9.000000000000007,,
2008-05-14,,,,,,,,-8.000000000000007,,
2008-05-15,,,,,,,,-8.000000000000007,,
2008-05-16,20.98,1.41,4.766444232602479,3.3564442326024784,14.41,6.939625260235947,5.529625260235947,-7.000000000000006,,
2008-05-19,,,,,,,,-20.0,,
2008-05-20,,,,,,,,-24.0,,
2008-05-21,,,,,,,,-12.99999999999999,,
2008-05-22,,,,,,,,-3.0000000000000027,,
2008-05-23,20.21,1.36,4.948045522018802,3.5880455220188017,13.91,7.1890726096333575,5.829072609633357,-7.999999999999985,,
2008-05-27,,,,,,,,4.000000000000004,,
2008-05-28,,,,,,,,32.00000000000001,,
2008-05-29,,,,,,,,52.0,,
2008-05-30,20.85,1.58,4.796163069544364,3.216163069544364,14.13,7.077140835102618,5.497140835102618,48.0,,
2008-06-02,,,,,,,,40.99999999999999,,
2008-06-03,,,,,,,,42.99999999999999,,
2008-06-04,,,,,,,,44.000000000000014,,
2008-06-05,,,,,,,,47.0,,
2008-06-06,20.26,1.47,4.935834155972359,3.46583415597236,13.7,7.299270072992701,5.829270072992701,39.99999999999999,,
2008-06-09,,,,,,,,53.0,,
2008-06-10,,,,,,,,72.00000000000001,,
2008-06-11,,,,,,,,57.00000000000001,,
2008-06-12,,,,,,,,78.0,,
2008-06-13,19.93,1.77,5.017561465127948,3.2475614651279483,13.66,7.320644216691068,5.550644216691069,72.0,,
2008-06-16,,,,,,,,75.0,,
2008-06-17,,,,,,,,70.0,,
2008-06-18,,,,,,,,59.99999999999999,,
2008-06-19,,,,,,,,71.0,,
2008-06-20,19.42,1.72,5.149330587023687,3.4293305870236868,13.28,7.530120481927711,5.810120481927712,70.0,,
2008-06-23,,,,,,,,73.0,,
2008-06-24,,,,,,,,39.99999999999999,,
2008-06-25,,,,,,,,39.99999999999999,,
2008-06-26,,,,,,,,31.000000000000007,,
2008-06-27,18.62,1.48,5.370569280343716,3.890569280343716,12.83,7.79423226812159,6.314232268121589,25.0,,
2008-06-30,,,,,,,,35.00000000000001,,
2008-07-01,,,,,,,,27.0,,57.7
2008-07-02,,,,,,,,16.999999999999993,,
2008-07-03,,,,,,,,13.99999999999999,,
2008-07-04,18.26,1.42,5.476451259583789,4.056451259583789,12.71,7.867820613690007,6.447820613690007,,,
2008-07-07,,,,,,,,20.0,,
2008-07-08,,,,,,,,19.0,,
2008-07-09,,,,,,,,20.0,,
2008-07-10,,,,,,,,13.99999999999999,,
2008-07-11,18.19,1.48,5.497526113249037,4.017526113249037,12.5,8.0,6.52,29.000000000000004,,
2008-07-14,,,,,,,,20.0,,
2008-07-15,,,,,,,,11.99999999999999,,
2008-07-16,,,,,,,,7.000000000000006,,
2008-07-17,,,,,,,,16.000000000000014,,
2008-07-18,18.33,1.65,5.455537370430988,3.805537370430988,12.83,7.79423226812159,6.1442322681215895,20.0,,
2008-07-21,,,,,,,,22.0,,
2008-07-22,,,,,,,,28.000000000000004,,
2008-07-23,,,,,,,,36.00000000000001,,
2008-07-24,,,,,,,,12.99999999999999,,
2008-07-25,18.44,1.79,5.422993492407809,3.6329934924078087,12.87,7.77000777000777,5.98000777000777,19.0,,
2008-07-28,,,,,,,,13.99999999999999,,
2008-07-29,,,,,,,,20.0,,
2008-07-30,,,,,,,,14.999999999999991,,
2008-07-31,,,,,,,,21.0,,
2008-08-01,18.29,1.63,5.467468562055768,3.837468562055769,12.92,7.739938080495356,6.109938080495356,10.999999999999988,,
2008-08-04,,,,,,,,10.999999999999988,,
2008-08-05,,,,,,,,21.0,,
2008-08-06,,,,,,,,24.0,,
2008-08-07,,,,,,,,16.999999999999993,,
2008-08-08,19.27,1.72,5.189413596263623,3.469413596263623,13.41,7.457121551081283,5.737121551081283,29.000000000000004,,
2008-08-11,,,,,,,,41.000000000000014,,
2008-08-12,,,,,,,,31.000000000000007,,
2008-08-13,,,,,,,,24.0,,
2008-08-14,,,,,,,,17.999999999999993,,
2008-08-15,19.54,1.66,5.117707267144319,3.457707267144319,13.45,7.434944237918216,5.774944237918215,26.0,,
2008-08-18,,,,,,,,26.0,,
2008-08-19,,,,,,,,31.999999999999982,,
2008-08-20,,,,,,,,29.000000000000004,,
2008-08-21,,,,,,,,31.000000000000007,,
2008-08-22,19.2,1.69,5.208333333333334,3.518333333333334,13.35,7.490636704119851,5.800636704119851,28.000000000000004,,
2008-08-25,,,,,,,,27.99999999999998,,
2008-08-26,,,,,,,,26.99999999999998,,
2008-08-27,,,,,,,,12.00000000000001,,
2008-08-28,,,,,,,,4.000000000000004,,
2008-08-29,18.57,1.68,5.385029617662897,3.7050296176628974,13.22,7.5642965204236,5.8842965204236,5.999999999999983,,
2008-09-02,,,,,,,,17.999999999999993,,
2008-09-03,,,,,,,,20.0,,
2008-09-04,,,,,,,,10.999999999999988,,
2008-09-05,17.47,1.71,5.724098454493418,4.014098454493418,12.79,7.8186082877247856,6.108608287724786,8.000000000000007,,
2008-09-08,,,,,,,,21.0,,
2008-09-09,,,,,,,,14.999999999999991,,
2008-09-10,,,,,,,,7.999999999999985,,
2008-09-11,,,,,,,,4.999999999999982,,
2008-09-12,17.6,1.79,5.681818181818182,3.8918181818181816,12.81,7.8064012490242,6.0164012490242,6.000000000000005,,
2008-09-15,,,,,,,,-7.000000000000006,,
2008-09-16,,,,,,,,9.000000000000007,,
2008-09-17,,,,,,,,6.000000000000005,,
2008-09-18,,,,,,,,26.0,,
2008-09-19,17.36,1.85,5.760368663594471,3.910368663594471,12.92,7.739938080495356,5.889938080495355,10.000000000000009,,
2008-09-22,,,,,,,,13.00000000000001,,
2008-09-23,,,,,,,,24.0,,
2008-09-24,,,,,,,,40.99999999999999,,
2008-09-25,,,,,,,,43.99999999999999,,
2008-09-26,16.63,2.1,6.013229104028864,3.913229104028864,12.5,8.0,5.9,55.00000000000001,,
2008-09-29,,,,,,,,54.99999999999999,,
2008-09-30,,,,,,,,77.0,,
2008-10-01,,,,,,,,76.99999999999999,,83.6
2008-10-02,,,,,,,,74.0,,
2008-10-03,14.67,2.18,6.81663258350375,4.636632583503749,11.44,8.741258741258742,6.561258741258742,76.00000000000003,,
2008-10-06,,,,,,,,79.0,,
2008-10-07,,,,,,,,88.99999999999999,,
2008-10-08,,,,,,,,124.0,,
2008-10-09,,,,,,,,140.0,,
2008-10-10,12.81,2.97,7.8064012490242,4.836401249024199,9.51,10.515247108307046,7.545247108307045,157.00000000000003,,
2008-10-14,,,,,,,,162.0,,
2008-10-15,,,,,,,,162.0,,
2008-10-16,,,,,,,,154.0,,
2008-10-17,13.42,2.87,7.451564828614009,4.581564828614009,10.15,9.852216748768472,6.982216748768473,127.0,,
2008-10-20,,,,,,,,111.0,,
2008-10-21,,,,,,,,97.0,,
2008-10-22,,,,,,,,87.99999999999999,,
2008-10-23,,,,,,,,86.99999999999999,,
2008-10-24,12.5,3.02,8.0,4.98,9.76,10.245901639344265,7.225901639344263,133.0,,
2008-10-27,,,,,,,,123.0,,
2008-10-28,,,,,,,,136.0,,
2008-10-29,,,,,,,,128.99999999999997,,
2008-10-30,,,,,,,,135.0,,
2008-10-31,14.04,3.14,7.122507122507123,3.982507122507123,11.01,9.082652134423252,5.942652134423252,149.00000000000003,,
2008-11-03,,,,,,,,146.0,,
2008-11-04,,,,,,,,124.0,,
2008-11-05,,,,,,,,102.0,,
2008-11-06,,,,,,,,102.0,,
2008-11-07,13.59,2.86,7.358351729212656,4.498351729212656,10.81,9.250693802035151,6.390693802035154,118.0,,
2008-11-10,,,,,,,,112.0,,
2008-11-12,,,,,,,,107.0,,
2008-11-13,,,,,,,,120.0,,
2008-11-14,12.83,2.87,7.79423226812159,4.92423226812159,10.34,9.67117988394584,6.801179883945841,120.0,,
2008-11-17,,,,,,,,119.0,,
2008-11-18,,,,,,,,125.0,,
2008-11-19,,,,,,,,130.0,,
2008-11-20,,,,,,,,146.0,,
2008-11-21,11.98,3.15,8.347245409015025,5.197245409015025,9.59,10.427528675703858,7.2775286757038575,153.99999999999997,,
2008-11-24,,,,,,,,142.0,,
2008-11-25,,,,,,,,115.0,,
2008-11-26,,,,,,,,105.00000000000004,,
2008-11-28,13.09,2.6,7.639419404125286,5.039419404125287,10.88,9.191176470588236,6.591176470588236,98.0,,
2008-12-01,,,,,,,,70.0,,
2008-12-02,,,,,,,,56.99999999999999,,
2008-12-03,,,,,,,,43.000000000000014,,
2008-12-04,,,,,,,,28.000000000000004,,
2008-12-05,13.14,2.23,7.610350076103501,5.3803500761035,10.8,9.25925925925926,7.029259259259259,52.0,,
2008-12-08,,,,,,,,79.00000000000003,,
2008-12-09,,,,,,,,72.00000000000001,,
2008-12-10,,,,,,,,74.0,,
2008-12-11,,,,,,,,68.00000000000001,,
2008-12-12,13.66,2.43,7.320644216691068,4.890644216691069,11.13,8.98472596585804,6.55472596585804,64.00000000000001,,
2008-12-15,,,,,,,,73.00000000000001,,
2008-12-16,,,,,,,,35.999999999999986,,
2008-12-17,,,,,,,,5.000000000000004,,
2008-12-18,,,,,,,,-8.999999999999986,,
2008-12-19,13.92,1.98,7.183908045977011,5.203908045977011,11.43,8.748906386701663,6.768906386701662,12.99999999999999,,
2008-12-22,,,,,,,,15.99999999999997,,
2008-12-23,,,,,,,,3.999999999999981,,
2008-12-24,,,,,,,,2.0000000000000018,,
2008-12-26,13.29,2.03,7.524454477050415,5.494454477050415,11.28,8.865248226950355,6.835248226950355,-7.000000000000028,,
2008-12-29,,,,,,,,-0.9999999999999788,,
2008-12-30,,,,,,,,-23.0,,
2008-12-31,,,,,,,,-10.999999999999988,,
2009-01-01,,,,,,,,,,64.2
2009-01-02,14.16,2.29,7.062146892655367,4.772146892655367,11.99,8.340283569641368,6.050283569641368,12.00000000000001,,
2009-01-05,,,,,,,,15.99999999999997,,
2009-01-06,,,,,,,,-12.00000000000001,,
2009-01-07,,,,,,,,-27.0,,
2009-01-08,,,,,,,,-72.0,,
2009-01-09,13.8,1.87,7.246376811594202,5.376376811594202,11.69,8.554319931565441,6.684319931565441,-92.0,,
2009-01-12,,,,,,,,-122.0,,
2009-01-13,,,,,,,,-123.0,,
2009-01-14,,,,,,,,-125.99999999999996,,
2009-01-15,,,,,,,,-124.0,,
2009-01-16,13.75,1.81,7.272727272727272,5.462727272727273,11.35,8.81057268722467,7.00057268722467,-121.0,,
2009-01-20,,,,,,,,-93.99999999999996,,
2009-01-21,,,,,,,,-64.99999999999999,,
2009-01-22,,,,,,,,-61.99999999999999,,
2009-01-23,13.72,1.93,7.288629737609329,5.35862973760933,11.5,8.695652173913043,6.765652173913043,-74.0,,
2009-01-26,,,,,,,,-110.0,,
2009-01-27,,,,,,,,-125.0,,
2009-01-28,,,,,,,,-125.0,,
2009-01-29,,,,,,,,-121.99999999999996,,
2009-01-30,14.16,1.73,7.062146892655367,5.332146892655366,11.82,8.460236886632826,6.7302368866328255,-133.0,,
2009-02-02,,,,,,,,-145.00000000000003,,
2009-02-03,,,,,,,,-132.99999999999997,,
2009-02-04,,,,,,,,-110.0,,
2009-02-05,,,,,,,,-91.99999999999996,,
2009-02-06,15.6,1.82,6.410256410256411,4.59025641025641,12.85,7.782101167315175,5.962101167315175,-99.0,,
2009-02-09,,,,,,,,-120.0,,
2009-02-10,,,,,,,,-119.0,,
2009-02-11,,,,,,,,-118.0,,
2009-02-12,,,,,,,,-118.0,,
2009-02-13,15.19,1.68,6.583278472679394,4.9032784726793945,12.33,8.110300081103,6.430300081103001,-127.00000000000004,,
2009-02-17,,,,,,,,-132.0,,
2009-02-18,,,,,,,,-129.0,,
2009-02-19,,,,,,,,-125.0,,
2009-02-20,14.37,1.67,6.958942240779402,5.288942240779402,11.49,8.703220191470844,7.0332201914708445,-139.0,,
2009-02-23,,,,,,,,-145.0,,
2009-02-24,,,,,,,,-128.99999999999997,,
2009-02-25,,,,,,,,-81.0,,
2009-02-26,,,,,,,,-66.00000000000001,,
2009-02-27,13.84,2.06,7.225433526011561,5.165433526011562,11.1,9.00900900900901,6.949009009009009,-62.000000000000014,,
2009-03-02,,,,,,,,-25.99999999999998,,
2009-03-03,,,,,,,,-12.00000000000001,,
2009-03-04,,,,,,,,10.999999999999988,,
2009-03-05,,,,,,,,-25.0,,
2009-03-06,13.22,2.02,7.5642965204236,5.5442965204236,10.38,9.633911368015411,7.613911368015414,-21.0,,
2009-03-09,,,,,,,,-35.00000000000001,,
2009-03-10,,,,,,,,-29.000000000000004,,
2009-03-11,,,,,,,,-32.00000000000003,,
2009-03-12,,,,,,,,-55.00000000000003,,
2009-03-13,14.52,1.87,6.887052341597796,5.017052341597796,11.53,8.673026886383349,6.803026886383349,-56.00000000000001,,
2009-03-16,,,,,,,,-33.00000000000001,,
2009-03-17,,,,,,,,3.999999999999981,,
2009-03-18,,,,,,,,-57.00000000000001,,
2009-03-19,,,,,,,,-67.0,,
2009-03-20,14.82,1.43,6.747638326585695,5.317638326585695,11.8,8.47457627118644,7.04457627118644,-55.00000000000001,,
2009-03-23,,,,,,,,-62.99999999999999,,
2009-03-24,,,,,,,,-70.99999999999997,,
2009-03-25,,,,,,,,-62.99999999999999,,
2009-03-26,,,,,,,,-72.99999999999997,,
2009-03-27,15.53,1.38,6.439150032195751,5.059150032195751,12.55,7.96812749003984,6.58812749003984,-64.99999999999999,,
2009-03-30,,,,,,,,-63.000000000000014,,
2009-03-31,,,,,,,,-71.00000000000001,,
2009-04-01,,,,,,,,-77.0,,39.6
2009-04-02,,,,,,,,-85.00000000000001,,
2009-04-03,16.25,1.53,6.153846153846154,4.623846153846154,12.94,7.727975270479135,6.197975270479135,-76.0,,
2009-04-06,,,,,,,,-56.99999999999999,,
2009-04-07,,,,,,,,-43.99999999999997,,
2009-04-08,,,,,,,,-39.99999999999999,,
2009-04-09,,,,,,,,-25.0,,
2009-04-10,16.5,1.62,6.0606060606060606,4.4406060606060604,13.25,7.547169811320755,5.927169811320755,,,
2009-04-13,,,,,,,,-19.0,,
2009-04-14,,,,,,,,-27.0,,
2009-04-15,,,,,,,,-23.0,,
2009-04-16,,,,,,,,-22.0,,
2009-04-17,16.64,1.7,6.009615384615384,4.309615384615384,13.48,7.418397626112759,5.718397626112759,-11.00000000000001,,
2009-04-20,,,,,,,,-16.000000000000014,,
2009-04-21,,,,,,,,-29.000000000000004,,
2009-04-22,,,,,,,,-32.00000000000001,,
2009-04-23,,,,,,,,-40.99999999999999,,
2009-04-24,16.81,1.53,5.94883997620464,4.41883997620464,13.4,7.462686567164179,5.932686567164179,-39.99999999999999,,
2009-04-27,,,,,,,,-29.000000000000004,,
2009-04-28,,,,,,,,-27.0,,
2009-04-29,,,,,,,,-24.0,,
2009-04-30,,,,,,,,-4.000000000000004,,
2009-05-01,17.05,1.8,5.865102639296188,4.065102639296188,13.62,7.342143906020558,5.542143906020558,7.000000000000006,,
2009-05-04,,,,,,,,-1.0000000000000009,,
2009-05-05,,,,,,,,-7.000000000000006,,
2009-05-06,,,,,,,,-8.000000000000007,,
2009-05-07,,,,,,,,-8.000000000000007,,
2009-05-08,17.02,1.77,5.875440658049354,4.105440658049353,14.5,6.896551724137931,5.126551724137931,-5.000000000000004,,
2009-05-11,,,,,,,,4.000000000000004,,
2009-05-12,,,,,,,,7.999999999999985,,
2009-05-13,,,,,,,,-1.0000000000000009,,
2009-05-14,,,,,,,,0.0,,
2009-05-15,16.51,1.66,6.056935190793458,4.3969351907934575,13.77,7.262164124909223,5.602164124909223,-2.0000000000000018,,
2009-05-18,,,,,,,,3.0000000000000027,,
2009-05-19,,,,,,,,-8.000000000000007,,
2009-05-20,,,,,,,,-10.999999999999988,,
2009-05-21,,,,,,,,0.0,,
2009-05-22,16.55,1.72,6.042296072507552,4.3222960725075525,13.78,7.25689404934688,5.536894049346881,5.000000000000004,,
2009-05-26,,,,,,,,-30.000000000000004,,
2009-05-27,,,,,,,,-23.0,,
2009-05-28,,,,,,,,-19.0,,
2009-05-29,17.33,1.67,5.770340450086556,4.100340450086556,14.18,7.052186177715092,5.382186177715092,-39.000000000000014,,
2009-06-01,,,,,,,,-26.0,,
2009-06-02,,,,,,,,-31.000000000000007,,
2009-06-03,,,,,,,,-34.00000000000001,,
2009-06-04,,,,,,,,-25.99999999999998,,
2009-06-05,17.9,1.88,5.586592178770951,3.706592178770951,14.08,7.102272727272728,5.222272727272728,-10.000000000000009,,
2009-06-08,,,,,,,,-8.000000000000007,,
2009-06-09,,,,,,,,-18.000000000000014,,
2009-06-10,,,,,,,,-24.0,,
2009-06-11,,,,,,,,-13.99999999999999,,
2009-06-12,17.76,1.91,5.63063063063063,3.7206306306306303,14.1,7.092198581560284,5.182198581560284,3.0000000000000027,,
2009-06-15,,,,,,,,2.9999999999999805,,
2009-06-16,,,,,,,,0.0,,
2009-06-17,,,,,,,,5.000000000000004,,
2009-06-18,,,,,,,,70.0,,
2009-06-19,17.44,1.91,5.73394495412844,3.82394495412844,13.64,7.331378299120234,5.421378299120234,59.99999999999999,,
2009-06-22,,,,,,,,46.0,,
2009-06-23,,,,,,,,44.000000000000014,,
2009-06-24,,,,,,,,56.99999999999999,,
2009-06-25,,,,,,,,38.000000000000014,,
2009-06-26,17.44,1.85,5.73394495412844,3.88394495412844,13.58,7.363770250368188,5.513770250368188,55.00000000000001,,
2009-06-29,,,,,,,,45.000000000000014,,
2009-06-30,,,,,,,,39.000000000000014,,
2009-07-01,,,,,,,,46.0,,31.5
2009-07-02,,,,,,,,43.000000000000014,,
2009-07-03,17.02,1.87,5.875440658049354,4.005440658049354,13.16,7.598784194528875,5.728784194528875,,,
2009-07-06,,,,,,,,50.99999999999998,,
2009-07-07,,,,,,,,26.0,,
2009-07-08,,,,,,,,22.0,,
2009-07-09,,,,,,,,25.0,,
2009-07-10,16.64,1.8,6.009615384615384,4.209615384615384,12.82,7.800312012480499,6.000312012480499,17.999999999999993,,
2009-07-13,,,,,,,,29.000000000000004,,
2009-07-14,,,,,,,,34.00000000000001,,
2009-07-15,,,,,,,,32.00000000000001,,
2009-07-16,,,,,,,,23.0,,
2009-07-17,17.7,1.81,5.649717514124294,3.839717514124294,13.57,7.369196757553427,5.559196757553426,11.00000000000001,,
2009-07-20,,,,,,,,7.000000000000006,,
2009-07-21,,,,,,,,2.0000000000000018,,
2009-07-22,,,,,,,,10.000000000000009,,
2009-07-23,,,,,,,,28.000000000000004,,
2009-07-24,18.27,1.81,5.473453749315818,3.6634537493158175,14.03,7.127583749109053,5.317583749109053,28.000000000000004,,
2009-07-27,,,,,,,,37.000000000000014,,
2009-07-28,,,,,,,,32.00000000000001,,
2009-07-29,,,,,,,,25.0,,
2009-07-30,,,,,,,,9.000000000000007,,
2009-07-31,18.25,1.71,5.47945205479452,3.76945205479452,14.12,7.0821529745042495,5.37215297450425,2.0000000000000018,,
2009-08-03,,,,,,,,-2.0000000000000018,,
2009-08-04,,,,,,,,4.000000000000004,,
2009-08-05,,,,,,,,8.000000000000007,,
2009-08-06,,,,,,,,13.00000000000001,,
2009-08-07,18.28,1.88,5.470459518599562,3.5904595185995625,14.4,6.944444444444445,5.064444444444445,13.99999999999999,,
2009-08-10,,,,,,,,6.000000000000005,,
2009-08-11,,,,,,,,10.000000000000009,,
2009-08-12,,,,,,,,15.000000000000014,,
2009-08-13,,,,,,,,13.00000000000001,,
2009-08-14,18.08,1.85,5.5309734513274345,3.6809734513274335,14.22,7.032348804500703,5.182348804500704,17.000000000000014,,
2009-08-17,,,,,,,,13.00000000000001,,
2009-08-18,,,,,,,,12.00000000000001,,
2009-08-19,,,,,,,,5.000000000000004,,
2009-08-20,,,,,,,,4.000000000000004,,
2009-08-21,18.29,1.69,5.467468562055768,3.777468562055768,14.45,6.920415224913495,5.230415224913495,2.0000000000000018,,
2009-08-24,,,,,,,,-5.000000000000004,,
2009-08-25,,,,,,,,0.0,,
2009-08-26,,,,,,,,0.0,,
2009-08-27,,,,,,,,-8.000000000000007,,
2009-08-28,18.22,1.76,5.488474204171241,3.728474204171241,14.44,6.925207756232688,5.165207756232688,-11.00000000000001,,
2009-08-31,,,,,,,,9.000000000000007,,
2009-09-01,,,,,,,,-6.000000000000005,,
2009-09-02,,,,,,,,2.0000000000000018,,
2009-09-03,,,,,,,,1.0000000000000009,,
2009-09-04,18.07,1.7,5.534034311012729,3.834034311012728,14.19,7.047216349541931,5.347216349541931,-13.00000000000001,,
2009-09-08,,,,,,,,-28.000000000000004,,
2009-09-09,,,,,,,,-22.0,,
2009-09-10,,,,,,,,-31.999999999999982,,
2009-09-11,18.46,1.59,5.417118093174431,3.8271180931744313,14.46,6.915629322268326,5.325629322268326,-29.999999999999982,,
2009-09-14,,,,,,,,-26.0,,
2009-09-15,,,,,,,,-26.0,,
2009-09-16,,,,,,,,-25.99999999999998,,
2009-09-17,,,,,,,,-32.999999999999986,,
2009-09-18,18.8,1.68,5.319148936170213,3.639148936170213,14.75,6.779661016949152,5.0996610169491525,-30.000000000000004,,
2009-09-21,,,,,,,,-22.0,,
2009-09-22,,,,,,,,-24.0,,
2009-09-23,,,,,,,,-21.000000000000018,,
2009-09-24,,,,,,,,-29.000000000000004,,
2009-09-25,18.32,1.6,5.458515283842795,3.8585152838427934,14.38,6.954102920723226,5.354102920723227,-22.0,,
2009-09-28,,,,,,,,-28.000000000000004,,
2009-09-29,,,,,,,,-24.0,,
2009-09-30,,,,,,,,-22.0,,
2009-10-01,,,,,,,,-33.00000000000001,,14.0
2009-10-02,17.84,1.54,5.605381165919282,4.065381165919282,14.03,7.127583749109053,5.5875837491090525,-33.00000000000001,,
2009-10-05,,,,,,,,-36.00000000000001,,
2009-10-06,,,,,,,,-49.99999999999998,,
2009-10-07,,,,,,,,-42.000000000000014,,
2009-10-08,,,,,,,,-30.000000000000004,,
2009-10-09,18.44,1.56,5.422993492407809,3.8629934924078086,14.6,6.849315068493151,5.289315068493151,-31.000000000000007,,
2009-10-13,,,,,,,,-38.000000000000014,,
2009-10-14,,,,,,,,-35.00000000000001,,
2009-10-15,,,,,,,,-37.000000000000014,,
2009-10-16,18.27,1.45,5.473453749315818,4.023453749315818,14.67,6.81663258350375,5.366632583503749,-37.000000000000014,,
2009-10-19,,,,,,,,-43.000000000000014,,
2009-10-20,,,,,,,,-35.999999999999986,,
2009-10-21,,,,,,,,-28.000000000000004,,
2009-10-22,,,,,,,,-26.0,,
2009-10-23,18.06,1.51,5.537098560354375,4.027098560354375,14.34,6.97350069735007,5.46350069735007,-29.000000000000004,,
2009-10-26,,,,,,,,-22.0,,
2009-10-27,,,,,,,,-36.00000000000001,,
2009-10-28,,,,,,,,-38.000000000000014,,
2009-10-29,,,,,,,,-34.00000000000001,,
2009-10-30,16.93,1.41,5.906674542232723,4.496674542232723,13.71,7.293946024799416,5.883946024799416,-37.000000000000014,,
2009-11-02,,,,,,,,-30.000000000000004,,
2009-11-03,,,,,,,,-33.00000000000001,,
2009-11-04,,,,,,,,-36.00000000000001,,
2009-11-05,,,,,,,,-44.000000000000014,,
2009-11-06,17.41,1.37,5.743825387708213,4.373825387708213,14.04,7.122507122507123,5.752507122507123,-50.0,,
2009-11-09,,,,,,,,-57.99999999999999,,
2009-11-10,,,,,,,,-52.0,,
2009-11-12,,,,,,,,-51.0,,
2009-11-13,17.85,1.31,5.602240896358543,4.292240896358543,14.27,7.007708479327261,5.697708479327261,-49.0,,
2009-11-16,,,,,,,,-64.00000000000001,,
2009-11-17,,,,,,,,-59.00000000000001,,
2009-11-18,,,,,,,,-57.00000000000001,,
2009-11-19,,,,,,,,-49.0,,
2009-11-20,17.51,1.21,5.711022272986864,4.501022272986864,14.16,7.062146892655367,5.852146892655367,-39.000000000000014,,
2009-11-23,,,,,,,,-49.0,,
2009-11-24,,,,,,,,-46.0,,
2009-11-25,,,,,,,,-56.00000000000001,,
2009-11-27,17.42,1.15,5.74052812858783,4.590528128587829,14.12,7.0821529745042495,5.93215297450425,-60.00000000000001,,
2009-11-30,,,,,,,,-63.000000000000014,,
2009-12-01,,,,,,,,-60.00000000000001,,
2009-12-02,,,,,,,,-53.0,,
2009-12-03,,,,,,,,-44.99999999999999,,
2009-12-04,17.55,1.34,5.698005698005698,4.358005698005698,14.22,7.032348804500703,5.692348804500703,-35.999999999999986,,
2009-12-07,,,,,,,,-38.99999999999999,,
2009-12-08,,,,,,,,-34.999999999999986,,
2009-12-09,,,,,,,,-29.999999999999982,,
2009-12-10,,,,,,,,-19.000000000000018,,
2009-12-11,17.34,1.41,5.767012687427912,4.357012687427912,14.18,7.052186177715092,5.642186177715092,-18.000000000000014,,
2009-12-14,,,,,,,,-27.99999999999998,,
2009-12-15,,,,,,,,-26.99999999999998,,
2009-12-16,,,,,,,,-28.000000000000004,,
2009-12-17,,,,,,,,-34.00000000000001,,
2009-12-18,17.33,1.31,5.770340450086556,4.460340450086555,14.03,7.127583749109053,5.817583749109053,-36.99999999999999,,
2009-12-21,,,,,,,,-30.000000000000004,,
2009-12-22,,,,,,,,-22.0,,
2009-12-23,,,,,,,,-16.999999999999993,,
2009-12-24,,,,,,,,-13.99999999999999,,
2009-12-25,17.78,1.5,5.624296962879639,4.124296962879639,14.39,6.949270326615705,5.449270326615705,,,
2009-12-28,,,,,,,,-7.000000000000006,,
2009-12-29,,,,,,,,-13.00000000000001,,
2009-12-30,,,,,,,,-12.00000000000001,,
2009-12-31,,,,,,,,-8.000000000000007,,
2010-01-01,17.55,1.48,5.698005698005698,4.2180056980056975,14.18,7.052186177715092,5.572186177715093,,,-5.5
2010-01-04,,,,,,,,-7.000000000000006,,
2010-01-05,,,,,,,,-8.000000000000007,,
2010-01-06,,,,,,,,-5.000000000000004,,
2010-01-07,,,,,,,,-1.0000000000000009,,
2010-01-08,17.64,1.41,5.668934240362812,4.258934240362811,14.46,6.915629322268326,5.505629322268326,-8.000000000000007,,
2010-01-11,,,,,,,,-9.000000000000007,,
2010-01-12,,,,,,,,-21.0,,
2010-01-13,,,,,,,,-3.0000000000000027,,
2010-01-14,,,,,,,,-11.00000000000001,,
2010-01-15,17.23,1.34,5.803830528148578,4.463830528148578,14.26,7.012622720897616,5.672622720897616,-15.999999999999991,,
2010-01-19,,,,,,,,-2.9999999999999805,,
2010-01-20,,,,,,,,-6.000000000000005,,
2010-01-21,,,,,,,,-13.99999999999999,,
2010-01-22,16.11,1.31,6.207324643078834,4.897324643078834,13.59,7.358351729212656,6.048351729212657,-17.999999999999993,,
2010-01-25,,,,,,,,-17.999999999999993,,
2010-01-26,,,,,,,,-28.000000000000004,,
2010-01-27,,,,,,,,-13.99999999999999,,
2010-01-28,,,,,,,,-12.99999999999999,,
2010-01-29,15.28,1.3,6.544502617801047,5.244502617801047,13.26,7.541478129713424,6.241478129713424,-20.0,,
2010-02-01,,,,,,,,-11.99999999999999,,
2010-02-02,,,,,,,,-14.999999999999991,,
2010-02-03,,,,,,,,-14.999999999999991,,
2010-02-04,,,,,,,,-17.999999999999993,,
2010-02-05,15.25,1.32,6.557377049180328,5.237377049180328,13.1,7.633587786259542,6.313587786259542,-8.999999999999986,,
2010-02-08,,,,,,,,-2.0000000000000018,,
2010-02-09,,,,,,,,7.000000000000006,,
2010-02-10,,,,,,,,12.99999999999999,,
2010-02-11,,,,,,,,15.999999999999991,,
2010-02-12,15.41,1.46,6.489292667099286,5.029292667099286,13.16,7.598784194528875,6.138784194528875,12.99999999999999,,
2010-02-16,,,,,,,,21.0,,
2010-02-17,,,,,,,,26.0,,
2010-02-18,,,,,,,,27.0,,
2010-02-19,15.71,1.52,6.365372374283895,4.845372374283896,13.57,7.369196757553427,5.849196757553427,31.000000000000007,,
2010-02-22,,,,,,,,34.00000000000001,,
2010-02-23,,,,,,,,30.000000000000004,,
2010-02-24,,,,,,,,30.000000000000004,,
2010-02-25,,,,,,,,35.00000000000001,,
2010-02-26,15.59,1.48,6.414368184733804,4.934368184733804,13.44,7.440476190476191,5.960476190476191,32.00000000000001,,
2010-03-01,,,,,,,,32.00000000000001,,
2010-03-02,,,,,,,,28.000000000000004,,
2010-03-03,,,,,,,,22.0,,
2010-03-04,,,,,,,,9.999999999999986,,
2010-03-05,16.11,1.48,6.207324643078834,4.727324643078834,13.79,7.251631617113851,5.771631617113851,13.99999999999999,,
2010-03-08,,,,,,,,17.999999999999993,,
2010-03-09,,,,,,,,11.99999999999999,,
2010-03-10,,,,,,,,9.000000000000007,,
2010-03-11,,,,,,,,8.000000000000007,,
2010-03-12,16.34,1.45,6.119951040391677,4.669951040391677,13.88,7.204610951008645,5.754610951008645,4.000000000000004,,
2010-03-15,,,,,,,,8.999999999999986,,
2010-03-16,,,,,,,,7.999999999999985,,
2010-03-17,,,,,,,,11.99999999999999,,
2010-03-18,,,,,,,,13.99999999999999,,
2010-03-19,16.35,1.5,6.116207951070336,4.616207951070336,13.96,7.163323782234957,5.663323782234957,19.0,,
2010-03-22,,,,,,,,5.000000000000004,,
2010-03-23,,,,,,,,3.0000000000000027,,
2010-03-24,,,,,,,,10.000000000000009,,
2010-03-25,,,,,,,,14.999999999999991,,
2010-03-26,16.46,1.62,6.075334143377885,4.455334143377885,13.99,7.147962830593281,5.527962830593281,12.00000000000001,,
2010-03-29,,,,,,,,20.0,,
2010-03-30,,,,,,,,22.0,,
2010-03-31,,,,,,,,12.00000000000001,,
2010-04-01,,,,,,,,13.00000000000001,,-7.1
2010-04-02,16.39,1.69,6.101281269066504,4.411281269066503,14.08,7.102272727272728,5.412272727272727,21.0,,
2010-04-05,,,,,,,,27.0,,
2010-04-06,,,,,,,,20.0,,
2010-04-07,,,,,,,,11.00000000000001,,
2010-04-08,,,,,,,,17.000000000000014,,
2010-04-09,16.53,1.56,6.049606775559588,4.489606775559588,14.21,7.0372976776917655,5.477297677691766,15.000000000000014,,
2010-04-12,,,,,,,,16.999999999999993,,
2010-04-13,,,,,,,,7.000000000000006,,
2010-04-14,,,,,,,,14.000000000000012,,
2010-04-15,,,,,,,,14.999999999999991,,
2010-04-16,16.53,1.46,6.049606775559588,4.589606775559588,14.06,7.112375533428165,5.652375533428165,11.99999999999999,,
2010-04-19,,,,,,,,13.99999999999999,,
2010-04-20,,,,,,,,15.999999999999991,,
2010-04-21,,,,,,,,12.99999999999999,,
2010-04-22,,,,,,,,14.999999999999991,,
2010-04-23,16.59,1.47,6.027727546714889,4.557727546714889,14.12,7.0821529745042495,5.61215297450425,15.999999999999991,,
2010-04-26,,,,,,,,14.999999999999991,,
2010-04-27,,,,,,,,2.0000000000000018,,
2010-04-28,,,,,,,,4.999999999999982,,
2010-04-29,,,,,,,,1.0000000000000009,,
2010-04-30,16.03,1.29,6.238303181534622,4.948303181534622,13.6,7.352941176470589,6.062941176470589,-1.0000000000000009,,
2010-05-03,,,,,,,,2.0000000000000018,,
2010-05-04,,,,,,,,4.000000000000004,,
2010-05-05,,,,,,,,-2.0000000000000018,,
2010-05-06,,,,,,,,-7.000000000000006,,
2010-05-07,14.73,1.3,6.788866259334691,5.488866259334691,12.64,7.911392405063291,6.611392405063291,-2.0000000000000018,,
2010-05-10,,,,,,,,-10.999999999999988,,
2010-05-11,,,,,,,,-15.999999999999991,,
2010-05-12,,,,,,,,-17.999999999999993,,
2010-05-13,,,,,,,,-17.999999999999993,,
2010-05-14,15.14,1.26,6.605019815059445,5.3450198150594455,12.86,7.776049766718508,6.516049766718508,-20.0,,
2010-05-17,,,,,,,,-14.999999999999991,,
2010-05-18,,,,,,,,-23.0,,
2010-05-19,,,,,,,,-20.0,,
2010-05-20,,,,,,,,-15.999999999999991,,
2010-05-21,14.41,1.33,6.939625260235947,5.609625260235947,12.27,8.14995925020375,6.81995925020375,-19.0,,
2010-05-24,,,,,,,,-15.999999999999991,,
2010-05-25,,,,,,,,-17.999999999999993,,
2010-05-26,,,,,,,,-17.999999999999993,,
2010-05-27,,,,,,,,-14.999999999999991,,
2010-05-28,14.57,1.32,6.863417982155113,5.543417982155113,12.25,8.16326530612245,6.843265306122449,-15.999999999999991,,
2010-06-01,,,,,,,,-13.99999999999999,,
2010-06-02,,,,,,,,-9.999999999999986,,
2010-06-03,,,,,,,,-11.99999999999999,,
2010-06-04,14.35,1.26,6.968641114982579,5.708641114982579,11.94,8.375209380234507,7.115209380234507,-17.999999999999993,,
2010-06-07,,,,,,,,-23.0,,
2010-06-08,,,,,,,,-20.0,,
2010-06-09,,,,,,,,-20.0,,
2010-06-10,,,,,,,,-13.99999999999999,,
2010-06-11,14.41,1.29,6.939625260235947,5.649625260235947,12.2,8.196721311475411,6.906721311475411,-20.0,,
2010-06-14,,,,,,,,-13.99999999999999,,
2010-06-15,,,,,,,,-13.99999999999999,,
2010-06-16,,,,,,,,-13.99999999999999,,
2010-06-17,,,,,,,,-17.999999999999993,,
2010-06-18,14.89,1.25,6.715916722632639,5.465916722632639,12.47,8.019246190858059,6.769246190858059,-20.0,,
2010-06-21,,,,,,,,-26.0,,
2010-06-22,,,,,,,,-28.000000000000004,,
2010-06-23,,,,,,,,-30.000000000000004,,
2010-06-24,,,,,,,,-37.000000000000014,,
2010-06-25,14.2,1.21,7.042253521126761,5.832253521126761,12.01,8.32639467110741,7.11639467110741,-43.99999999999999,,
2010-06-28,,,,,,,,-45.000000000000014,,
2010-06-29,,,,,,,,-52.0,,
2010-06-30,,,,,,,,-51.0,,
2010-07-01,,,,,,,,-40.000000000000014,,-8.8
2010-07-02,13.32,1.27,7.5075075075075075,6.237507507507507,11.38,8.787346221441124,7.517346221441125,-41.99999999999999,,
2010-07-06,,,,,,,,-41.99999999999999,,
2010-07-07,,,,,,,,-25.0,,
2010-07-08,,,,,,,,-33.00000000000001,,
2010-07-09,13.92,1.26,7.183908045977011,5.923908045977012,11.98,8.347245409015025,7.087245409015026,-30.000000000000004,,
2010-07-12,,,,,,,,-26.0,,
2010-07-13,,,,,,,,-22.0,,
2010-07-14,,,,,,,,-31.000000000000007,,
2010-07-15,,,,,,,,-28.000000000000004,,
2010-07-16,13.73,1.25,7.283321194464675,6.033321194464675,11.77,8.496176720475786,7.246176720475786,-21.0,,
2010-07-19,,,,,,,,-20.0,,
2010-07-20,,,,,,,,-19.0,,
2010-07-21,,,,,,,,-23.0,,
2010-07-22,,,,,,,,-25.0,,
2010-07-23,14.16,1.24,7.062146892655367,5.822146892655367,12.15,8.23045267489712,6.990452674897119,-23.0,,
2010-07-26,,,,,,,,-22.0,,
2010-07-27,,,,,,,,-11.00000000000001,,
2010-07-28,,,,,,,,-17.999999999999993,,
2010-07-29,,,,,,,,-10.000000000000009,,
2010-07-30,14.06,1.14,7.112375533428165,5.972375533428165,12.08,8.278145695364238,7.138145695364238,-15.000000000000014,,
2010-08-02,,,,,,,,-16.000000000000014,,
2010-08-03,,,,,,,,-25.0,,
2010-08-04,,,,,,,,-19.0,,
2010-08-05,,,,,,,,-23.0,,
2010-08-06,14.28,1.04,7.002801120448179,5.962801120448179,12.26,8.156606851549755,7.116606851549755,-21.0,,
2010-08-09,,,,,,,,-26.0,,
2010-08-10,,,,,,,,-38.000000000000014,,
2010-08-11,,,,,,,,-36.00000000000001,,
2010-08-12,,,,,,,,-23.0,,
2010-08-13,13.64,1.0,7.331378299120234,6.331378299120234,11.78,8.488964346349746,7.488964346349746,-28.000000000000004,,
2010-08-16,,,,,,,,-31.000000000000007,,
2010-08-17,,,,,,,,-30.000000000000004,,
2010-08-18,,,,,,,,-23.0,,
2010-08-19,,,,,,,,-30.000000000000004,,
2010-08-20,13.67,1.05,7.315288953913679,6.26528895391368,11.67,8.56898029134533,7.51898029134533,-31.000000000000007,,
2010-08-23,,,,,,,,-28.000000000000004,,
2010-08-24,,,,,,,,-34.00000000000001,,
2010-08-25,,,,,,,,-32.00000000000001,,
2010-08-26,,,,,,,,-35.00000000000001,,
2010-08-27,13.39,1.05,7.468259895444361,6.418259895444361,11.58,8.635578583765112,7.585578583765112,-28.000000000000004,,
2010-08-30,,,,,,,,-33.00000000000001,,
2010-08-31,,,,,,,,-37.000000000000014,,
2010-09-01,,,,,,,,-30.000000000000004,,
2010-09-02,,,,,,,,-31.000000000000007,,
2010-09-03,13.96,1.1,7.163323782234957,6.063323782234956,11.99,8.340283569641368,7.240283569641368,-24.0,,
2010-09-07,,,,,,,,-27.0,,
2010-09-08,,,,,,,,-27.0,,
2010-09-09,,,,,,,,-23.0,,
2010-09-10,14.04,1.02,7.122507122507123,6.102507122507124,12.02,8.319467554076539,7.299467554076539,-33.00000000000001,,
2010-09-13,,,,,,,,-35.00000000000001,,
2010-09-14,,,,,,,,-38.0,,
2010-09-15,,,,,,,,-35.00000000000001,,
2010-09-16,,,,,,,,-28.000000000000004,,
2010-09-17,14.47,1.0,6.91085003455425,5.91085003455425,12.18,8.210180623973727,7.210180623973727,-22.0,,
2010-09-20,,,,,,,,-31.000000000000007,,
2010-09-21,,,,,,,,-46.0,,
2010-09-22,,,,,,,,-46.0,,
2010-09-23,,,,,,,,-41.99999999999999,,
2010-09-24,14.88,0.81,6.720430107526881,5.9104301075268815,12.39,8.071025020177562,7.261025020177561,-41.99999999999999,,
2010-09-27,,,,,,,,-41.99999999999999,,
2010-09-28,,,,,,,,-48.0,,
2010-09-29,,,,,,,,-39.99999999999999,,
2010-09-30,,,,,,,,-39.99999999999999,,
2010-10-01,14.62,0.75,6.839945280437757,6.089945280437757,12.33,8.110300081103,7.360300081103,-46.0,,-10.5
2010-10-04,,,,,,,,-55.00000000000001,,
2010-10-05,,,,,,,,-62.0,,
2010-10-06,,,,,,,,-74.0,,
2010-10-07,,,,,,,,-77.0,,
2010-10-08,14.76,0.45,6.775067750677507,6.325067750677507,12.5,8.0,7.55,-80.0,,
2010-10-12,,,,,,,,-77.0,,
2010-10-13,,,,,,,,-84.00000000000001,,
2010-10-14,,,,,,,,-82.0,,
2010-10-15,15.24,0.5,6.561679790026247,6.061679790026247,12.6,7.936507936507937,7.436507936507937,-71.0,,
2010-10-18,,,,,,,,-78.0,,
2010-10-19,,,,,,,,-85.00000000000001,,
2010-10-20,,,,,,,,-81.0,,
2010-10-21,,,,,,,,-69.0,,
2010-10-22,15.08,0.5,6.63129973474801,6.13129973474801,12.61,7.930214115781126,7.430214115781126,-71.0,,
2010-10-25,,,,,,,,-79.0,,
2010-10-26,,,,,,,,-72.0,,
2010-10-27,,,,,,,,-64.0,,
2010-10-28,,,,,,,,-65.0,,
2010-10-29,15.08,0.5,6.63129973474801,6.13129973474801,12.61,7.930214115781126,7.430214115781126,-71.0,,
2010-11-01,,,,,,,,-64.99999999999999,,
2010-11-02,,,,,,,,-63.99999999999999,,
2010-11-03,,,,,,,,-57.00000000000001,,
2010-11-04,,,,,,,,-68.00000000000001,,
2010-11-05,15.46,0.48,6.468305304010349,5.98830530401035,13.04,7.668711656441718,7.188711656441718,-59.00000000000001,,
2010-11-08,,,,,,,,-56.00000000000001,,
2010-11-09,,,,,,,,-46.00000000000001,,
2010-11-10,,,,,,,,-38.99999999999999,,
2010-11-12,15.09,0.71,6.626905235255136,5.916905235255136,12.76,7.836990595611286,7.126990595611286,-34.00000000000001,,
2010-11-15,,,,,,,,-13.0,,
2010-11-16,,,,,,,,-7.9999999999999964,,
2010-11-17,,,,,,,,-17.000000000000004,,
2010-11-18,,,,,,,,-19.000000000000007,,
2010-11-19,15.03,0.77,6.65335994677312,5.883359946773121,12.73,7.855459544383346,7.085459544383346,-25.0,,
2010-11-22,,,,,,,,-35.00000000000001,,
2010-11-23,,,,,,,,-36.00000000000001,,
2010-11-24,,,,,,,,-21.0,,
2010-11-26,15.12,0.75,6.613756613756614,5.863756613756614,12.59,7.942811755361398,7.192811755361398,-20.0,,
2010-11-29,,,,,,,,-32.00000000000001,,
2010-11-30,,,,,,,,-25.0,,
2010-12-01,,,,,,,,-19.000000000000007,,
2010-12-02,,,,,,,,-21.000000000000007,,
2010-12-03,15.31,0.86,6.531678641410842,5.671678641410842,12.94,7.727975270479135,6.867975270479135,-24.00000000000001,,
2010-12-06,,,,,,,,-31.000000000000007,,
2010-12-07,,,,,,,,-5.999999999999995,,
2010-12-08,,,,,,,,5.000000000000004,,
2010-12-09,,,,,,,,4.000000000000004,,
2010-12-10,15.43,1.16,6.480881399870382,5.320881399870382,13.05,7.662835249042145,6.502835249042145,13.99999999999999,,
2010-12-13,,,,,,,,17.000000000000014,,
2010-12-14,,,,,,,,34.0,,
2010-12-15,,,,,,,,25.0,,
2010-12-16,,,,,,,,14.999999999999991,,
2010-12-17,15.32,1.05,6.527415143603133,5.4774151436031335,13.03,7.674597083653109,6.624597083653109,5.000000000000004,,
2010-12-20,,,,,,,,13.00000000000001,,
2010-12-21,,,,,,,,28.000000000000004,,
2010-12-22,,,,,,,,29.000000000000004,,
2010-12-23,,,,,,,,31.000000000000007,,
2010-12-24,15.45,1.08,6.472491909385114,5.392491909385114,13.11,7.627765064836003,6.547765064836003,,,
2010-12-27,,,,,,,,27.0,,
2010-12-28,,,,,,,,48.0,,
2010-12-29,,,,,,,,32.00000000000001,,
2010-12-30,,,,,,,,33.00000000000001,,
2010-12-31,15.32,1.0,6.527415143603133,5.527415143603133,13.09,7.639419404125286,6.639419404125286,25.0,,
2011-01-01,,,,,,,,,,-10.5
2011-01-03,,,,,,,,30.000000000000004,,
2011-01-04,,,,,,,,29.000000000000004,,
2011-01-05,,,,,,,,43.00000000000001,,
2011-01-06,,,,,,,,51.0,,
2011-01-07,15.68,0.98,6.377551020408164,5.397551020408164,13.19,7.581501137225171,6.601501137225171,44.99999999999999,,
2011-01-10,,,,,,,,51.0,,
2011-01-11,,,,,,,,52.0,,
2011-01-12,,,,,,,,49.0,,
2011-01-13,,,,,,,,53.0,,
2011-01-14,15.78,1.0,6.337135614702155,5.337135614702155,13.34,7.496251874062969,6.496251874062969,59.00000000000001,,
2011-01-18,,,,,,,,52.0,,
2011-01-19,,,,,,,,55.00000000000001,,
2011-01-20,,,,,,,,75.0,,
2011-01-21,14.99,1.2,6.6711140760507,5.4711140760507,13.14,7.610350076103501,6.410350076103501,70.0,,
2011-01-24,,,,,,,,68.0,,
2011-01-25,,,,,,,,66.00000000000001,,
2011-01-26,,,,,,,,63.99999999999999,,
2011-01-27,,,,,,,,53.99999999999999,,
2011-01-28,14.88,1.09,6.720430107526881,5.630430107526881,13.01,7.686395080707149,6.596395080707149,52.000000000000014,,
2011-01-31,,,,,,,,58.00000000000001,,
2011-02-01,,,,,,,,62.000000000000014,,
2011-02-02,,,,,,,,67.0,,
2011-02-03,,,,,,,,73.0,,
2011-02-04,15.31,1.3,6.531678641410842,5.231678641410842,13.33,7.501875468867217,6.201875468867217,86.00000000000001,,
2011-02-07,,,,,,,,84.00000000000001,,
2011-02-08,,,,,,,,91.0,,
2011-02-09,,,,,,,,76.00000000000001,,
2011-02-10,,,,,,,,82.99999999999999,,
2011-02-11,15.57,1.36,6.422607578676943,5.062607578676943,13.48,7.418397626112759,6.058397626112759,80.0,,
2011-02-14,,,,,,,,63.000000000000014,,
2011-02-15,,,,,,,,46.00000000000001,,
2011-02-16,,,,,,,,50.000000000000014,,
2011-02-17,,,,,,,,47.00000000000001,,
2011-02-18,15.58,1.25,6.418485237483954,5.168485237483954,13.58,7.363770250368188,6.113770250368188,42.00000000000001,,
2011-02-22,,,,,,,,42.000000000000014,,
2011-02-23,,,,,,,,41.000000000000014,,
2011-02-24,,,,,,,,25.0,,
2011-02-25,15.18,1.02,6.587615283267457,5.5676152832674575,13.31,7.513148009015778,6.493148009015778,22.0,,
2011-02-28,,,,,,,,28.000000000000004,,
2011-03-01,,,,,,,,17.000000000000004,,
2011-03-02,,,,,,,,17.000000000000004,,
2011-03-03,,,,,,,,23.00000000000001,,
2011-03-04,15.17,1.0,6.591957811470007,5.591957811470007,13.25,7.547169811320755,6.547169811320755,14.000000000000002,,
2011-03-07,,,,,,,,7.9999999999999964,,
2011-03-08,,,,,,,,-6.000000000000005,,
2011-03-09,,,,,,,,-11.00000000000001,,
2011-03-10,,,,,,,,-24.99999999999999,,
2011-03-11,14.74,0.96,6.784260515603799,5.824260515603799,13.02,7.680491551459293,6.720491551459293,-20.0,,
2011-03-14,,,,,,,,-34.0,,
2011-03-15,,,,,,,,-29.0,,
2011-03-16,,,,,,,,-30.0,,
2011-03-17,,,,,,,,-23.00000000000001,,
2011-03-18,14.18,0.85,7.052186177715092,6.202186177715093,12.68,7.886435331230284,7.036435331230284,-20.000000000000007,,
2011-03-21,,,,,,,,-16.000000000000004,,
2011-03-22,,,,,,,,-8.000000000000007,,
2011-03-23,,,,,,,,-10.000000000000009,,
2011-03-24,,,,,,,,-13.00000000000001,,
2011-03-25,14.73,1.02,6.788866259334691,5.768866259334692,12.96,7.716049382716049,6.696049382716049,-6.000000000000005,,
2011-03-28,,,,,,,,-15.999999999999991,,
2011-03-29,,,,,,,,-3.0000000000000027,,
2011-03-30,,,,,,,,-8.000000000000007,,
2011-03-31,,,,,,,,-1.0000000000000009,,
2011-04-01,14.87,0.94,6.724949562878279,5.784949562878278,13.16,7.598784194528875,6.658784194528876,-6.000000000000005,,-16.4
2011-04-04,,,,,,,,-9.999999999999998,,
2011-04-05,,,,,,,,-14.000000000000012,,
2011-04-06,,,,,,,,-4.000000000000004,,
2011-04-07,,,,,,,,1.0000000000000009,,
2011-04-08,14.67,0.95,6.81663258350375,5.866632583503749,13.03,7.674597083653109,6.724597083653109,-3.0000000000000027,,
2011-04-11,,,,,,,,-1.0000000000000009,,
2011-04-12,,,,,,,,-7.9999999999999964,,
2011-04-13,,,,,,,,-8.999999999999996,,
2011-04-14,,,,,,,,-10.999999999999998,,
2011-04-15,14.53,0.82,6.882312456985548,6.062312456985548,12.88,7.763975155279502,6.943975155279502,-18.000000000000004,,
2011-04-18,,,,,,,,-19.0,,
2011-04-19,,,,,,,,-23.0,,
2011-04-20,,,,,,,,-40.0,,
2011-04-21,,,,,,,,-37.0,,
2011-04-22,14.6,0.83,6.849315068493151,6.019315068493151,12.96,7.716049382716049,6.886049382716049,,,
2011-04-25,,,,,,,,-32.00000000000001,,
2011-04-26,,,,,,,,-39.99999999999999,,
2011-04-27,,,,,,,,-34.999999999999986,,
2011-04-28,,,,,,,,-31.000000000000007,,
2011-04-29,14.75,0.75,6.779661016949152,6.029661016949152,13.1,7.633587786259542,6.883587786259542,-34.00000000000001,,
2011-05-02,,,,,,,,-40.99999999999999,,
2011-05-03,,,,,,,,-50.0,,
2011-05-04,,,,,,,,-60.00000000000001,,
2011-05-05,,,,,,,,-60.00000000000001,,
2011-05-06,13.92,0.71,7.183908045977011,6.473908045977011,12.81,7.8064012490242,7.0964012490242,-59.00000000000001,,
2011-05-09,,,,,,,,-65.00000000000001,,
2011-05-10,,,,,,,,-64.99999999999999,,
2011-05-11,,,,,,,,-60.00000000000001,,
2011-05-12,,,,,,,,-57.00000000000001,,
2011-05-13,13.87,0.79,7.209805335255949,6.4198053352559485,12.76,7.836990595611286,7.046990595611286,-57.00000000000001,,
2011-05-16,,,,,,,,-56.00000000000001,,
2011-05-17,,,,,,,,-49.00000000000001,,
2011-05-18,,,,,,,,-43.00000000000001,,
2011-05-19,,,,,,,,-34.0,,
2011-05-20,13.63,0.85,7.336757153338224,6.486757153338225,12.7,7.874015748031496,7.024015748031497,-40.0,,
2011-05-23,,,,,,,,-26.00000000000001,,
2011-05-24,,,,,,,,-26.0,,
2011-05-25,,,,,,,,-22.0,,
2011-05-26,,,,,,,,-26.0,,
2011-05-27,13.54,0.79,7.385524372230429,6.595524372230429,12.64,7.911392405063291,7.121392405063291,-23.0,,
2011-05-31,,,,,,,,-23.0,,
2011-06-01,,,,,,,,-26.0,,
2011-06-02,,,,,,,,-23.0,,
2011-06-03,13.26,0.75,7.541478129713424,6.791478129713424,12.33,8.110300081103,7.360300081103,-34.00000000000001,,
2011-06-06,,,,,,,,-24.0,,
2011-06-07,,,,,,,,-24.0,,
2011-06-08,,,,,,,,-25.0,,
2011-06-09,,,,,,,,-17.999999999999993,,
2011-06-10,12.83,0.79,7.79423226812159,7.00423226812159,12.04,8.305647840531561,7.515647840531561,-12.0,,
2011-06-13,,,,,,,,-15.999999999999991,,
2011-06-14,,,,,,,,-10.000000000000009,,
2011-06-15,,,,,,,,-19.000000000000007,,
2011-06-16,,,,,,,,-12.0,,
2011-06-17,12.67,0.75,7.892659826361484,7.142659826361484,12.03,8.31255195344971,7.562551953449709,-6.999999999999995,,
2011-06-20,,,,,,,,-5.999999999999995,,
2011-06-21,,,,,,,,-12.0,,
2011-06-22,,,,,,,,-13.0,,
2011-06-23,,,,,,,,-27.0,,
2011-06-24,12.75,0.64,7.84313725490196,7.203137254901961,11.93,8.382229673093043,7.7422296730930436,-31.0,,
2011-06-27,,,,,,,,-35.0,,
2011-06-28,,,,,,,,-28.000000000000004,,
2011-06-29,,,,,,,,-29.000000000000004,,
2011-06-30,,,,,,,,-25.0,,
2011-07-01,13.54,0.77,7.385524372230429,6.615524372230428,12.56,7.961783439490445,7.191783439490445,-16.999999999999993,,-21.8
2011-07-05,,,,,,,,-16.999999999999993,,
2011-07-06,,,,,,,,-25.0,,
2011-07-07,,,,,,,,-24.0,,
2011-07-08,13.76,0.69,7.267441860465117,6.577441860465116,12.6,7.936507936507937,7.246507936507937,-26.0,,
2011-07-11,,,,,,,,-32.99999999999999,,
2011-07-12,,,,,,,,-30.000000000000004,,
2011-07-13,,,,,,,,-29.000000000000004,,
2011-07-14,,,,,,,,-21.0,,
2011-07-15,13.4,0.61,7.462686567164179,6.852686567164179,12.31,8.123476848090982,7.513476848090982,-21.0,,
2011-07-18,,,,,,,,-22.000000000000007,,
2011-07-19,,,,,,,,-22.0,,
2011-07-20,,,,,,,,-20.0,,
2011-07-21,,,,,,,,-14.999999999999991,,
2011-07-22,13.48,0.61,7.418397626112759,6.808397626112759,12.51,7.993605115907274,7.383605115907274,-22.0,,
2011-07-25,,,,,,,,-21.000000000000007,,
2011-07-26,,,,,,,,-19.000000000000007,,
2011-07-27,,,,,,,,-25.0,,
2011-07-28,,,,,,,,-26.0,,
2011-07-29,13.1,0.38,7.633587786259542,7.253587786259542,12.0,8.333333333333334,7.953333333333334,-37.0,,
2011-08-01,,,,,,,,-42.0,,
2011-08-02,,,,,,,,-46.0,,
2011-08-03,,,,,,,,-37.0,,
2011-08-04,,,,,,,,-46.0,,
2011-08-05,12.12,0.32,8.250825082508252,7.930825082508251,11.1,9.00900900900901,8.689009009009009,-37.99999999999999,,
2011-08-08,,,,,,,,-51.0,,
2011-08-09,,,,,,,,-69.0,,
2011-08-10,,,,,,,,-87.0,,
2011-08-11,,,,,,,,-70.0,,
2011-08-12,12.04,-0.02,8.305647840531561,8.32564784053156,10.93,9.149130832570906,9.169130832570906,-81.0,,
2011-08-15,,,,,,,,-73.0,,
2011-08-16,,,,,,,,-76.0,,
2011-08-17,,,,,,,,-81.0,,
2011-08-18,,,,,,,,-73.0,,
2011-08-19,11.23,0.02,8.904719501335707,8.884719501335708,10.44,9.578544061302685,9.558544061302683,-89.0,,
2011-08-22,,,,,,,,-82.0,,
2011-08-23,,,,,,,,-71.0,,
2011-08-24,,,,,,,,-54.0,,
2011-08-25,,,,,,,,-67.0,,
2011-08-26,11.92,0.15,8.389261744966444,8.239261744966443,10.92,9.157509157509155,9.007509157509157,-61.0,,
2011-08-29,,,,,,,,-57.00000000000001,,
2011-08-30,,,,,,,,-65.0,,
2011-08-31,,,,,,,,-62.000000000000014,,
2011-09-01,,,,,,,,-67.0,,
2011-09-02,11.91,0.0,8.39630562552477,8.39630562552477,10.88,9.191176470588236,9.191176470588236,-78.0,,
2011-09-06,,,,,,,,-71.0,,
2011-09-07,,,,,,,,-67.0,,
2011-09-08,,,,,,,,-76.0,,
2011-09-09,11.88,-0.03,8.417508417508417,8.447508417508416,10.69,9.354536950420954,9.384536950420951,-83.0,,
2011-09-12,,,,,,,,-79.0,,
2011-09-13,,,,,,,,-73.0,,
2011-09-14,,,,,,,,-71.0,,
2011-09-15,,,,,,,,-61.0,,
2011-09-16,12.64,0.13,7.911392405063291,7.781392405063291,11.28,8.865248226950355,8.735248226950354,-60.0,,
2011-09-19,,,,,,,,-66.0,,
2011-09-20,,,,,,,,-75.0,,
2011-09-21,,,,,,,,-76.0,,
2011-09-22,,,,,,,,-81.0,,
2011-09-23,12.04,0.1,8.305647840531561,8.205647840531562,10.52,9.505703422053232,9.405703422053232,-61.0,,
2011-09-26,,,,,,,,-52.0,,
2011-09-27,,,,,,,,-55.00000000000001,,
2011-09-28,,,,,,,,-56.99999999999999,,
2011-09-29,,,,,,,,-56.99999999999999,,
2011-09-30,11.66,0.17,8.576329331046312,8.406329331046312,10.49,9.532888465204955,9.362888465204955,-57.99999999999999,,
2011-10-01,,,,,,,,,,-5.9
2011-10-03,,,,,,,,-70.0,,
2011-10-04,,,,,,,,-72.0,,
2011-10-05,,,,,,,,-65.0,,
2011-10-06,,,,,,,,-61.0,,
2011-10-07,12.0,0.16,8.333333333333334,8.173333333333334,10.73,9.319664492078283,9.159664492078283,-59.0,,
2011-10-11,,,,,,,,-40.0,,
2011-10-12,,,,,,,,-34.0,,
2011-10-13,,,,,,,,-32.0,,
2011-10-14,12.87,0.28,7.77000777000777,7.49000777000777,11.44,8.741258741258742,8.461258741258742,-40.0,,
2011-10-17,,,,,,,,-37.0,,
2011-10-18,,,,,,,,-36.0,,
2011-10-19,,,,,,,,-31.000000000000007,,
2011-10-20,,,,,,,,-40.0,,
2011-10-21,12.61,0.23,7.930214115781126,7.700214115781126,11.64,8.59106529209622,8.36106529209622,-45.00000000000001,,
2011-10-24,,,,,,,,-38.0,,
2011-10-25,,,,,,,,-46.0,,
2011-10-26,,,,,,,,-41.99999999999999,,
2011-10-27,,,,,,,,-32.00000000000001,,
2011-10-28,13.01,0.19,7.686395080707149,7.496395080707148,12.14,8.237232289950576,8.047232289950577,-33.0,,
2011-10-31,,,,,,,,-30.0,,
2011-11-01,,,,,,,,-37.0,,
2011-11-02,,,,,,,,-36.0,,
2011-11-03,,,,,,,,-36.0,,
2011-11-04,12.75,-0.06,7.84313725490196,7.90313725490196,11.85,8.438818565400844,8.498818565400844,-30.0,,
2011-11-07,,,,,,,,-42.00000000000001,,
2011-11-08,,,,,,,,-23.0,,
2011-11-09,,,,,,,,-4.0,,
2011-11-10,,,,,,,,9.0,,
2011-11-11,12.71,-0.04,7.867820613690007,7.907820613690007,11.94,8.375209380234507,8.415209380234506,,,
2011-11-14,,,,,,,,1.0,,
2011-11-15,,,,,,,,-2.0,,
2011-11-16,,,,,,,,0.0,,
2011-11-17,,,,,,,,5.0,,
2011-11-18,12.16,0.05,8.223684210526315,8.173684210526314,11.48,8.710801393728223,8.660801393728223,-4.0,,
2011-11-21,,,,,,,,5.0,,
2011-11-22,,,,,,,,2.0000000000000004,,
2011-11-23,,,,,,,,-14.000000000000002,,
2011-11-25,11.6,0.05,8.620689655172415,8.570689655172414,10.96,9.124087591240874,9.074087591240874,-8.0,,
2011-11-28,,,,,,,,-13.0,,
2011-11-29,,,,,,,,-21.0,,
2011-11-30,,,,,,,,-11.000000000000002,,
2011-12-01,,,,,,,,-1.0000000000000009,,
2011-12-02,12.37,0.0,8.084074373484237,8.084074373484237,11.76,8.503401360544219,8.503401360544219,0.0,,
2011-12-05,,,,,,,,-1.0,,
2011-12-06,,,,,,,,-4.0,,
2011-12-07,,,,,,,,-10.0,,
2011-12-08,,,,,,,,1.0,,
2011-12-09,12.48,0.05,8.012820512820513,7.962820512820513,11.83,8.4530853761623,8.403085376162299,8.0,,
2011-12-12,,,,,,,,-1.0,,
2011-12-13,,,,,,,,-12.000000000000002,,
2011-12-14,,,,,,,,-16.0,,
2011-12-15,,,,,,,,-14.000000000000002,,
2011-12-16,12.11,-0.05,8.257638315441785,8.307638315441785,11.55,8.658008658008658,8.708008658008659,-18.0,,
2011-12-19,,,,,,,,-21.0,,
2011-12-20,,,,,,,,-14.000000000000002,,
2011-12-21,,,,,,,,-9.000000000000002,,
2011-12-22,,,,,,,,-8.0,,
2011-12-23,12.29,-0.04,8.136696501220506,8.176696501220505,11.89,8.410428931875526,8.450428931875525,-14.000000000000002,,
2011-12-27,,,,,,,,-13.999999999999998,,
2011-12-28,,,,,,,,-23.0,,
2011-12-29,,,,,,,,-22.000000000000004,,
2011-12-30,12.23,-0.07,8.176614881439084,8.246614881439084,11.81,8.46740050804403,8.53740050804403,-24.000000000000004,,
2012-01-01,,,,,,,,,,5.4
2012-01-03,,,,,,,,-11.000000000000002,,
2012-01-04,,,,,,,,-13.0,,
2012-01-05,,,,,,,,-22.0,,
2012-01-06,12.58,-0.11,7.94912559618442,8.059125596184419,12.0,8.333333333333334,8.443333333333333,-24.0,,
2012-01-09,,,,,,,,-29.000000000000004,,
2012-01-10,,,,,,,,-24.0,,
2012-01-11,,,,,,,,-33.0,,
2012-01-12,,,,,,,,-36.0,,
2012-01-13,12.63,-0.14,7.91765637371338,8.05765637371338,12.11,8.257638315441785,8.397638315441785,-41.0,,
2012-01-17,,,,,,,,-41.0,,
2012-01-18,,,,,,,,-37.0,,
2012-01-19,,,,,,,,-23.0,,
2012-01-20,12.97,0.01,7.710100231303007,7.700100231303007,12.4,8.064516129032258,8.054516129032258,-21.0,,
2012-01-23,,,,,,,,-21.000000000000004,,
2012-01-24,,,,,,,,-24.000000000000004,,
2012-01-25,,,,,,,,-24.0,,
2012-01-26,,,,,,,,-31.0,,
2012-01-27,12.73,-0.18,7.855459544383346,8.035459544383347,12.33,8.110300081103,8.290300081103,-42.0,,
2012-01-30,,,,,,,,-43.0,,
2012-01-31,,,,,,,,-36.00000000000001,,
2012-02-01,,,,,,,,-24.000000000000004,,
2012-02-02,,,,,,,,-23.0,,
2012-02-03,12.99,-0.21,7.698229407236336,7.908229407236336,12.6,7.936507936507937,8.146507936507938,-21.0,,
2012-02-06,,,,,,,,-20.0,,
2012-02-07,,,,,,,,-10.999999999999998,,
2012-02-08,,,,,,,,-18.0,,
2012-02-09,,,,,,,,-13.0,,
2012-02-10,13.03,-0.24,7.674597083653109,7.914597083653109,12.57,7.955449482895784,8.195449482895784,-20.0,,
2012-02-13,,,,,,,,-18.0,,
2012-02-14,,,,,,,,-26.0,,
2012-02-15,,,,,,,,-30.0,,
2012-02-16,,,,,,,,-29.0,,
2012-02-17,13.2,-0.23,7.575757575757576,7.805757575757577,12.73,7.855459544383346,8.085459544383346,-29.000000000000004,,
2012-02-21,,,,,,,,-29.000000000000004,,
2012-02-22,,,,,,,,-32.0,,
2012-02-23,,,,,,,,-29.0,,
2012-02-24,13.26,-0.29,7.541478129713424,7.831478129713424,12.75,7.84313725490196,8.13313725490196,-28.0,,
2012-02-27,,,,,,,,-37.0,,
2012-02-28,,,,,,,,-33.0,,
2012-02-29,,,,,,,,-29.000000000000004,,
2012-03-01,,,,,,,,-29.000000000000004,,
2012-03-02,13.44,-0.24,7.440476190476191,7.680476190476191,12.86,7.776049766718508,8.016049766718508,-24.0,,
2012-03-05,,,,,,,,-19.0,,
2012-03-06,,,,,,,,-22.0,,
2012-03-07,,,,,,,,-21.0,,
2012-03-08,,,,,,,,-22.0,,
2012-03-09,13.43,-0.24,7.4460163812360385,7.686016381236039,12.86,7.776049766718508,8.016049766718508,-29.0,,
2012-03-12,,,,,,,,-23.0,,
2012-03-13,,,,,,,,-15.000000000000002,,
2012-03-14,,,,,,,,-3.0000000000000004,,
2012-03-15,,,,,,,,-7.000000000000001,,
2012-03-16,13.71,-0.09,7.293946024799416,7.383946024799416,13.1,7.633587786259542,7.723587786259542,-4.0,,
2012-03-19,,,,,,,,9.0,,
2012-03-20,,,,,,,,6.000000000000001,,
2012-03-21,,,,,,,,-0.9999999999999996,,
2012-03-22,,,,,,,,-0.9999999999999996,,
2012-03-23,13.64,-0.11,7.331378299120234,7.441378299120235,12.98,7.704160246533128,7.814160246533128,-7.000000000000001,,
2012-03-26,,,,,,,,-4.0,,
2012-03-27,,,,,,,,-11.0,,
2012-03-28,,,,,,,,-4.0,,
2012-03-29,,,,,,,,-8.0,,
2012-03-30,13.74,-0.09,7.278020378457059,7.368020378457059,13.04,7.668711656441718,7.758711656441718,-1.9999999999999991,,
2012-04-01,,,,,,,,,,-6.9
2012-04-02,,,,,,,,-7.000000000000001,,
2012-04-03,,,,,,,,-2.0,,
2012-04-04,,,,,,,,3.0,,
2012-04-05,,,,,,,,2.0000000000000004,,
2012-04-06,13.71,-0.16,7.293946024799416,7.453946024799416,12.88,7.763975155279502,7.923975155279503,-5.0,,
2012-04-09,,,,,,,,-4.000000000000001,,
2012-04-10,,,,,,,,-15.999999999999998,,
2012-04-11,,,,,,,,-15.0,,
2012-04-12,,,,,,,,-12.0,,
2012-04-13,13.33,-0.25,7.501875468867217,7.751875468867217,12.57,7.955449482895784,8.205449482895784,-10.999999999999998,,
2012-04-16,,,,,,,,-12.0,,
2012-04-17,,,,,,,,-9.0,,
2012-04-18,,,,,,,,-11.000000000000002,,
2012-04-19,,,,,,,,-21.0,,
2012-04-20,13.23,-0.24,7.558578987150415,7.798578987150416,12.6,7.936507936507937,8.176507936507937,-25.0,,
2012-04-23,,,,,,,,-28.000000000000004,,
2012-04-24,,,,,,,,-24.0,,
2012-04-25,,,,,,,,-12.0,,
2012-04-26,,,,,,,,-12.999999999999998,,
2012-04-27,13.37,-0.3,7.479431563201197,7.7794315632011966,12.75,7.84313725490196,8.14313725490196,-12.0,,
2012-04-30,,,,,,,,-6.0,,
2012-05-01,,,,,,,,0.0,,
2012-05-02,,,,,,,,1.999999999999996,,
2012-05-03,,,,,,,,-6.000000000000003,,
2012-05-04,12.83,-0.3,7.79423226812159,8.09423226812159,12.4,8.064516129032258,8.364516129032259,-9.0,,
2012-05-07,,,,,,,,-6.000000000000003,,
2012-05-08,,,,,,,,-7.000000000000004,,
2012-05-09,,,,,,,,-10.0,,
2012-05-10,,,,,,,,-1.0000000000000009,,
2012-05-11,12.7,-0.28,7.874015748031496,8.154015748031496,12.26,8.156606851549755,8.436606851549755,-4.000000000000004,,
2012-05-14,,,,,,,,-6.0,,
2012-05-15,,,,,,,,-9.999999999999998,,
2012-05-16,,,,,,,,-9.000000000000002,,
2012-05-17,,,,,,,,-11.999999999999996,,
2012-05-18,12.03,-0.39,8.31255195344971,8.70255195344971,11.71,8.539709649871904,8.929709649871905,-16.0,,
2012-05-21,,,,,,,,-19.0,,
2012-05-22,,,,,,,,-10.999999999999998,,
2012-05-23,,,,,,,,-10.999999999999998,,
2012-05-24,,,,,,,,-8.000000000000002,,
2012-05-25,12.27,-0.38,8.14995925020375,8.529959250203751,11.9,8.403361344537815,8.783361344537816,-9.000000000000002,,
2012-05-29,,,,,,,,-17.0,,
2012-05-30,,,,,,,,-22.0,,
2012-05-31,,,,,,,,-8.999999999999996,,
2012-06-01,12.01,-0.59,8.32639467110741,8.91639467110741,11.52,8.680555555555555,9.270555555555555,-36.0,,
2012-06-04,,,,,,,,-32.00000000000001,,
2012-06-05,,,,,,,,-36.00000000000001,,
2012-06-06,,,,,,,,-29.000000000000004,,
2012-06-07,,,,,,,,-27.0,,
2012-06-08,12.47,-0.5,8.019246190858059,8.519246190858059,11.95,8.368200836820083,8.868200836820083,-29.000000000000004,,
2012-06-11,,,,,,,,-29.000000000000004,,
2012-06-12,,,,,,,,-24.0,,
2012-06-13,,,,,,,,-31.0,,
2012-06-14,,,,,,,,-40.0,,
2012-06-15,12.47,-0.54,8.019246190858059,8.559246190858058,12.09,8.271298593879239,8.81129859387924,-46.0,,
2012-06-18,,,,,,,,-45.00000000000001,,
2012-06-19,,,,,,,,-50.0,,
2012-06-20,,,,,,,,-47.0,,
2012-06-21,,,,,,,,-38.99999999999999,,
2012-06-22,12.55,-0.42,7.96812749003984,8.38812749003984,12.03,8.31255195344971,8.73255195344971,-34.0,,
2012-06-25,,,,,,,,-36.0,,
2012-06-26,,,,,,,,-37.0,,
2012-06-27,,,,,,,,-32.0,,
2012-06-28,,,,,,,,-37.0,,
2012-06-29,12.7,-0.46,7.874015748031496,8.334015748031497,12.22,8.183306055646481,8.643306055646482,-33.0,,
2012-07-01,,,,,,,,,,-9.5
2012-07-02,,,,,,,,-36.0,,
2012-07-03,,,,,,,,-42.0,,
2012-07-05,,,,,,,,-43.0,,
2012-07-06,12.7,-0.53,7.874015748031496,8.404015748031496,12.13,8.244023083264633,8.774023083264632,-37.0,,
2012-07-09,,,,,,,,-39.99999999999999,,
2012-07-10,,,,,,,,-35.0,,
2012-07-11,,,,,,,,-32.0,,
2012-07-12,,,,,,,,-36.0,,
2012-07-13,12.56,-0.59,7.961783439490445,8.551783439490446,12.22,8.183306055646481,8.773306055646481,-34.0,,
2012-07-16,,,,,,,,-35.0,,
2012-07-17,,,,,,,,-32.99999999999999,,
2012-07-18,,,,,,,,-34.0,,
2012-07-19,,,,,,,,-41.0,,
2012-07-20,12.79,-0.67,7.8186082877247856,8.488608287724785,12.38,8.077544426494345,8.747544426494345,-43.00000000000001,,
2012-07-23,,,,,,,,-42.00000000000001,,
2012-07-24,,,,,,,,-43.00000000000001,,
2012-07-25,,,,,,,,-43.00000000000001,,
2012-07-26,,,,,,,,-37.00000000000001,,
2012-07-27,13.12,-0.61,7.621951219512195,8.231951219512196,12.65,7.905138339920948,8.515138339920949,-31.0,,
2012-07-30,,,,,,,,-34.0,,
2012-07-31,,,,,,,,-38.99999999999999,,
2012-08-01,,,,,,,,-39.0,,
2012-08-02,,,,,,,,-40.99999999999999,,
2012-08-03,13.24,-0.66,7.552870090634441,8.212870090634441,12.61,7.930214115781126,8.590214115781126,-39.0,,
2012-08-06,,,,,,,,-38.00000000000001,,
2012-08-07,,,,,,,,-38.0,,
2012-08-08,,,,,,,,-32.99999999999999,,
2012-08-09,,,,,,,,-31.0,,
2012-08-10,13.43,-0.6,7.4460163812360385,8.046016381236038,12.72,7.861635220125786,8.461635220125785,-35.0,,
2012-08-13,,,,,,,,-30.0,,
2012-08-14,,,,,,,,-20.0,,
2012-08-15,,,,,,,,-9.000000000000002,,
2012-08-16,,,,,,,,-8.999999999999996,,
2012-08-17,13.71,-0.43,7.293946024799416,7.723946024799416,12.81,7.8064012490242,8.2364012490242,-8.000000000000002,,
2012-08-20,,,,,,,,-3.9999999999999982,,
2012-08-21,,,,,,,,-4.000000000000004,,
2012-08-22,,,,,,,,-17.000000000000004,,
2012-08-23,,,,,,,,-21.000000000000004,,
2012-08-24,13.69,-0.6,7.304601899196494,7.904601899196494,12.74,7.849293563579278,8.449293563579278,-23.0,,
2012-08-27,,,,,,,,-26.0,,
2012-08-28,,,,,,,,-30.000000000000004,,
2012-08-29,,,,,,,,-27.0,,
2012-08-30,,,,,,,,-18.0,,
2012-08-31,13.62,-0.68,7.342143906020558,8.022143906020558,12.67,7.892659826361484,8.572659826361484,-18.000000000000004,,
2012-09-04,,,,,,,,-12.0,,
2012-09-05,,,,,,,,-12.99999999999999,,
2012-09-06,,,,,,,,-13.0,,
2012-09-07,13.94,-0.68,7.173601147776184,7.853601147776184,12.94,7.727975270479135,8.407975270479135,-19.000000000000007,,
2012-09-10,,,,,,,,-18.000000000000004,,
2012-09-11,,,,,,,,-15.000000000000002,,
2012-09-12,,,,,,,,-13.0,,
2012-09-13,,,,,,,,-21.0,,
2012-09-14,14.01,-0.76,7.137758743754461,7.897758743754461,13.22,7.5642965204236,8.3242965204236,-29.000000000000004,,
2012-09-17,,,,,,,,-20.0,,
2012-09-18,,,,,,,,-19.0,,
2012-09-19,,,,,,,,-22.0,,
2012-09-20,,,,,,,,-19.0,,
2012-09-21,14.01,-0.71,7.137758743754461,7.847758743754461,13.14,7.610350076103501,8.320350076103502,-24.0,,
2012-09-24,,,,,,,,-31.0,,
2012-09-25,,,,,,,,-27.0,,
2012-09-26,,,,,,,,-32.0,,
2012-09-27,,,,,,,,-33.0,,
2012-09-28,13.63,-0.77,7.336757153338224,8.106757153338224,12.9,7.751937984496124,8.521937984496123,-29.000000000000004,,
2012-10-01,,,,,,,,-32.0,,-7.6
2012-10-02,,,,,,,,-32.99999999999999,,
2012-10-03,,,,,,,,-35.0,,
2012-10-04,,,,,,,,-38.0,,
2012-10-05,13.65,-0.82,7.326007326007326,8.146007326007325,13.06,7.656967840735069,8.47696784073507,-31.0,,
2012-10-09,,,,,,,,-24.00000000000001,,
2012-10-10,,,,,,,,-21.000000000000007,,
2012-10-11,,,,,,,,-20.000000000000007,,
2012-10-12,13.17,-0.78,7.593014426727411,8.37301442672741,12.73,7.855459544383346,8.635459544383346,-20.000000000000007,,
2012-10-15,,,,,,,,-19.000000000000007,,
2012-10-16,,,,,,,,-9.999999999999998,,
2012-10-17,,,,,,,,-6.000000000000005,,
2012-10-18,,,,,,,,-6.000000000000005,,
2012-10-19,13.05,-0.71,7.662835249042145,8.372835249042145,12.79,7.8186082877247856,8.528608287724786,-8.999999999999996,,
2012-10-22,,,,,,,,-2.999999999999992,,
2012-10-23,,,,,,,,-2.999999999999992,,
2012-10-24,,,,,,,,-0.9999999999999898,,
2012-10-25,,,,,,,,4.000000000000004,,
2012-10-26,13.14,-0.69,7.610350076103501,8.3003500761035,12.67,7.892659826361484,8.582659826361484,-2.999999999999992,,
2012-10-29,,,,,,,,-12.0,,
2012-10-31,,,,,,,,-9.000000000000007,,
2012-11-01,,,,,,,,-9.999999999999998,,
2012-11-02,13.09,-0.73,7.639419404125286,8.369419404125287,12.68,7.886435331230284,8.616435331230283,-4.000000000000004,,
2012-11-05,,,,,,,,-8.999999999999996,,
2012-11-06,,,,,,,,-3.999999999999993,,
2012-11-07,,,,,,,,-15.000000000000002,,
2012-11-08,,,,,,,,-24.0,,
2012-11-09,12.73,-0.83,7.855459544383346,8.685459544383345,12.37,8.084074373484237,8.914074373484237,-25.0,,
2012-11-13,,,,,,,,-26.0,,
2012-11-14,,,,,,,,-28.000000000000004,,
2012-11-15,,,,,,,,-35.0,,
2012-11-16,12.47,-0.81,8.019246190858059,8.82924619085806,12.17,8.216926869350862,9.026926869350865,-39.00000000000001,,
2012-11-19,,,,,,,,-35.0,,
2012-11-20,,,,,,,,-31.0,,
2012-11-21,,,,,,,,-26.0,,
2012-11-23,12.96,-0.72,7.716049382716049,8.43604938271605,12.6,7.936507936507937,8.656507936507937,-9.999999999999998,,
2012-11-26,,,,,,,,-13.0,,
2012-11-27,,,,,,,,-9.999999999999998,,
2012-11-28,,,,,,,,-6.999999999999995,,
2012-11-29,,,,,,,,-14.000000000000002,,
2012-11-30,13.11,-0.79,7.627765064836003,8.417765064836004,12.65,7.905138339920948,8.695138339920948,-16.000000000000004,,
2012-12-03,,,,,,,,-13.0,,
2012-12-04,,,,,,,,-14.999999999999991,,
2012-12-05,,,,,,,,-16.000000000000004,,
2012-12-06,,,,,,,,-24.0,,
2012-12-07,12.88,-0.86,7.763975155279502,8.623975155279503,12.65,7.905138339920948,8.765138339920949,-17.999999999999993,,
2012-12-10,,,,,,,,-19.0,,
2012-12-11,,,,,,,,-15.999999999999991,,
2012-12-12,,,,,,,,-18.000000000000004,,
2012-12-13,,,,,,,,-1.0000000000000009,,
2012-12-14,12.92,-0.74,7.739938080495356,8.479938080495355,12.59,7.942811755361398,8.682811755361397,2.0000000000000018,,
2012-12-17,,,,,,,,4.000000000000004,,
2012-12-18,,,,,,,,5.999999999999995,,
2012-12-19,,,,,,,,8.999999999999996,,
2012-12-20,,,,,,,,1.0000000000000009,,
2012-12-21,13.1,-0.71,7.633587786259542,8.343587786259542,12.73,7.855459544383346,8.565459544383346,0.0,,
2012-12-24,,,,,,,,4.000000000000004,,
2012-12-26,,,,,,,,6.000000000000005,,
2012-12-27,,,,,,,,5.000000000000004,,
2012-12-28,12.88,-0.73,7.763975155279502,8.493975155279502,12.41,8.058017727639001,8.788017727639001,4.000000000000004,,
2012-12-31,,,,,,,,9.999999999999998,,
2013-01-01,,,,,,,,,,-7.4
2013-01-02,,,,,,,,21.0,,
2013-01-03,,,,,,,,29.0,,
2013-01-04,13.43,-0.55,7.4460163812360385,7.996016381236038,12.95,7.722007722007723,8.272007722007723,31.0,,
2013-01-07,,,,,,,,22.0,,
2013-01-08,,,,,,,,22.0,,
2013-01-09,,,,,,,,17.000000000000004,,
2013-01-10,,,,,,,,18.000000000000004,,
2013-01-11,13.52,-0.63,7.396449704142012,8.026449704142012,12.98,7.704160246533128,8.334160246533129,14.000000000000002,,
2013-01-14,,,,,,,,12.0,,
2013-01-15,,,,,,,,12.0,,
2013-01-16,,,,,,,,5.999999999999995,,
2013-01-17,,,,,,,,1.0000000000000009,,
2013-01-18,13.51,-0.66,7.401924500370097,8.061924500370097,13.11,7.627765064836003,8.287765064836004,0.0,,
2013-01-22,,,,,,,,1.999999999999991,,
2013-01-23,,,,,,,,4.999999999999993,,
2013-01-24,,,,,,,,6.999999999999995,,
2013-01-25,13.73,-0.56,7.283321194464675,7.843321194464675,13.32,7.5075075075075075,8.067507507507507,6.999999999999995,,
2013-01-28,,,,,,,,13.99999999999999,,
2013-01-29,,,,,,,,20.0,,
2013-01-30,,,,,,,,19.0,,
2013-01-31,,,,,,,,21.000000000000007,,
2013-02-01,13.87,-0.55,7.209805335255949,7.759805335255948,13.41,7.457121551081283,8.007121551081283,22.0,,
2013-02-04,,,,,,,,14.000000000000002,,
2013-02-05,,,,,,,,20.0,,
2013-02-06,,,,,,,,14.000000000000002,,
2013-02-07,,,,,,,,22.000000000000007,,
2013-02-08,13.9,-0.57,7.194244604316546,7.764244604316547,13.43,7.4460163812360385,8.016016381236039,28.000000000000004,,
2013-02-11,,,,,,,,25.0,,
2013-02-12,,,,,,,,26.0,,
2013-02-13,,,,,,,,30.0,,
2013-02-14,,,,,,,,25.0,,
2013-02-15,13.85,-0.53,7.220216606498195,7.750216606498196,13.41,7.457121551081283,7.987121551081283,27.0,,
2013-02-19,,,,,,,,26.0,,
2013-02-20,,,,,,,,22.0,,
2013-02-21,,,,,,,,16.999999999999993,,
2013-02-22,13.7,-0.57,7.299270072992701,7.869270072992701,13.36,7.485029940119761,8.055029940119761,14.000000000000002,,
2013-02-25,,,,,,,,9.999999999999998,,
2013-02-26,,,,,,,,10.999999999999998,,
2013-02-27,,,,,,,,13.0,,
2013-02-28,,,,,,,,10.999999999999998,,
2013-03-01,13.71,-0.67,7.293946024799416,7.963946024799416,13.37,7.479431563201197,8.149431563201198,12.0,,
2013-03-04,,,,,,,,17.999999999999993,,
2013-03-05,,,,,,,,20.0,,
2013-03-06,,,,,,,,26.0,,
2013-03-07,,,,,,,,30.0,,
2013-03-08,13.97,-0.5,7.158196134574087,7.658196134574087,13.64,7.331378299120234,7.831378299120234,36.0,,
2013-03-11,,,,,,,,34.0,,
2013-03-12,,,,,,,,27.0,,
2013-03-13,,,,,,,,21.0,,
2013-03-14,,,,,,,,21.0,,
2013-03-15,13.95,-0.55,7.168458781362007,7.718458781362007,13.7,7.299270072992701,7.8492700729927005,19.0,,
2013-03-18,,,,,,,,7.000000000000006,,
2013-03-19,,,,,,,,5.000000000000004,,
2013-03-20,,,,,,,,12.0,,
2013-03-21,,,,,,,,14.000000000000002,,
2013-03-22,13.95,-0.6,7.168458781362007,7.768458781362007,13.6,7.352941176470589,7.952941176470588,10.999999999999998,,
2013-03-25,,,,,,,,8.999999999999996,,
2013-03-26,,,,,,,,9.999999999999998,,
2013-03-27,,,,,,,,8.999999999999996,,
2013-03-28,,,,,,,,8.999999999999996,,
2013-03-29,14.02,-0.64,7.132667617689016,7.772667617689016,13.69,7.304601899196494,7.944601899196494,,,
2013-04-01,,,,,,,,2.0000000000000018,,-19.1
2013-04-02,,,,,,,,-1.0000000000000009,,
2013-04-03,,,,,,,,-10.999999999999998,,
2013-04-04,,,,,,,,-14.999999999999991,,
2013-04-05,13.76,-0.74,7.267441860465117,8.007441860465116,13.54,7.385524372230429,8.125524372230428,-19.0,,
2013-04-08,,,,,,,,-8.999999999999996,,
2013-04-09,,,,,,,,-3.0000000000000027,,
2013-04-10,,,,,,,,2.0000000000000018,,
2013-04-11,,,,,,,,-2.0000000000000018,,
2013-04-12,14.18,-0.68,7.052186177715092,7.732186177715092,13.83,7.230657989877079,7.910657989877079,-5.000000000000004,,
2013-04-15,,,,,,,,-2.999999999999992,,
2013-04-16,,,,,,,,0.0,,
2013-04-17,,,,,,,,0.0,,
2013-04-18,,,,,,,,10.999999999999998,,
2013-04-19,13.8,-0.59,7.246376811594202,7.836376811594202,13.52,7.396449704142012,7.986449704142012,7.000000000000006,,
2013-04-22,,,,,,,,5.000000000000004,,
2013-04-23,,,,,,,,2.0000000000000018,,
2013-04-24,,,,,,,,-3.0000000000000027,,
2013-04-25,,,,,,,,-9.999999999999998,,
2013-04-26,14.41,-0.68,6.939625260235947,7.619625260235947,13.79,7.251631617113851,7.931631617113851,-12.0,,
2013-04-29,,,,,,,,-14.000000000000002,,
2013-04-30,,,,,,,,-9.999999999999998,,
2013-05-01,,,,,,,,-8.999999999999996,,
2013-05-02,,,,,,,,-6.999999999999995,,
2013-05-03,14.91,-0.53,6.70690811535882,7.23690811535882,14.06,7.112375533428165,7.642375533428165,2.0000000000000018,,
2013-05-06,,,,,,,,6.999999999999995,,
2013-05-07,,,,,,,,7.9999999999999964,,
2013-05-08,,,,,,,,8.999999999999996,,
2013-05-09,,,,,,,,6.999999999999995,,
2013-05-10,15.09,-0.45,6.626905235255136,7.076905235255136,14.21,7.0372976776917655,7.487297677691766,11.999999999999996,,
2013-05-13,,,,,,,,13.000000000000004,,
2013-05-14,,,,,,,,19.000000000000007,,
2013-05-15,,,,,,,,17.000000000000004,,
2013-05-16,,,,,,,,13.0,,
2013-05-17,15.32,-0.31,6.527415143603133,6.837415143603133,14.49,6.901311249137336,7.211311249137336,22.000000000000004,,
2013-05-20,,,,,,,,21.000000000000004,,
2013-05-21,,,,,,,,20.0,,
2013-05-22,,,,,,,,32.99999999999999,,
2013-05-23,,,,,,,,32.99999999999999,,
2013-05-24,15.1,-0.26,6.622516556291391,6.882516556291391,14.31,6.988120195667365,7.248120195667365,31.0,,
2013-05-28,,,,,,,,50.0,,
2013-05-29,,,,,,,,54.0,,
2013-05-30,,,,,,,,59.0,,
2013-05-31,15.02,-0.05,6.657789613848203,6.7077896138482025,14.13,7.077140835102618,7.127140835102618,59.0,,
2013-06-03,,,,,,,,60.00000000000001,,
2013-06-04,,,,,,,,60.0,,
2013-06-05,,,,,,,,59.00000000000001,,
2013-06-06,,,,,,,,55.99999999999999,,
2013-06-07,14.81,0.03,6.75219446320054,6.722194463200539,14.19,7.047216349541931,7.017216349541931,59.00000000000001,,
2013-06-10,,,,,,,,61.0,,
2013-06-11,,,,,,,,63.0,,
2013-06-12,,,,,,,,73.0,,
2013-06-13,,,,,,,,67.0,,
2013-06-14,14.55,0.09,6.872852233676976,6.782852233676976,14.02,7.132667617689016,7.042667617689016,62.0,,
2013-06-17,,,,,,,,70.0,,
2013-06-18,,,,,,,,74.0,,
2013-06-19,,,,,,,,89.99999999999999,,
2013-06-20,,,,,,,,103.0,,
2013-06-21,14.21,0.59,7.0372976776917655,6.447297677691766,13.71,7.293946024799416,6.703946024799416,116.0,,
2013-06-24,,,,,,,,124.0,,
2013-06-25,,,,,,,,124.0,,
2013-06-26,,,,,,,,121.0,,
2013-06-27,,,,,,,,114.0,,
2013-06-28,14.32,0.53,6.983240223463687,6.453240223463687,13.79,7.251631617113851,6.721631617113851,117.0,,
2013-07-01,,,,,,,,113.0,,-18.1
2013-07-02,,,,,,,,107.0,,
2013-07-03,,,,,,,,113.0,,
2013-07-05,14.56,0.66,6.868131868131868,6.208131868131868,13.99,7.147962830593281,6.487962830593281,140.0,,
2013-07-08,,,,,,,,127.0,,
2013-07-09,,,,,,,,126.0,,
2013-07-10,,,,,,,,124.0,,
2013-07-11,,,,,,,,121.0,,
2013-07-12,15.1,0.55,6.622516556291391,6.072516556291391,14.38,6.954102920723226,6.4041029207232265,123.0,,
2013-07-15,,,,,,,,116.0,,
2013-07-16,,,,,,,,106.0,,
2013-07-17,,,,,,,,102.0,,
2013-07-18,,,,,,,,93.0,,
2013-07-19,15.42,0.29,6.485084306095979,6.195084306095979,14.48,6.906077348066298,6.616077348066298,87.99999999999999,,
2013-07-22,,,,,,,,91.0,,
2013-07-23,,,,,,,,97.0,,
2013-07-24,,,,,,,,109.0,,
2013-07-25,,,,,,,,110.0,,
2013-07-26,15.76,0.43,6.345177664974619,5.915177664974619,14.48,6.906077348066298,6.4760773480662985,111.0,,
2013-07-29,,,,,,,,112.0,,
2013-07-30,,,,,,,,110.0,,
2013-07-31,,,,,,,,102.0,,
2013-08-01,,,,,,,,112.0,,
2013-08-02,16.07,0.42,6.222775357809583,5.802775357809583,14.63,6.835269993164729,6.4152699931647295,104.0,,
2013-08-05,,,,,,,,95.0,,
2013-08-06,,,,,,,,90.0,,
2013-08-07,,,,,,,,85.0,,
2013-08-08,,,,,,,,82.0,,
2013-08-09,15.92,0.33,6.28140703517588,5.95140703517588,14.44,6.925207756232688,6.595207756232687,83.0,,
2013-08-12,,,,,,,,82.0,,
2013-08-13,,,,,,,,88.99999999999999,,
2013-08-14,,,,,,,,87.0,,
2013-08-15,,,,,,,,96.0,,
2013-08-16,15.66,0.68,6.385696040868455,5.705696040868455,14.12,7.0821529745042495,6.40215297450425,108.0,,
2013-08-19,,,,,,,,106.0,,
2013-08-20,,,,,,,,98.0,,
2013-08-21,,,,,,,,107.0,,
2013-08-22,,,,,,,,103.0,,
2013-08-23,15.92,0.69,6.28140703517588,5.59140703517588,14.17,7.057163020465773,6.367163020465773,93.0,,
2013-08-26,,,,,,,,90.0,,
2013-08-27,,,,,,,,83.0,,
2013-08-28,,,,,,,,77.0,,
2013-08-29,,,,,,,,75.0,,
2013-08-30,15.63,0.68,6.397952655150352,5.717952655150352,13.89,7.199424046076314,6.519424046076314,73.00000000000001,,
2013-09-03,,,,,,,,83.0,,
2013-09-04,,,,,,,,88.0,,
2013-09-05,,,,,,,,98.0,,
2013-09-06,15.91,0.87,6.285355122564424,5.415355122564424,14.03,7.127583749109053,6.2575837491090525,92.0,,
2013-09-09,,,,,,,,81.0,,
2013-09-10,,,,,,,,75.0,,
2013-09-11,,,,,,,,67.0,,
2013-09-12,,,,,,,,60.00000000000001,,
2013-09-13,16.11,0.8,6.207324643078834,5.407324643078834,14.27,7.007708479327261,6.207708479327261,65.0,,
2013-09-16,,,,,,,,67.0,,
2013-09-17,,,,,,,,54.99999999999999,,
2013-09-18,,,,,,,,35.0,,
2013-09-19,,,,,,,,26.000000000000007,,
2013-09-20,16.29,0.52,6.138735420503377,5.618735420503377,14.43,6.93000693000693,6.410006930006929,6.0,,
2013-09-23,,,,,,,,-12.999999999999996,,
2013-09-24,,,,,,,,-16.000000000000004,,
2013-09-25,,,,,,,,-19.0,,
2013-09-26,,,,,,,,-13.0,,
2013-09-27,16.23,0.46,6.161429451632778,5.701429451632778,14.2,7.042253521126761,6.582253521126761,-3.9999999999999982,,
2013-09-30,,,,,,,,-8.000000000000002,,
2013-10-01,,,,,,,,-1.999999999999996,,-8.3
2013-10-02,,,,,,,,-1.0000000000000009,,
2013-10-03,,,,,,,,-4.999999999999999,,
2013-10-04,16.28,0.46,6.142506142506142,5.682506142506142,14.18,7.052186177715092,6.592186177715092,-1.999999999999996,,
2013-10-07,,,,,,,,-21.000000000000004,,
2013-10-08,,,,,,,,-9.999999999999998,,
2013-10-09,,,,,,,,-12.0,,
2013-10-10,,,,,,,,-14.000000000000002,,
2013-10-11,16.21,0.5,6.169031462060456,5.669031462060456,14.27,7.007708479327261,6.507708479327261,-6.000000000000005,,
2013-10-15,,,,,,,,7.000000000000006,,
2013-10-16,,,,,,,,9.000000000000002,,
2013-10-17,,,,,,,,7.000000000000001,,
2013-10-18,16.9,0.42,5.91715976331361,5.49715976331361,14.64,6.830601092896175,6.410601092896175,3.9999999999999982,,
2013-10-21,,,,,,,,15.000000000000002,,
2013-10-22,,,,,,,,8.999999999999996,,
2013-10-23,,,,,,,,2.9999999999999973,,
2013-10-24,,,,,,,,-8.000000000000002,,
2013-10-25,16.98,0.34,5.889281507656066,5.549281507656066,14.75,6.779661016949152,6.439661016949152,-9.999999999999998,,
2013-10-28,,,,,,,,-8.000000000000002,,
2013-10-29,,,,,,,,-10.000000000000004,,
2013-10-30,,,,,,,,-9.000000000000002,,
2013-10-31,,,,,,,,2.0000000000000018,,
2013-11-01,16.95,0.5,5.899705014749263,5.399705014749263,14.77,6.7704807041299935,6.2704807041299935,2.0000000000000018,,
2013-11-04,,,,,,,,8.000000000000002,,
2013-11-05,,,,,,,,13.000000000000004,,
2013-11-06,,,,,,,,8.999999999999996,,
2013-11-07,,,,,,,,11.000000000000004,,
2013-11-08,16.86,0.59,5.931198102016608,5.341198102016608,14.83,6.743088334457181,6.153088334457181,25.0,,
2013-11-12,,,,,,,,25.0,,
2013-11-13,,,,,,,,9.999999999999998,,
2013-11-14,,,,,,,,1.0000000000000009,,
2013-11-15,17.2,0.53,5.813953488372094,5.283953488372093,15.07,6.635700066357001,6.1057000663570005,-6.999999999999995,,
2013-11-18,,,,,,,,-20.000000000000007,,
2013-11-19,,,,,,,,-22.0,,
2013-11-20,,,,,,,,-3.0000000000000027,,
2013-11-21,,,,,,,,-13.0,,
2013-11-22,17.2,0.56,5.813953488372094,5.253953488372094,15.11,6.618133686300464,6.058133686300463,-23.0,,
2013-11-25,,,,,,,,-12.99999999999999,,
2013-11-26,,,,,,,,-9.999999999999998,,
2013-11-27,,,,,,,,1.0000000000000009,,
2013-11-29,17.51,0.6,5.711022272986864,5.111022272986864,15.1,6.622516556291391,6.022516556291391,-5.000000000000004,,
2013-12-02,,,,,,,,-2.0000000000000018,,
2013-12-03,,,,,,,,-12.0,,
2013-12-04,,,,,,,,-9.999999999999998,,
2013-12-05,,,,,,,,-16.000000000000004,,
2013-12-06,17.56,0.77,5.694760820045558,4.924760820045558,15.05,6.644518272425249,5.874518272425249,-9.999999999999998,,
2013-12-09,,,,,,,,-9.999999999999998,,
2013-12-10,,,,,,,,-17.000000000000004,,
2013-12-11,,,,,,,,-9.000000000000007,,
2013-12-12,,,,,,,,-6.000000000000005,,
2013-12-13,17.32,0.72,5.773672055427252,5.053672055427252,14.78,6.765899864682003,6.045899864682004,-8.000000000000007,,
2013-12-16,,,,,,,,-5.000000000000004,,
2013-12-17,,,,,,,,-2.999999999999992,,
2013-12-18,,,,,,,,23.0,,
2013-12-19,,,,,,,,24.0,,
2013-12-20,17.65,0.73,5.6657223796034,4.9357223796034,15.16,6.596306068601583,5.866306068601583,21.0,,
2013-12-23,,,,,,,,30.0,,
2013-12-24,,,,,,,,32.00000000000001,,
2013-12-26,,,,,,,,33.00000000000001,,
2013-12-27,17.76,0.8,5.63063063063063,4.830630630630631,15.32,6.527415143603133,5.7274151436031335,34.0,,
2013-12-30,,,,,,,,31.0,,
2013-12-31,,,,,,,,35.0,,
2014-01-01,,,,,,,,,,-13.7
2014-01-02,,,,,,,,31.0,,
2014-01-03,17.55,0.75,5.698005698005698,4.948005698005698,15.22,6.570302233902759,5.820302233902759,32.0,,
2014-01-06,,,,,,,,26.0,,
2014-01-07,,,,,,,,25.0,,
2014-01-08,,,,,,,,24.0,,
2014-01-09,,,,,,,,19.000000000000007,,
2014-01-10,17.59,0.59,5.6850483229107445,5.095048322910745,15.32,6.527415143603133,5.9374151436031335,8.999999999999996,,
2014-01-13,,,,,,,,6.999999999999995,,
2014-01-14,,,,,,,,12.0,,
2014-01-15,,,,,,,,7.9999999999999964,,
2014-01-16,,,,,,,,10.999999999999998,,
2014-01-17,17.7,0.58,5.649717514124294,5.069717514124294,15.27,6.5487884741322855,5.968788474132285,12.999999999999996,,
2014-01-21,,,,,,,,14.999999999999996,,
2014-01-22,,,,,,,,25.0,,
2014-01-23,,,,,,,,30.000000000000004,,
2014-01-24,17.42,0.61,5.74052812858783,5.130528128587829,14.87,6.724949562878279,6.114949562878278,25.0,,
2014-01-27,,,,,,,,30.0,,
2014-01-28,,,,,,,,27.0,,
2014-01-29,,,,,,,,20.000000000000007,,
2014-01-30,,,,,,,,20.0,,
2014-01-31,17.43,0.53,5.737234652897303,5.207234652897303,14.83,6.743088334457181,6.213088334457181,13.0,,
2014-02-03,,,,,,,,-3.0000000000000027,,
2014-02-04,,,,,,,,1.0000000000000009,,
2014-02-05,,,,,,,,1.0000000000000009,,
2014-02-06,,,,,,,,8.999999999999996,,
2014-02-07,17.55,0.53,5.698005698005698,5.168005698005698,14.94,6.693440428380188,6.163440428380188,7.000000000000001,,
2014-02-10,,,,,,,,-7.9999999999999964,,
2014-02-11,,,,,,,,-2.999999999999992,,
2014-02-12,,,,,,,,-3.0000000000000027,,
2014-02-13,,,,,,,,-1.999999999999991,,
2014-02-14,18.04,0.59,5.543237250554324,4.9532372505543245,15.28,6.544502617801047,5.954502617801047,7.9999999999999964,,
2014-02-18,,,,,,,,8.999999999999996,,
2014-02-19,,,,,,,,6.999999999999995,,
2014-02-20,,,,,,,,-1.0000000000000009,,
2014-02-21,17.97,0.61,5.564830272676684,4.954830272676683,15.24,6.561679790026247,5.951679790026247,1.0000000000000009,,
2014-02-24,,,,,,,,2.999999999999992,,
2014-02-25,,,,,,,,-1.0000000000000009,,
2014-02-26,,,,,,,,-3.0000000000000027,,
2014-02-27,,,,,,,,-8.999999999999996,,
2014-02-28,18.09,0.49,5.527915975677169,5.037915975677169,15.49,6.455777921239509,5.965777921239509,-8.999999999999996,,
2014-03-03,,,,,,,,-20.0,,
2014-03-04,,,,,,,,-21.0,,
2014-03-05,,,,,,,,-24.0,,
2014-03-06,,,,,,,,-24.0,,
2014-03-07,18.09,0.57,5.527915975677169,4.957915975677169,15.64,6.39386189258312,5.823861892583119,-20.000000000000007,,
2014-03-10,,,,,,,,-12.0,,
2014-03-11,,,,,,,,-14.000000000000002,,
2014-03-12,,,,,,,,-21.0,,
2014-03-13,,,,,,,,-23.0,,
2014-03-14,17.69,0.48,5.6529112492933855,5.172911249293385,15.3,6.5359477124183005,6.0559477124183,-24.0,,
2014-03-17,,,,,,,,-15.000000000000002,,
2014-03-18,,,,,,,,-22.0,,
2014-03-19,,,,,,,,-17.000000000000004,,
2014-03-20,,,,,,,,-6.999999999999995,,
2014-03-21,17.76,0.61,5.63063063063063,5.02063063063063,15.5,6.451612903225806,5.841612903225806,-12.0,,
2014-03-24,,,,,,,,-21.000000000000007,,
2014-03-25,,,,,,,,-19.000000000000007,,
2014-03-26,,,,,,,,-23.00000000000001,,
2014-03-27,,,,,,,,-24.0,,
2014-03-28,17.3,0.6,5.780346820809248,5.180346820809248,15.33,6.523157208088715,5.923157208088715,-20.000000000000007,,
2014-03-31,,,,,,,,-20.000000000000007,,
2014-04-01,,,,,,,,-17.000000000000004,,-11.1
2014-04-02,,,,,,,,-5.999999999999995,,
2014-04-03,,,,,,,,-8.999999999999996,,
2014-04-04,16.48,0.61,6.067961165048543,5.457961165048543,15.24,6.561679790026247,5.951679790026247,-14.000000000000002,,
2014-04-07,,,,,,,,-10.999999999999998,,
2014-04-08,,,,,,,,-14.000000000000002,,
2014-04-09,,,,,,,,-9.000000000000007,,
2014-04-10,,,,,,,,-7.9999999999999964,,
2014-04-11,15.97,0.5,6.261740763932373,5.761740763932373,14.82,6.747638326585695,6.247638326585695,-8.999999999999996,,
2014-04-14,,,,,,,,-9.999999999999998,,
2014-04-15,,,,,,,,-12.0,,
2014-04-16,,,,,,,,-13.0,,
2014-04-17,,,,,,,,-5.999999999999995,,
2014-04-18,16.32,0.52,6.127450980392156,5.607450980392157,15.21,6.574621959237343,6.054621959237343,,,
2014-04-21,,,,,,,,-5.999999999999995,,
2014-04-22,,,,,,,,-9.999999999999998,,
2014-04-23,,,,,,,,-17.000000000000004,,
2014-04-24,,,,,,,,-12.0,,
2014-04-25,16.03,0.48,6.238303181534622,5.758303181534622,15.1,6.622516556291391,6.14251655629139,-13.0,,
2014-04-28,,,,,,,,-9.999999999999998,,
2014-04-29,,,,,,,,-2.0000000000000018,,
2014-04-30,,,,,,,,-7.9999999999999964,,
2014-05-01,,,,,,,,-10.000000000000004,,
2014-05-02,16.26,0.41,6.150061500615005,5.740061500615005,15.26,6.553079947575361,6.143079947575361,-12.000000000000004,,
2014-05-05,,,,,,,,-11.000000000000004,,
2014-05-06,,,,,,,,-11.999999999999996,,
2014-05-07,,,,,,,,-11.000000000000004,,
2014-05-08,,,,,,,,-11.000000000000004,,
2014-05-09,16.09,0.44,6.215040397762586,5.775040397762585,15.17,6.591957811470007,6.151957811470006,-9.000000000000002,,
2014-05-12,,,,,,,,-10.999999999999998,,
2014-05-13,,,,,,,,-11.000000000000004,,
2014-05-14,,,,,,,,-22.0,,
2014-05-15,,,,,,,,-28.0,,
2014-05-16,16.19,0.34,6.176652254478072,5.836652254478072,15.14,6.605019815059445,6.265019815059445,-25.0,,
2014-05-19,,,,,,,,-23.0,,
2014-05-20,,,,,,,,-28.000000000000004,,
2014-05-21,,,,,,,,-25.0,,
2014-05-22,,,,,,,,-26.0,,
2014-05-23,16.56,0.32,6.038647342995169,5.718647342995169,15.3,6.5359477124183005,6.2159477124183,-29.0,,
2014-05-27,,,,,,,,-18.0,,
2014-05-28,,,,,,,,-23.0,,
2014-05-29,,,,,,,,-27.0,,
2014-05-30,16.78,0.26,5.959475566150179,5.699475566150179,15.46,6.468305304010349,6.2083053040103495,-27.0,,
2014-06-02,,,,,,,,-17.0,,
2014-06-03,,,,,,,,-3.0000000000000027,,
2014-06-04,,,,,,,,-8.000000000000002,,
2014-06-05,,,,,,,,-11.000000000000004,,
2014-06-06,16.98,0.4,5.889281507656066,5.489281507656066,15.63,6.397952655150352,5.997952655150352,-13.0,,
2014-06-09,,,,,,,,-15.999999999999998,,
2014-06-10,,,,,,,,-13.999999999999996,,
2014-06-11,,,,,,,,-13.999999999999996,,
2014-06-12,,,,,,,,-15.000000000000002,,
2014-06-13,16.68,0.41,5.995203836930456,5.585203836930456,15.46,6.468305304010349,6.058305304010349,-8.000000000000002,,
2014-06-16,,,,,,,,-7.000000000000001,,
2014-06-17,,,,,,,,-9.000000000000002,,
2014-06-18,,,,,,,,-12.0,,
2014-06-19,,,,,,,,-23.0,,
2014-06-20,16.76,0.35,5.966587112171837,5.616587112171837,15.66,6.385696040868455,6.035696040868455,-31.000000000000007,,
2014-06-23,,,,,,,,-26.0,,
2014-06-24,,,,,,,,-28.0,,
2014-06-25,,,,,,,,-32.0,,
2014-06-26,,,,,,,,-31.0,,
2014-06-27,17.51,0.27,5.711022272986864,5.441022272986864,15.7,6.369426751592357,6.0994267515923575,-29.000000000000004,,
2014-06-30,,,,,,,,-32.99999999999999,,
2014-07-01,,,,,,,,-31.0,,-10.7
2014-07-02,,,,,,,,-30.000000000000004,,
2014-07-03,,,,,,,,-29.000000000000004,,
2014-07-04,17.82,0.37,5.611672278338945,5.241672278338945,15.84,6.313131313131313,5.943131313131313,,,
2014-07-07,,,,,,,,-23.0,,
2014-07-08,,,,,,,,-27.0,,
2014-07-09,,,,,,,,-29.0,,
2014-07-10,,,,,,,,-24.0,,
2014-07-11,17.68,0.25,5.656108597285068,5.406108597285068,15.67,6.381620931716656,6.131620931716656,-25.0,,
2014-07-14,,,,,,,,-24.0,,
2014-07-15,,,,,,,,-19.0,,
2014-07-16,,,,,,,,-15.999999999999998,,
2014-07-17,,,,,,,,-28.000000000000004,,
2014-07-18,17.82,0.26,5.611672278338945,5.351672278338945,15.7,6.369426751592357,6.109426751592357,-26.0,,
2014-07-21,,,,,,,,-28.000000000000004,,
2014-07-22,,,,,,,,-27.0,,
2014-07-23,,,,,,,,-24.0,,
2014-07-24,,,,,,,,-24.0,,
2014-07-25,17.74,0.2,5.636978579481399,5.436978579481399,15.62,6.402048655569783,6.202048655569783,-28.0,,
2014-07-28,,,,,,,,-30.000000000000004,,
2014-07-29,,,,,,,,-33.0,,
2014-07-30,,,,,,,,-20.0,,
2014-07-31,,,,,,,,-20.0,,
2014-08-01,17.27,0.25,5.790387955993052,5.540387955993052,15.18,6.587615283267457,6.337615283267457,-18.0,,
2014-08-04,,,,,,,,-14.999999999999996,,
2014-08-05,,,,,,,,-20.0,,
2014-08-06,,,,,,,,-21.000000000000004,,
2014-08-07,,,,,,,,-23.0,,
2014-08-08,17.3,0.19,5.780346820809248,5.590346820809248,15.26,6.553079947575361,6.36307994757536,-23.0,,
2014-08-11,,,,,,,,-25.0,,
2014-08-12,,,,,,,,-26.0,,
2014-08-13,,,,,,,,-25.0,,
2014-08-14,,,,,,,,-18.0,,
2014-08-15,17.69,0.16,5.6529112492933855,5.492911249293385,15.42,6.485084306095979,6.325084306095979,-15.0,,
2014-08-18,,,,,,,,-13.000000000000004,,
2014-08-19,,,,,,,,-13.999999999999998,,
2014-08-20,,,,,,,,-8.999999999999996,,
2014-08-21,,,,,,,,-12.0,,
2014-08-22,17.96,0.26,5.567928730512249,5.307928730512249,15.66,6.385696040868455,6.125696040868455,-8.999999999999996,,
2014-08-25,,,,,,,,-8.000000000000002,,
2014-08-26,,,,,,,,-7.000000000000001,,
2014-08-27,,,,,,,,-7.999999999999999,,
2014-08-28,,,,,,,,-1.0000000000000009,,
2014-08-29,18.04,0.23,5.543237250554324,5.313237250554324,15.75,6.349206349206349,6.119206349206348,1.0000000000000009,,
2014-09-02,,,,,,,,-4.999999999999999,,
2014-09-03,,,,,,,,-17.0,,
2014-09-04,,,,,,,,-15.999999999999998,,
2014-09-05,18.02,0.31,5.549389567147614,5.239389567147614,15.75,6.349206349206349,6.039206349206349,-9.999999999999998,,
2014-09-08,,,,,,,,-5.000000000000004,,
2014-09-09,,,,,,,,-1.999999999999996,,
2014-09-10,,,,,,,,1.0000000000000009,,
2014-09-11,,,,,,,,-1.0000000000000009,,
2014-09-12,17.84,0.49,5.605381165919282,5.115381165919282,15.55,6.430868167202572,5.940868167202572,9.999999999999998,,
2014-09-15,,,,,,,,6.0,,
2014-09-16,,,,,,,,7.000000000000001,,
2014-09-17,,,,,,,,13.000000000000004,,
2014-09-18,,,,,,,,23.0,,
2014-09-19,17.93,0.56,5.577244841048522,5.017244841048521,15.72,6.361323155216285,5.801323155216284,17.000000000000004,,
2014-09-22,,,,,,,,23.0,,
2014-09-23,,,,,,,,17.000000000000004,,
2014-09-24,,,,,,,,23.000000000000004,,
2014-09-25,,,,,,,,21.000000000000004,,
2014-09-26,17.6,0.57,5.681818181818182,5.111818181818181,15.45,6.472491909385114,5.902491909385113,31.0,,
2014-09-29,,,,,,,,28.000000000000004,,
2014-09-30,,,,,,,,28.000000000000004,,
2014-10-01,,,,,,,,14.000000000000002,,-10.5
2014-10-02,,,,,,,,10.999999999999998,,
2014-10-03,17.41,0.52,5.743825387708213,5.223825387708214,15.33,6.523157208088715,6.003157208088714,15.000000000000002,,
2014-10-06,,,,,,,,13.0,,
2014-10-07,,,,,,,,8.000000000000002,,
2014-10-08,,,,,,,,8.000000000000002,,
2014-10-09,,,,,,,,8.999999999999996,,
2014-10-10,16.69,0.35,5.991611743559017,5.641611743559017,14.86,6.729475100942127,6.379475100942127,7.9999999999999964,,
2014-10-14,,,,,,,,0.9999999999999952,,
2014-10-15,,,,,,,,-2.0000000000000018,,
2014-10-16,,,,,,,,-3.9999999999999982,,
2014-10-17,16.55,0.3,6.042296072507552,5.7422960725075525,14.78,6.765899864682003,6.465899864682004,6.0,,
2014-10-20,,,,,,,,2.9999999999999973,,
2014-10-21,,,,,,,,8.000000000000002,,
2014-10-22,,,,,,,,9.000000000000002,,
2014-10-23,,,,,,,,13.0,,
2014-10-24,17.34,0.39,5.767012687427912,5.3770126874279125,15.46,6.468305304010349,6.07830530401035,14.000000000000002,,
2014-10-27,,,,,,,,18.0,,
2014-10-28,,,,,,,,17.0,,
2014-10-29,,,,,,,,22.0,,
2014-10-30,,,,,,,,13.0,,
2014-10-31,17.78,0.43,5.624296962879639,5.19429696287964,15.87,6.30119722747322,5.87119722747322,14.000000000000002,,
2014-11-03,,,,,,,,18.0,,
2014-11-04,,,,,,,,17.0,,
2014-11-05,,,,,,,,18.0,,
2014-11-06,,,,,,,,21.000000000000004,,
2014-11-07,17.81,0.38,5.614823133071309,5.234823133071309,16.0,6.25,5.87,19.0,,
2014-11-10,,,,,,,,25.0,,
2014-11-12,,,,,,,,24.000000000000004,,
2014-11-13,,,,,,,,27.0,,
2014-11-14,18.08,0.43,5.5309734513274345,5.100973451327435,16.06,6.2266500622665015,5.796650062266502,24.0,,
2014-11-17,,,,,,,,32.0,,
2014-11-18,,,,,,,,27.0,,
2014-11-19,,,,,,,,30.000000000000004,,
2014-11-20,,,,,,,,23.0,,
2014-11-21,18.09,0.45,5.527915975677169,5.077915975677169,16.23,6.161429451632778,5.711429451632778,21.000000000000004,,
2014-11-24,,,,,,,,18.0,,
2014-11-25,,,,,,,,18.0,,
2014-11-26,,,,,,,,17.0,,
2014-11-28,18.39,0.39,5.43773790103317,5.04773790103317,16.3,6.134969325153374,5.744969325153375,18.000000000000004,,
2014-12-01,,,,,,,,20.0,,
2014-12-02,,,,,,,,24.0,,
2014-12-03,,,,,,,,26.0,,
2014-12-04,,,,,,,,20.0,,
2014-12-05,18.23,0.56,5.4854635216675804,4.925463521667581,16.44,6.08272506082725,5.52272506082725,25.000000000000007,,
2014-12-08,,,,,,,,20.000000000000007,,
2014-12-09,,,,,,,,9.999999999999998,,
2014-12-10,,,,,,,,2.9999999999999973,,
2014-12-11,,,,,,,,7.000000000000001,,
2014-12-12,17.72,0.46,5.643340857787811,5.183340857787811,15.9,6.289308176100628,5.8293081761006285,-2.9999999999999973,,
2014-12-15,,,,,,,,3.0000000000000027,,
2014-12-16,,,,,,,,-6.0,,
2014-12-17,,,,,,,,-7.000000000000006,,
2014-12-18,,,,,,,,-4.000000000000004,,
2014-12-19,18.01,0.49,5.55247084952804,5.062470849528039,16.54,6.045949214026603,5.555949214026603,-7.000000000000006,,
2014-12-22,,,,,,,,-10.999999999999998,,
2014-12-23,,,,,,,,4.000000000000004,,
2014-12-24,,,,,,,,4.999999999999993,,
2014-12-26,17.76,0.58,5.63063063063063,5.05063063063063,16.61,6.020469596628537,5.440469596628537,1.0000000000000009,,
2014-12-29,,,,,,,,1.999999999999991,,
2014-12-30,,,,,,,,1.0000000000000009,,
2014-12-31,,,,,,,,-6.000000000000005,,
2015-01-01,,,,,,,,,,-5.5
2015-01-02,17.38,0.41,5.753739930955121,5.343739930955121,16.36,6.112469437652812,5.702469437652812,-8.000000000000002,,
2015-01-05,,,,,,,,-12.0,,
2015-01-06,,,,,,,,-9.000000000000002,,
2015-01-07,,,,,,,,-4.999999999999999,,
2015-01-08,,,,,,,,1.999999999999996,,
2015-01-09,17.3,0.36,5.780346820809248,5.420346820809248,16.28,6.142506142506142,5.782506142506142,-1.0000000000000009,,
2015-01-12,,,,,,,,0.0,,
2015-01-13,,,,,,,,2.0000000000000018,,
2015-01-14,,,,,,,,0.0,,
2015-01-15,,,,,,,,-9.999999999999998,,
2015-01-16,17.0,0.23,5.882352941176471,5.652352941176471,16.24,6.157635467980296,5.927635467980296,-5.000000000000002,,
2015-01-20,,,,,,,,-5.999999999999997,,
2015-01-21,,,,,,,,-7.000000000000001,,
2015-01-22,,,,,,,,-5.000000000000004,,
2015-01-23,17.58,0.21,5.688282138794085,5.478282138794085,16.65,6.006006006006007,5.796006006006007,-17.0,,
2015-01-26,,,,,,,,-17.0,,
2015-01-27,,,,,,,,-21.0,,
2015-01-28,,,,,,,,-27.0,,
2015-01-29,,,,,,,,-27.0,,
2015-01-30,17.07,0.03,5.858230814294083,5.828230814294082,16.36,6.112469437652812,6.082469437652812,-39.0,,
2015-02-02,,,,,,,,-40.0,,
2015-02-03,,,,,,,,-34.0,,
2015-02-04,,,,,,,,-32.99999999999999,,
2015-02-05,,,,,,,,-30.0,,
2015-02-06,17.47,0.24,5.724098454493418,5.4840984544934175,16.91,5.913660555884092,5.673660555884092,-21.000000000000004,,
2015-02-09,,,,,,,,-13.0,,
2015-02-10,,,,,,,,-13.0,,
2015-02-11,,,,,,,,-12.0,,
2015-02-12,,,,,,,,-13.0,,
2015-02-13,18.16,0.34,5.506607929515418,5.166607929515418,17.26,5.793742757821552,5.453742757821552,-12.999999999999996,,
2015-02-17,,,,,,,,-4.999999999999999,,
2015-02-18,,,,,,,,-12.0,,
2015-02-19,,,,,,,,-16.000000000000004,,
2015-02-20,18.39,0.38,5.43773790103317,5.05773790103317,17.42,5.74052812858783,5.36052812858783,-10.999999999999998,,
2015-02-23,,,,,,,,-10.999999999999998,,
2015-02-24,,,,,,,,-17.0,,
2015-02-25,,,,,,,,-18.0,,
2015-02-26,,,,,,,,-18.0,,
2015-02-27,18.34,0.17,5.452562704471101,5.282562704471101,17.37,5.757052389176741,5.587052389176741,-25.0,,
2015-03-02,,,,,,,,-26.0,,
2015-03-03,,,,,,,,-24.0,,
2015-03-04,,,,,,,,-23.0,,
2015-03-05,,,,,,,,-29.000000000000004,,
2015-03-06,18.08,0.41,5.5309734513274345,5.120973451327434,17.05,5.865102639296188,5.455102639296188,-15.000000000000009,,
2015-03-09,,,,,,,,-4.999999999999999,,
2015-03-10,,,,,,,,-6.0,,
2015-03-11,,,,,,,,-9.999999999999998,,
2015-03-12,,,,,,,,-7.000000000000001,,
2015-03-13,17.76,0.44,5.63063063063063,5.19063063063063,16.9,5.91715976331361,5.47715976331361,-2.0000000000000018,,
2015-03-16,,,,,,,,3.0000000000000027,,
2015-03-17,,,,,,,,-7.000000000000001,,
2015-03-18,,,,,,,,-34.0,,
2015-03-19,,,,,,,,-30.0,,
2015-03-20,18.37,0.17,5.443658138268916,5.2736581382689165,17.35,5.763688760806916,5.593688760806916,-32.0,,
2015-03-23,,,,,,,,-39.0,,
2015-03-24,,,,,,,,-48.0,,
2015-03-25,,,,,,,,-47.0,,
2015-03-26,,,,,,,,-37.0,,
2015-03-27,17.77,0.19,5.627462014631401,5.437462014631401,16.82,5.945303210463734,5.755303210463733,-38.99999999999999,,
2015-03-30,,,,,,,,-33.00000000000001,,
2015-03-31,,,,,,,,-31.0,,
2015-04-01,,,,,,,,-42.0,,-5.3
2015-04-02,,,,,,,,-30.0,,
2015-04-03,17.68,0.02,5.656108597285068,5.636108597285069,16.9,5.91715976331361,5.897159763313611,-38.99999999999999,,
2015-04-06,,,,,,,,-34.0,,
2015-04-07,,,,,,,,-35.0,,
2015-04-08,,,,,,,,-32.99999999999999,,
2015-04-09,,,,,,,,-23.0,,
2015-04-10,18.03,0.14,5.546311702717692,5.406311702717693,17.17,5.824111822947,5.684111822947,-22.0,,
2015-04-13,,,,,,,,-23.0,,
2015-04-14,,,,,,,,-19.0,,
2015-04-15,,,,,,,,-12.0,,
2015-04-16,,,,,,,,-18.0,,
2015-04-17,17.76,-0.02,5.63063063063063,5.65063063063063,17.0,5.882352941176471,5.902352941176471,-25.0,,
2015-04-20,,,,,,,,-22.0,,
2015-04-21,,,,,,,,-20.0,,
2015-04-22,,,,,,,,-17.0,,
2015-04-23,,,,,,,,-13.999999999999998,,
2015-04-24,18.56,0.04,5.387931034482759,5.347931034482759,17.38,5.753739930955121,5.713739930955121,-17.0,,
2015-04-27,,,,,,,,-14.000000000000002,,
2015-04-28,,,,,,,,-0.9999999999999996,,
2015-04-29,,,,,,,,-0.999999999999998,,
2015-04-30,,,,,,,,8.0,,
2015-05-01,18.16,0.18,5.506607929515418,5.3266079295154185,17.22,5.807200929152149,5.627200929152149,15.0,,
2015-05-04,,,,,,,,13.999999999999998,,
2015-05-05,,,,,,,,12.0,,
2015-05-06,,,,,,,,10.000000000000004,,
2015-05-07,,,,,,,,6.0,,
2015-05-08,18.07,0.28,5.534034311012729,5.254034311012728,17.2,5.813953488372094,5.533953488372093,4.000000000000004,,
2015-05-11,,,,,,,,8.000000000000002,,
2015-05-12,,,,,,,,7.000000000000001,,
2015-05-13,,,,,,,,6.999999999999995,,
2015-05-14,,,,,,,,1.999999999999996,,
2015-05-15,18.2,0.31,5.494505494505495,5.184505494505495,17.23,5.803830528148578,5.493830528148578,-3.0000000000000027,,
2015-05-18,,,,,,,,1.0000000000000009,,
2015-05-19,,,,,,,,4.999999999999999,,
2015-05-20,,,,,,,,0.0,,
2015-05-21,,,,,,,,-3.0000000000000027,,
2015-05-22,18.25,0.34,5.47945205479452,5.13945205479452,17.23,5.803830528148578,5.463830528148578,-3.9999999999999982,,
2015-05-26,,,,,,,,8.000000000000002,,
2015-05-27,,,,,,,,17.0,,
2015-05-28,,,,,,,,16.0,,
2015-05-29,18.16,0.32,5.506607929515418,5.186607929515418,17.03,5.871990604815032,5.551990604815032,15.0,,
2015-06-01,,,,,,,,22.0,,
2015-06-02,,,,,,,,19.0,,
2015-06-03,,,,,,,,29.000000000000004,,
2015-06-04,,,,,,,,25.0,,
2015-06-05,18.0,0.55,5.555555555555555,5.005555555555556,16.89,5.920663114268798,5.370663114268798,28.000000000000004,,
2015-06-08,,,,,,,,13.000000000000004,,
2015-06-09,,,,,,,,12.000000000000004,,
2015-06-10,,,,,,,,22.000000000000004,,
2015-06-11,,,,,,,,17.000000000000004,,
2015-06-12,17.88,0.55,5.592841163310962,5.042841163310962,16.88,5.924170616113744,5.374170616113744,16.000000000000004,,
2015-06-15,,,,,,,,7.000000000000001,,
2015-06-16,,,,,,,,-1.0000000000000009,,
2015-06-17,,,,,,,,0.0,,
2015-06-18,,,,,,,,23.0,,
2015-06-19,18.14,0.4,5.512679162072767,5.112679162072767,17.0,5.882352941176471,5.482352941176471,21.000000000000004,,
2015-06-22,,,,,,,,30.0,,
2015-06-23,,,,,,,,32.99999999999999,,
2015-06-24,,,,,,,,37.0,,
2015-06-25,,,,,,,,37.0,,
2015-06-26,18.0,0.57,5.555555555555555,4.985555555555555,16.9,5.91715976331361,5.34715976331361,36.0,,
2015-06-29,,,,,,,,27.0,,
2015-06-30,,,,,,,,25.0,,
2015-07-01,,,,,,,,47.0,,-7.0
2015-07-02,,,,,,,,38.0,,
2015-07-03,17.78,0.49,5.624296962879639,5.134296962879639,16.68,5.995203836930456,5.505203836930456,,,
2015-07-06,,,,,,,,36.0,,
2015-07-07,,,,,,,,36.00000000000001,,
2015-07-08,,,,,,,,31.0,,
2015-07-09,,,,,,,,34.0,,
2015-07-10,17.67,0.55,5.659309564233163,5.109309564233163,16.67,5.998800239952009,5.448800239952009,41.0,,
2015-07-13,,,,,,,,43.99999999999999,,
2015-07-14,,,,,,,,46.00000000000001,,
2015-07-15,,,,,,,,45.0,,
2015-07-16,,,,,,,,47.0,,
2015-07-17,18.83,0.51,5.310674455655869,4.800674455655869,17.08,5.85480093676815,5.34480093676815,53.0,,
2015-07-20,,,,,,,,55.00000000000001,,
2015-07-21,,,,,,,,47.0,,
2015-07-22,,,,,,,,41.0,,
2015-07-23,,,,,,,,42.0,,
2015-07-24,18.24,0.51,5.482456140350878,4.972456140350878,16.61,6.020469596628537,5.510469596628537,47.0,,
2015-07-27,,,,,,,,47.0,,
2015-07-28,,,,,,,,40.0,,
2015-07-29,,,,,,,,38.0,,
2015-07-30,,,,,,,,40.0,,
2015-07-31,18.54,0.46,5.393743257820928,4.933743257820928,16.84,5.938242280285036,5.478242280285036,35.0,,
2015-08-03,,,,,,,,28.000000000000004,,
2015-08-04,,,,,,,,28.000000000000004,,
2015-08-05,,,,,,,,32.99999999999999,,
2015-08-06,,,,,,,,22.000000000000004,,
2015-08-07,18.22,0.52,5.488474204171241,4.96847420417124,16.64,6.009615384615384,5.489615384615384,22.000000000000004,,
2015-08-10,,,,,,,,27.0,,
2015-08-11,,,,,,,,8.999999999999996,,
2015-08-12,,,,,,,,12.0,,
2015-08-13,,,,,,,,15.999999999999998,,
2015-08-14,18.26,0.58,5.476451259583789,4.896451259583789,16.75,5.970149253731344,5.390149253731344,22.0,,
2015-08-17,,,,,,,,27.0,,
2015-08-18,,,,,,,,25.0,,
2015-08-19,,,,,,,,13.000000000000004,,
2015-08-20,,,,,,,,15.000000000000002,,
2015-08-21,16.86,0.52,5.931198102016608,5.411198102016607,15.77,6.341154090044388,5.821154090044388,17.000000000000004,,
2015-08-24,,,,,,,,18.0,,
2015-08-25,,,,,,,,25.0,,
2015-08-26,,,,,,,,33.0,,
2015-08-27,,,,,,,,26.0,,
2015-08-28,17.36,0.58,5.760368663594471,5.180368663594471,15.89,6.293266205160478,5.713266205160478,25.0,,
2015-08-31,,,,,,,,26.0,,
2015-09-01,,,,,,,,21.0,,
2015-09-02,,,,,,,,20.0,,
2015-09-03,,,,,,,,8.999999999999996,,
2015-09-04,16.75,0.62,5.970149253731344,5.350149253731344,15.32,6.527415143603133,5.907415143603133,12.0,,
2015-09-08,,,,,,,,13.0,,
2015-09-09,,,,,,,,8.999999999999996,,
2015-09-10,,,,,,,,1.0000000000000009,,
2015-09-11,17.28,0.61,5.787037037037036,5.177037037037036,15.67,6.381620931716656,5.771620931716655,4.999999999999993,,
2015-09-14,,,,,,,,6.999999999999995,,
2015-09-15,,,,,,,,21.0,,
2015-09-16,,,,,,,,29.0,,
2015-09-17,,,,,,,,21.000000000000004,,
2015-09-18,17.28,0.58,5.787037037037036,5.207037037037036,15.65,6.389776357827476,5.809776357827476,11.999999999999996,,
2015-09-21,,,,,,,,26.0,,
2015-09-22,,,,,,,,16.000000000000004,,
2015-09-23,,,,,,,,14.000000000000002,,
2015-09-24,,,,,,,,16.000000000000004,,
2015-09-25,16.76,0.71,5.966587112171837,5.256587112171837,15.38,6.501950585175552,5.791950585175552,22.0,,
2015-09-28,,,,,,,,14.000000000000002,,
2015-09-29,,,,,,,,20.0,,
2015-09-30,,,,,,,,17.000000000000004,,
2015-10-01,,,,,,,,4.999999999999993,,7.4
2015-10-02,16.96,0.51,5.89622641509434,5.38622641509434,15.56,6.426735218508997,5.916735218508998,2.0000000000000018,,
2015-10-05,,,,,,,,7.000000000000006,,
2015-10-06,,,,,,,,10.000000000000004,,
2015-10-07,,,,,,,,13.0,,
2015-10-08,,,,,,,,15.000000000000002,,
2015-10-09,17.41,0.58,5.743825387708213,5.163825387708213,16.11,6.207324643078834,5.6273246430788335,10.999999999999998,,
2015-10-13,,,,,,,,-3.999999999999993,,
2015-10-14,,,,,,,,-6.000000000000005,,
2015-10-15,,,,,,,,2.0000000000000018,,
2015-10-16,17.68,0.56,5.656108597285068,5.096108597285069,16.32,6.127450980392156,5.567450980392156,4.000000000000004,,
2015-10-19,,,,,,,,7.9999999999999964,,
2015-10-20,,,,,,,,3.999999999999993,,
2015-10-21,,,,,,,,5.999999999999995,,
2015-10-22,,,,,,,,3.999999999999993,,
2015-10-23,18.35,0.58,5.449591280653951,4.869591280653951,16.69,5.991611743559017,5.411611743559017,8.999999999999996,,
2015-10-26,,,,,,,,7.9999999999999964,,
2015-10-27,,,,,,,,6.999999999999995,,
2015-10-28,,,,,,,,12.0,,
2015-10-29,,,,,,,,15.000000000000002,,
2015-10-30,18.44,0.63,5.422993492407809,4.792993492407809,16.74,5.973715651135007,5.343715651135007,12.0,,
2015-11-02,,,,,,,,19.0,,
2015-11-03,,,,,,,,19.0,,
2015-11-04,,,,,,,,16.000000000000004,,
2015-11-05,,,,,,,,13.0,,
2015-11-06,18.78,0.75,5.324813631522896,4.574813631522896,16.92,5.910165484633569,5.160165484633569,19.0,,
2015-11-09,,,,,,,,24.0,,
2015-11-10,,,,,,,,22.0,,
2015-11-12,,,,,,,,26.0,,
2015-11-13,17.94,0.76,5.574136008918617,4.814136008918617,16.25,6.153846153846154,5.393846153846154,19.000000000000007,,
2015-11-16,,,,,,,,18.000000000000004,,
2015-11-17,,,,,,,,14.000000000000002,,
2015-11-18,,,,,,,,8.999999999999996,,
2015-11-19,,,,,,,,13.0,,
2015-11-20,18.66,0.66,5.359056806002144,4.699056806002144,16.76,5.966587112171837,5.306587112171837,13.0,,
2015-11-23,,,,,,,,12.0,,
2015-11-24,,,,,,,,9.999999999999998,,
2015-11-25,,,,,,,,3.0000000000000027,,
2015-11-27,18.61,0.62,5.373455131649651,4.753455131649651,16.75,5.970149253731344,5.350149253731344,2.0000000000000018,,
2015-11-30,,,,,,,,4.000000000000004,,
2015-12-01,,,,,,,,-2.0000000000000018,,
2015-12-02,,,,,,,,-2.0000000000000018,,
2015-12-03,,,,,,,,7.9999999999999964,,
2015-12-04,18.72,0.68,5.341880341880342,4.661880341880343,16.75,5.970149253731344,5.290149253731344,6.000000000000005,,
2015-12-07,,,,,,,,5.000000000000004,,
2015-12-08,,,,,,,,1.0000000000000009,,
2015-12-09,,,,,,,,3.999999999999993,,
2015-12-10,,,,,,,,8.999999999999996,,
2015-12-11,17.93,0.67,5.577244841048522,4.907244841048522,16.13,6.199628022318661,5.529628022318661,6.000000000000005,,
2015-12-14,,,,,,,,16.000000000000004,,
2015-12-15,,,,,,,,8.000000000000007,,
2015-12-16,,,,,,,,10.999999999999998,,
2015-12-17,,,,,,,,14.000000000000002,,
2015-12-18,17.8,0.73,5.617977528089887,4.887977528089888,16.08,6.218905472636816,5.488905472636816,15.000000000000002,,
2015-12-21,,,,,,,,8.999999999999996,,
2015-12-22,,,,,,,,15.000000000000002,,
2015-12-23,,,,,,,,12.0,,
2015-12-24,,,,,,,,8.999999999999996,,
2015-12-25,18.27,0.73,5.473453749315818,4.743453749315819,16.44,6.08272506082725,5.35272506082725,,,
2015-12-28,,,,,,,,3.0000000000000027,,
2015-12-29,,,,,,,,13.0,,
2015-12-30,,,,,,,,12.0,,
2015-12-31,,,,,,,,7.9999999999999964,,
2016-01-01,18.13,0.73,5.515719801434088,4.785719801434087,16.28,6.142506142506142,5.412506142506143,,,8.2
2016-01-04,,,,,,,,17.999999999999993,,
2016-01-05,,,,,,,,12.99999999999999,,
2016-01-06,,,,,,,,12.0,,
2016-01-07,,,,,,,,13.0,,
2016-01-08,16.87,0.65,5.927682276229993,5.277682276229993,15.34,6.51890482398957,5.86890482398957,10.999999999999998,,
2016-01-11,,,,,,,,14.000000000000002,,
2016-01-12,,,,,,,,10.999999999999998,,
2016-01-13,,,,,,,,10.999999999999998,,
2016-01-14,,,,,,,,17.000000000000004,,
2016-01-15,16.44,0.67,6.08272506082725,5.41272506082725,15.11,6.618133686300464,5.948133686300464,13.0,,
2016-01-19,,,,,,,,9.000000000000007,,
2016-01-20,,,,,,,,8.999999999999996,,
2016-01-21,,,,,,,,15.000000000000002,,
2016-01-22,16.92,0.72,5.910165484633569,5.190165484633569,15.41,6.489292667099286,5.769292667099286,15.000000000000002,,
2016-01-25,,,,,,,,10.999999999999998,,
2016-01-26,,,,,,,,6.000000000000005,,
2016-01-27,,,,,,,,5.000000000000004,,
2016-01-28,,,,,,,,-5.000000000000004,,
2016-01-29,17.21,0.53,5.810575246949448,5.280575246949447,15.84,6.313131313131313,5.783131313131313,-14.000000000000002,,
2016-02-01,,,,,,,,-6.000000000000005,,
2016-02-02,,,,,,,,-14.000000000000002,,
2016-02-03,,,,,,,,-15.000000000000002,,
2016-02-04,,,,,,,,-17.000000000000004,,
2016-02-05,16.14,0.53,6.195786864931846,5.665786864931846,15.45,6.472491909385114,5.942491909385113,-17.999999999999993,,
2016-02-08,,,,,,,,-23.0,,
2016-02-09,,,,,,,,-23.0,,
2016-02-10,,,,,,,,-27.0,,
2016-02-11,,,,,,,,-32.0,,
2016-02-12,16.12,0.49,6.203473945409429,5.7134739454094285,15.32,6.527415143603133,6.037415143603133,-29.000000000000004,,
2016-02-16,,,,,,,,-23.0,,
2016-02-17,,,,,,,,-19.0,,
2016-02-18,,,,,,,,-20.0,,
2016-02-19,16.66,0.5,6.002400960384153,5.502400960384153,15.73,6.357279084551812,5.857279084551812,-18.000000000000004,,
2016-02-22,,,,,,,,-20.0,,
2016-02-23,,,,,,,,-22.000000000000004,,
2016-02-24,,,,,,,,-23.0,,
2016-02-25,,,,,,,,-30.0,,
2016-02-26,16.9,0.35,5.91715976331361,5.567159763313611,16.04,6.234413965087282,5.884413965087282,-27.0,,
2016-02-29,,,,,,,,-30.0,,
2016-03-01,,,,,,,,-23.0,,
2016-03-02,,,,,,,,-29.0,,
2016-03-03,,,,,,,,-42.0,,
2016-03-04,17.28,0.37,5.787037037037036,5.417037037037036,16.54,6.045949214026603,5.675949214026603,-31.000000000000007,,
2016-03-07,,,,,,,,-24.000000000000004,,
2016-03-08,,,,,,,,-31.000000000000007,,
2016-03-09,,,,,,,,-30.0,,
2016-03-10,,,,,,,,-28.0,,
2016-03-11,17.38,0.44,5.753739930955121,5.313739930955121,16.71,5.9844404548174746,5.544440454817474,-23.000000000000004,,
2016-03-14,,,,,,,,-33.0,,
2016-03-15,,,,,,,,-33.00000000000001,,
2016-03-16,,,,,,,,-48.0,,
2016-03-17,,,,,,,,-43.0,,
2016-03-18,17.52,0.27,5.707762557077626,5.437762557077626,16.92,5.910165484633569,5.6401654846335685,-46.0,,
2016-03-21,,,,,,,,-47.0,,
2016-03-22,,,,,,,,-47.0,,
2016-03-23,,,,,,,,-46.0,,
2016-03-24,,,,,,,,-38.99999999999999,,
2016-03-25,17.46,0.34,5.72737686139748,5.38737686139748,16.75,5.970149253731344,5.630149253731344,,,
2016-03-28,,,,,,,,-41.0,,
2016-03-29,,,,,,,,-59.00000000000001,,
2016-03-30,,,,,,,,-59.00000000000001,,
2016-03-31,,,,,,,,-56.99999999999999,,
2016-04-01,17.95,0.17,5.571030640668524,5.401030640668524,17.05,5.865102639296188,5.695102639296188,-55.99999999999999,,11.6
2016-04-04,,,,,,,,-54.99999999999999,,
2016-04-05,,,,,,,,-54.99999999999999,,
2016-04-06,,,,,,,,-48.0,,
2016-04-07,,,,,,,,-54.0,,
2016-04-08,17.69,0.14,5.6529112492933855,5.512911249293386,16.83,5.9417706476530014,5.801770647653002,-51.0,,
2016-04-11,,,,,,,,-54.99999999999999,,
2016-04-12,,,,,,,,-47.0,,
2016-04-13,,,,,,,,-44.00000000000001,,
2016-04-14,,,,,,,,-43.00000000000001,,
2016-04-15,17.95,0.2,5.571030640668524,5.371030640668524,17.09,5.851375073142188,5.651375073142188,-47.0,,
2016-04-18,,,,,,,,-46.00000000000001,,
2016-04-19,,,,,,,,-49.00000000000001,,
2016-04-20,,,,,,,,-46.0,,
2016-04-21,,,,,,,,-50.0,,
2016-04-22,17.82,0.25,5.611672278338945,5.361672278338945,17.2,5.813953488372094,5.563953488372094,-47.0,,
2016-04-25,,,,,,,,-42.99999999999999,,
2016-04-26,,,,,,,,-38.0,,
2016-04-27,,,,,,,,-43.0,,
2016-04-28,,,,,,,,-46.0,,
2016-04-29,17.5,0.12,5.714285714285714,5.594285714285714,17.01,5.878894767783656,5.758894767783656,-41.0,,
2016-05-02,,,,,,,,-31.0,,
2016-05-03,,,,,,,,-32.99999999999999,,
2016-05-04,,,,,,,,-35.0,,
2016-05-05,,,,,,,,-40.0,,
2016-05-06,17.44,0.18,5.73394495412844,5.55394495412844,16.92,5.910165484633569,5.730165484633569,-35.0,,
2016-05-09,,,,,,,,-35.0,,
2016-05-10,,,,,,,,-35.0,,
2016-05-11,,,,,,,,-31.0,,
2016-05-12,,,,,,,,-34.0,,
2016-05-13,17.39,0.13,5.750431282346176,5.620431282346176,16.78,5.959475566150179,5.829475566150179,-36.0,,
2016-05-16,,,,,,,,-38.0,,
2016-05-17,,,,,,,,-38.0,,
2016-05-18,,,,,,,,-25.0,,
2016-05-19,,,,,,,,-21.000000000000004,,
2016-05-20,17.48,0.29,5.720823798627002,5.430823798627002,16.77,5.963029218843173,5.673029218843173,-21.000000000000004,,
2016-05-23,,,,,,,,-12.0,,
2016-05-24,,,,,,,,-8.000000000000002,,
2016-05-25,,,,,,,,-3.0000000000000027,,
2016-05-26,,,,,,,,-9.999999999999998,,
2016-05-27,18.04,0.27,5.543237250554324,5.273237250554324,17.13,5.837711617046118,5.567711617046118,-7.9999999999999964,,
2016-05-31,,,,,,,,-2.0000000000000018,,
2016-06-01,,,,,,,,-3.9999999999999982,,
2016-06-02,,,,,,,,-6.0,,
2016-06-03,17.95,0.19,5.571030640668524,5.381030640668524,17.1,5.847953216374268,5.657953216374268,-10.999999999999998,,
2016-06-06,,,,,,,,-18.0,,
2016-06-07,,,,,,,,-28.000000000000004,,
2016-06-08,,,,,,,,-25.0,,
2016-06-09,,,,,,,,-27.0,,
2016-06-10,17.71,0.12,5.64652738565782,5.52652738565782,17.03,5.871990604815032,5.751990604815032,-33.0,,
2016-06-13,,,,,,,,-29.000000000000004,,
2016-06-14,,,,,,,,-28.000000000000004,,
2016-06-15,,,,,,,,-34.0,,
2016-06-16,,,,,,,,-21.0,,
2016-06-17,17.37,0.2,5.757052389176741,5.557052389176741,16.82,5.945303210463734,5.745303210463733,-14.000000000000002,,
2016-06-20,,,,,,,,-3.0000000000000027,,
2016-06-21,,,,,,,,0.0,,
2016-06-22,,,,,,,,-6.0,,
2016-06-23,,,,,,,,-6.0,,
2016-06-24,17.05,0.15,5.865102639296188,5.7151026392961874,16.46,6.075334143377885,5.925334143377885,-19.000000000000004,,
2016-06-27,,,,,,,,-22.000000000000004,,
2016-06-28,,,,,,,,-24.000000000000004,,
2016-06-29,,,,,,,,-10.0,,
2016-06-30,,,,,,,,-9.0,,
2016-07-01,17.61,0.03,5.6785917092561045,5.648591709256104,16.99,5.885815185403179,5.855815185403179,-14.000000000000002,,8.5
2016-07-05,,,,,,,,-17.0,,
2016-07-06,,,,,,,,-22.000000000000004,,
2016-07-07,,,,,,,,-15.0,,
2016-07-08,17.96,-0.06,5.567928730512249,5.627928730512249,17.17,5.824111822947,5.884111822946999,-20.0,,
2016-07-11,,,,,,,,-16.0,,
2016-07-12,,,,,,,,-15.0,,
2016-07-13,,,,,,,,-18.0,,
2016-07-14,,,,,,,,-15.999999999999998,,
2016-07-15,18.13,0.11,5.515719801434088,5.405719801434088,17.41,5.743825387708213,5.633825387708213,-9.000000000000002,,
2016-07-18,,,,,,,,-10.999999999999998,,
2016-07-19,,,,,,,,-7.000000000000001,,
2016-07-20,,,,,,,,-10.0,,
2016-07-21,,,,,,,,-19.0,,
2016-07-22,18.44,0.06,5.422993492407809,5.362993492407809,17.48,5.720823798627002,5.6608237986270025,-19.0,,
2016-07-25,,,,,,,,-18.0,,
2016-07-26,,,,,,,,-20.0,,
2016-07-27,,,,,,,,-16.0,,
2016-07-28,,,,,,,,-12.0,,
2016-07-29,18.61,-0.03,5.373455131649651,5.403455131649651,17.44,5.73394495412844,5.76394495412844,-15.0,,
2016-08-01,,,,,,,,-6.999999999999999,,
2016-08-02,,,,,,,,-9.000000000000002,,
2016-08-03,,,,,,,,-8.000000000000002,,
2016-08-04,,,,,,,,-12.0,,
2016-08-05,18.8,0.09,5.319148936170213,5.229148936170213,17.51,5.711022272986864,5.621022272986864,-4.000000000000001,,
2016-08-08,,,,,,,,-10.0,,
2016-08-09,,,,,,,,-12.0,,
2016-08-10,,,,,,,,-9.0,,
2016-08-11,,,,,,,,-4.000000000000001,,
2016-08-12,18.8,0.07,5.319148936170213,5.249148936170212,17.56,5.694760820045558,5.624760820045558,-7.999999999999999,,
2016-08-15,,,,,,,,-3.0,,
2016-08-16,,,,,,,,-1.9999999999999991,,
2016-08-17,,,,,,,,-6.0,,
2016-08-18,,,,,,,,-20.0,,
2016-08-19,18.7,0.1,5.347593582887701,5.247593582887701,17.51,5.711022272986864,5.611022272986864,-19.0,,
2016-08-22,,,,,,,,-21.0,,
2016-08-23,,,,,,,,-23.0,,
2016-08-24,,,,,,,,-23.0,,
2016-08-25,,,,,,,,-20.0,,
2016-08-26,18.57,0.15,5.385029617662897,5.235029617662897,17.35,5.763688760806916,5.613688760806916,-10.0,,
2016-08-29,,,,,,,,-16.000000000000004,,
2016-08-30,,,,,,,,-16.000000000000004,,
2016-08-31,,,,,,,,-19.0,,
2016-09-01,,,,,,,,-19.0,,
2016-09-02,18.59,0.13,5.3792361484669176,5.249236148466918,17.4,5.74712643678161,5.61712643678161,-14.000000000000002,,
2016-09-06,,,,,,,,-13.0,,
2016-09-07,,,,,,,,-12.0,,
2016-09-08,,,,,,,,-3.0,,
2016-09-09,18.08,0.17,5.5309734513274345,5.3609734513274345,17.01,5.878894767783656,5.708894767783656,5.000000000000002,,
2016-09-12,,,,,,,,5.000000000000002,,
2016-09-13,,,,,,,,9.0,,
2016-09-14,,,,,,,,3.9999999999999982,,
2016-09-15,,,,,,,,9.0,,
2016-09-16,18.53,0.19,5.396654074473826,5.206654074473826,17.07,5.858230814294083,5.668230814294082,4.000000000000001,,
2016-09-19,,,,,,,,0.0,,
2016-09-20,,,,,,,,-3.9999999999999982,,
2016-09-21,,,,,,,,-13.000000000000004,,
2016-09-22,,,,,,,,-17.0,,
2016-09-23,18.56,0.05,5.387931034482759,5.337931034482759,17.19,5.817335660267597,5.767335660267597,-19.0,,
2016-09-26,,,,,,,,-10.0,,
2016-09-27,,,,,,,,-7.999999999999999,,
2016-09-28,,,,,,,,-8.0,,
2016-09-29,,,,,,,,-8.0,,
2016-09-30,18.59,0.0,5.3792361484669176,5.3792361484669176,17.19,5.817335660267597,5.817335660267597,-9.0,,
2016-10-01,,,,,,,,,,1.5
2016-10-03,,,,,,,,-3.0,,
2016-10-04,,,,,,,,4.000000000000001,,
2016-10-05,,,,,,,,13.0,,
2016-10-06,,,,,,,,16.0,,
2016-10-07,18.46,0.1,5.417118093174431,5.317118093174432,17.03,5.871990604815032,5.7719906048150325,13.0,,
2016-10-11,,,,,,,,12.000000000000002,,
2016-10-12,,,,,,,,7.999999999999999,,
2016-10-13,,,,,,,,9.0,,
2016-10-14,18.22,0.13,5.488474204171241,5.358474204171241,16.86,5.931198102016608,5.801198102016608,5.0,,
2016-10-17,,,,,,,,-2.0000000000000004,,
2016-10-18,,,,,,,,-1.0000000000000009,,
2016-10-19,,,,,,,,-4.0,,
2016-10-20,,,,,,,,-5.0,,
2016-10-21,18.3,0.07,5.46448087431694,5.39448087431694,16.87,5.927682276229993,5.857682276229993,2.0000000000000004,,
2016-10-24,,,,,,,,5.0,,
2016-10-25,,,,,,,,-0.9999999999999996,,
2016-10-26,,,,,,,,0.9999999999999996,,
2016-10-27,,,,,,,,10.0,,
2016-10-28,18.09,0.13,5.527915975677169,5.3979159756771695,16.74,5.973715651135007,5.843715651135007,13.0,,
2016-10-31,,,,,,,,14.000000000000002,,
2016-11-01,,,,,,,,6.0,,
2016-11-02,,,,,,,,0.0,,
2016-11-03,,,,,,,,5.000000000000002,,
2016-11-04,17.55,0.11,5.698005698005698,5.588005698005698,16.41,6.0938452163315056,5.983845216331505,7.000000000000001,,
2016-11-07,,,,,,,,3.0,,
2016-11-08,,,,,,,,6.999999999999999,,
2016-11-09,,,,,,,,19.0,,
2016-11-10,,,,,,,,21.000000000000004,,
2016-11-11,17.83,0.27,5.608524957936063,5.338524957936063,17.0,5.882352941176471,5.612352941176471,,,
2016-11-14,,,,,,,,33.0,,
2016-11-15,,,,,,,,31.0,,
2016-11-16,,,,,,,,26.0,,
2016-11-17,,,,,,,,32.99999999999999,,
2016-11-18,18.0,0.44,5.555555555555555,5.115555555555555,17.11,5.844535359438924,5.404535359438924,38.0,,
2016-11-21,,,,,,,,32.0,,
2016-11-22,,,,,,,,32.99999999999999,,
2016-11-23,,,,,,,,37.0,,
2016-11-25,18.19,0.47,5.497526113249037,5.027526113249038,17.32,5.773672055427252,5.303672055427252,38.0,,
2016-11-28,,,,,,,,32.0,,
2016-11-29,,,,,,,,33.0,,
2016-11-30,,,,,,,,32.0,,
2016-12-01,,,,,,,,36.0,,
2016-12-02,17.65,0.49,5.6657223796034,5.1757223796034,17.12,5.841121495327102,5.351121495327102,36.0,,
2016-12-05,,,,,,,,32.0,,
2016-12-06,,,,,,,,38.0,,
2016-12-07,,,,,,,,39.0,,
2016-12-08,,,,,,,,36.0,,
2016-12-09,18.16,0.51,5.506607929515418,4.996607929515418,17.6,5.681818181818182,5.171818181818182,34.0,,
2016-12-12,,,,,,,,34.0,,
2016-12-13,,,,,,,,29.000000000000004,,
2016-12-14,,,,,,,,39.0,,
2016-12-15,,,,,,,,48.0,,
2016-12-16,18.19,0.74,5.497526113249037,4.757526113249037,17.53,5.704506560182544,4.964506560182544,55.00000000000001,,
2016-12-19,,,,,,,,48.00000000000001,,
2016-12-20,,,,,,,,47.0,,
2016-12-21,,,,,,,,49.0,,
2016-12-22,,,,,,,,52.0,,
2016-12-23,18.18,0.58,5.5005500550055,4.9205500550055,17.46,5.72737686139748,5.14737686139748,52.99999999999999,,
2016-12-27,,,,,,,,53.99999999999999,,
2016-12-28,,,,,,,,55.00000000000001,,
2016-12-29,,,,,,,,53.0,,
2016-12-30,17.86,0.5,5.599104143337066,5.099104143337066,17.16,5.827505827505828,5.327505827505828,50.0,,
2017-01-01,,,,,,,,,,1.4
2017-01-03,,,,,,,,47.0,,
2017-01-04,,,,,,,,40.0,,
2017-01-05,,,,,,,,32.0,,
2017-01-06,18.36,0.46,5.446623093681917,4.986623093681917,17.45,5.730659025787966,5.270659025787966,35.0,,
2017-01-09,,,,,,,,32.99999999999999,,
2017-01-10,,,,,,,,32.99999999999999,,
2017-01-11,,,,,,,,26.0,,
2017-01-12,,,,,,,,23.0,,
2017-01-13,18.5,0.41,5.405405405405405,4.995405405405405,17.37,5.757052389176741,5.347052389176741,29.0,,
2017-01-17,,,,,,,,27.0,,
2017-01-18,,,,,,,,32.99999999999999,,
2017-01-19,,,,,,,,35.0,,
2017-01-20,18.47,0.44,5.414185165132648,4.974185165132647,17.3,5.780346820809248,5.340346820809248,36.0,,
2017-01-23,,,,,,,,32.0,,
2017-01-24,,,,,,,,30.0,,
2017-01-25,,,,,,,,38.0,,
2017-01-26,,,,,,,,35.0,,
2017-01-27,18.76,0.41,5.330490405117271,4.92049040511727,17.46,5.72737686139748,5.31737686139748,28.0,,
2017-01-30,,,,,,,,29.0,,
2017-01-31,,,,,,,,29.000000000000004,,
2017-02-01,,,,,,,,32.0,,
2017-02-02,,,,,,,,32.0,,
2017-02-03,18.72,0.44,5.341880341880342,4.901880341880342,17.47,5.724098454493418,5.284098454493417,30.0,,
2017-02-06,,,,,,,,29.000000000000004,,
2017-02-07,,,,,,,,28.000000000000004,,
2017-02-08,,,,,,,,23.0,,
2017-02-09,,,,,,,,15.999999999999998,,
2017-02-10,19.12,0.4,5.230125523012552,4.830125523012551,17.64,5.668934240362812,5.268934240362811,13.0,,
2017-02-13,,,,,,,,15.999999999999998,,
2017-02-14,,,,,,,,6.0,,
2017-02-15,,,,,,,,4.000000000000004,,
2017-02-16,,,,,,,,3.9999999999999982,,
2017-02-17,19.45,0.41,5.141388174807198,4.731388174807198,17.86,5.599104143337066,5.189104143337066,-1.0000000000000009,,
2017-02-21,,,,,,,,-1.999999999999996,,
2017-02-22,,,,,,,,-2.9999999999999973,,
2017-02-23,,,,,,,,-9.000000000000002,,
2017-02-24,19.46,0.31,5.138746145940391,4.828746145940391,17.96,5.567928730512249,5.2579287305122495,-13.0,,
2017-02-27,,,,,,,,-12.0,,
2017-02-28,,,,,,,,-12.999999999999996,,
2017-03-01,,,,,,,,-4.999999999999999,,
2017-03-02,,,,,,,,-1.0000000000000009,,
2017-03-03,19.51,0.45,5.125576627370579,4.675576627370579,18.1,5.524861878453038,5.074861878453038,-3.9999999999999982,,
2017-03-06,,,,,,,,3.9999999999999982,,
2017-03-07,,,,,,,,7.000000000000001,,
2017-03-08,,,,,,,,11.000000000000004,,
2017-03-09,,,,,,,,8.999999999999996,,
2017-03-10,19.53,0.57,5.120327700972862,4.550327700972861,18.0,5.555555555555555,4.985555555555555,5.999999999999995,,
2017-03-13,,,,,,,,7.9999999999999964,,
2017-03-14,,,,,,,,1.0000000000000009,,
2017-03-15,,,,,,,,-20.0,,
2017-03-16,,,,,,,,-23.0,,
2017-03-17,19.56,0.49,5.112474437627812,4.622474437627812,17.99,5.558643690939412,5.068643690939411,-25.0,,
2017-03-20,,,,,,,,-20.000000000000007,,
2017-03-21,,,,,,,,-19.0,,
2017-03-22,,,,,,,,-17.0,,
2017-03-23,,,,,,,,-11.999999999999996,,
2017-03-24,19.21,0.42,5.205622071837585,4.785622071837585,17.6,5.681818181818182,5.261818181818182,-15.999999999999998,,
2017-03-27,,,,,,,,-17.0,,
2017-03-28,,,,,,,,-11.000000000000004,,
2017-03-29,,,,,,,,-14.000000000000009,,
2017-03-30,,,,,,,,-3.9999999999999982,,
2017-03-31,19.38,0.43,5.159958720330238,4.729958720330238,17.7,5.649717514124294,5.219717514124294,-7.000000000000001,,
2017-04-01,,,,,,,,,,-2.8
2017-04-03,,,,,,,,-7.9999999999999964,,
2017-04-04,,,,,,,,-6.999999999999995,,
2017-04-05,,,,,,,,-4.999999999999999,,
2017-04-06,,,,,,,,-7.000000000000001,,
2017-04-07,19.23,0.44,5.200208008320333,4.760208008320332,17.59,5.6850483229107445,5.245048322910744,-2.0000000000000018,,
2017-04-10,,,,,,,,1.0000000000000009,,
2017-04-11,,,,,,,,1.999999999999996,,
2017-04-12,,,,,,,,0.0,,
2017-04-13,,,,,,,,-8.999999999999996,,
2017-04-14,18.96,0.32,5.274261603375527,4.954261603375527,17.36,5.760368663594471,5.44036866359447,,,
2017-04-17,,,,,,,,2.0000000000000018,,
2017-04-18,,,,,,,,-8.999999999999996,,
2017-04-19,,,,,,,,-7.000000000000001,,
2017-04-20,,,,,,,,-4.999999999999999,,
2017-04-21,19.2,0.4,5.208333333333334,4.808333333333334,17.47,5.724098454493418,5.324098454493417,-3.9999999999999982,,
2017-04-24,,,,,,,,0.0,,
2017-04-25,,,,,,,,-1.0000000000000009,,
2017-04-26,,,,,,,,-1.0000000000000009,,
2017-04-27,,,,,,,,-1.999999999999996,,
2017-04-28,19.65,0.37,5.089058524173028,4.719058524173028,17.68,5.656108597285068,5.286108597285068,-3.9999999999999982,,
2017-05-01,,,,,,,,-2.0000000000000018,,
2017-05-02,,,,,,,,-2.0000000000000018,,
2017-05-03,,,,,,,,2.0000000000000018,,
2017-05-04,,,,,,,,6.0,,
2017-05-05,19.81,0.5,5.047955577990914,4.547955577990914,17.81,5.614823133071309,5.114823133071309,6.0,,
2017-05-08,,,,,,,,15.000000000000002,,
2017-05-09,,,,,,,,15.000000000000009,,
2017-05-10,,,,,,,,16.000000000000004,,
2017-05-11,,,,,,,,10.999999999999998,,
2017-05-12,19.85,0.49,5.037783375314861,4.547783375314861,17.67,5.659309564233163,5.169309564233163,8.999999999999996,,
2017-05-15,,,,,,,,7.000000000000001,,
2017-05-16,,,,,,,,8.000000000000002,,
2017-05-17,,,,,,,,3.0000000000000027,,
2017-05-18,,,,,,,,2.0000000000000018,,
2017-05-19,19.68,0.41,5.08130081300813,4.67130081300813,17.56,5.694760820045558,5.284760820045558,0.0,,
2017-05-22,,,,,,,,4.999999999999999,,
2017-05-23,,,,,,,,11.000000000000004,,
2017-05-24,,,,,,,,14.000000000000002,,
2017-05-25,,,,,,,,14.000000000000002,,
2017-05-26,20.09,0.44,4.977600796416128,4.537600796416127,17.78,5.624296962879639,5.184296962879639,13.0,,
2017-05-30,,,,,,,,6.0,,
2017-05-31,,,,,,,,6.0,,
2017-06-01,,,,,,,,-2.9999999999999973,,
2017-06-02,20.38,0.36,4.906771344455349,4.546771344455348,17.93,5.577244841048522,5.2172448410485215,-12.0,,
2017-06-05,,,,,,,,-6.0,,
2017-06-06,,,,,,,,-10.999999999999998,,
2017-06-07,,,,,,,,-8.999999999999996,,
2017-06-08,,,,,,,,-15.000000000000009,,
2017-06-09,19.84,0.43,5.040322580645161,4.610322580645161,17.85,5.602240896358543,5.172240896358543,-17.0,,
2017-06-12,,,,,,,,-10.999999999999991,,
2017-06-13,,,,,,,,-14.999999999999996,,
2017-06-14,,,,,,,,-17.0,,
2017-06-15,,,,,,,,-1.0000000000000009,,
2017-06-16,19.58,0.49,5.107252298263535,4.6172522982635344,17.83,5.608524957936063,5.118524957936063,-2.0000000000000018,,
2017-06-19,,,,,,,,3.0000000000000027,,
2017-06-20,,,,,,,,3.0000000000000027,,
2017-06-21,,,,,,,,4.999999999999999,,
2017-06-22,,,,,,,,3.0000000000000027,,
2017-06-23,19.86,0.45,5.035246727089628,4.585246727089627,17.78,5.624296962879639,5.174296962879639,-1.0000000000000009,,
2017-06-26,,,,,,,,1.0000000000000009,,
2017-06-27,,,,,,,,9.000000000000002,,
2017-06-28,,,,,,,,3.9999999999999982,,
2017-06-29,,,,,,,,14.000000000000009,,
2017-06-30,19.2,0.58,5.208333333333334,4.628333333333334,17.64,5.668934240362812,5.088934240362812,11.999999999999996,,
2017-07-01,,,,,,,,,,-3.9
2017-07-03,,,,,,,,21.0,,
2017-07-05,,,,,,,,21.0,,
2017-07-06,,,,,,,,22.0,,
2017-07-07,19.19,0.66,5.211047420531527,4.551047420531527,17.64,5.668934240362812,5.008934240362811,22.000000000000004,,
2017-07-10,,,,,,,,22.000000000000004,,
2017-07-11,,,,,,,,21.000000000000004,,
2017-07-12,,,,,,,,19.0,,
2017-07-13,,,,,,,,26.0,,
2017-07-14,19.75,0.57,5.063291139240507,4.493291139240506,17.88,5.592841163310962,5.022841163310962,25.0,,
2017-07-17,,,,,,,,16.000000000000004,,
2017-07-18,,,,,,,,18.0,,
2017-07-19,,,,,,,,15.000000000000002,,
2017-07-20,,,,,,,,10.999999999999998,,
2017-07-21,19.92,0.48,5.02008032128514,4.54008032128514,17.92,5.580357142857142,5.100357142857142,7.9999999999999964,,
2017-07-24,,,,,,,,7.000000000000001,,
2017-07-25,,,,,,,,8.000000000000002,,
2017-07-26,,,,,,,,7.000000000000001,,
2017-07-27,,,,,,,,9.999999999999998,,
2017-07-28,19.69,0.47,5.078720162519045,4.608720162519045,17.84,5.605381165919282,5.1353811659192825,9.999999999999998,,
2017-07-31,,,,,,,,10.999999999999998,,
2017-08-01,,,,,,,,6.0,,
2017-08-02,,,,,,,,7.000000000000001,,
2017-08-03,,,,,,,,0.0,,
2017-08-04,19.5,0.47,5.128205128205129,4.658205128205129,17.83,5.608524957936063,5.138524957936063,-3.0000000000000027,,
2017-08-07,,,,,,,,-3.9999999999999982,,
2017-08-08,,,,,,,,-7.000000000000001,,
2017-08-09,,,,,,,,-14.000000000000009,,
2017-08-10,,,,,,,,-16.000000000000004,,
2017-08-11,19.22,0.4,5.202913631633715,4.802913631633714,17.53,5.704506560182544,5.304506560182544,-10.999999999999998,,
2017-08-14,,,,,,,,-3.9999999999999982,,
2017-08-15,,,,,,,,-3.0000000000000027,,
2017-08-16,,,,,,,,-6.0,,
2017-08-17,,,,,,,,-2.0000000000000018,,
2017-08-18,19.06,0.43,5.246589716684156,4.816589716684156,17.4,5.74712643678161,5.31712643678161,0.0,,
2017-08-21,,,,,,,,2.0000000000000018,,
2017-08-22,,,,,,,,2.0000000000000018,,
2017-08-23,,,,,,,,-4.000000000000004,,
2017-08-24,,,,,,,,-1.0000000000000009,,
2017-08-25,19.13,0.42,5.227391531625719,4.807391531625719,17.51,5.711022272986864,5.291022272986864,-3.0000000000000027,,
2017-08-28,,,,,,,,-3.0000000000000027,,
2017-08-29,,,,,,,,-4.999999999999999,,
2017-08-30,,,,,,,,-1.0000000000000009,,
2017-08-31,,,,,,,,-4.000000000000004,,
2017-09-01,19.64,0.37,5.091649694501018,4.721649694501018,17.74,5.636978579481399,5.266978579481399,-3.0000000000000027,,
2017-09-05,,,,,,,,-9.000000000000002,,
2017-09-06,,,,,,,,-4.999999999999999,,
2017-09-07,,,,,,,,-14.000000000000002,,
2017-09-08,19.34,0.25,5.170630816959669,4.920630816959669,17.61,5.6785917092561045,5.4285917092561045,-15.999999999999998,,
2017-09-11,,,,,,,,-12.0,,
2017-09-12,,,,,,,,-13.0,,
2017-09-13,,,,,,,,-11.000000000000004,,
2017-09-14,,,,,,,,-9.000000000000002,,
2017-09-15,19.56,0.35,5.112474437627812,4.762474437627812,17.87,5.595970900951315,5.245970900951315,-14.000000000000002,,
2017-09-18,,,,,,,,-13.0,,
2017-09-19,,,,,,,,-15.000000000000002,,
2017-09-20,,,,,,,,-7.000000000000001,,
2017-09-21,,,,,,,,-6.0,,
2017-09-22,19.29,0.42,5.1840331778123385,4.764033177812339,17.83,5.608524957936063,5.188524957936063,-4.000000000000004,,
2017-09-25,,,,,,,,-7.000000000000001,,
2017-09-26,,,,,,,,-2.9999999999999973,,
2017-09-27,,,,,,,,-6.0,,
2017-09-28,,,,,,,,-4.999999999999999,,
2017-09-29,19.34,0.49,5.170630816959669,4.680630816959669,17.91,5.583472920156337,5.093472920156337,-6.000000000000005,,
2017-10-01,,,,,,,,,,-8.5
2017-10-02,,,,,,,,-6.999999999999995,,
2017-10-03,,,,,,,,-10.999999999999998,,
2017-10-04,,,,,,,,-12.0,,
2017-10-05,,,,,,,,-8.999999999999996,,
2017-10-06,19.52,0.5,5.122950819672131,4.622950819672131,18.08,5.5309734513274345,5.0309734513274345,-10.999999999999998,,
2017-10-10,,,,,,,,-19.000000000000007,,
2017-10-11,,,,,,,,-15.999999999999998,,
2017-10-12,,,,,,,,-12.999999999999996,,
2017-10-13,19.57,0.43,5.109862033725089,4.679862033725089,18.06,5.537098560354375,5.107098560354375,-14.999999999999996,,
2017-10-16,,,,,,,,-10.999999999999991,,
2017-10-17,,,,,,,,-6.000000000000005,,
2017-10-18,,,,,,,,-1.0000000000000009,,
2017-10-19,,,,,,,,-2.0000000000000018,,
2017-10-20,19.53,0.52,5.120327700972862,4.600327700972862,18.17,5.50357732526142,4.98357732526142,2.0000000000000018,,
2017-10-23,,,,,,,,4.000000000000004,,
2017-10-24,,,,,,,,7.000000000000006,,
2017-10-25,,,,,,,,4.000000000000004,,
2017-10-26,,,,,,,,7.9999999999999964,,
2017-10-27,19.72,0.54,5.070993914807302,4.530993914807302,18.16,5.506607929515418,4.966607929515418,5.000000000000004,,
2017-10-30,,,,,,,,3.0000000000000027,,
2017-10-31,,,,,,,,2.0000000000000018,,
2017-11-01,,,,,,,,2.0000000000000018,,
2017-11-02,,,,,,,,0.0,,
2017-11-03,19.9,0.48,5.025125628140704,4.545125628140704,18.16,5.506607929515418,5.026607929515418,1.999999999999996,,
2017-11-06,,,,,,,,-0.9999999999999952,,
2017-11-07,,,,,,,,-2.0000000000000018,,
2017-11-08,,,,,,,,-1.0000000000000009,,
2017-11-09,,,,,,,,4.000000000000004,,
2017-11-10,19.84,0.52,5.040322580645161,4.520322580645161,18.08,5.5309734513274345,5.010973451327434,12.0,,
2017-11-13,,,,,,,,12.0,,
2017-11-14,,,,,,,,6.0,,
2017-11-15,,,,,,,,-1.0000000000000009,,
2017-11-16,,,,,,,,8.000000000000002,,
2017-11-17,19.8,0.49,5.05050505050505,4.56050505050505,18.01,5.55247084952804,5.062470849528039,7.000000000000001,,
2017-11-20,,,,,,,,9.000000000000002,,
2017-11-21,,,,,,,,9.000000000000002,,
2017-11-22,,,,,,,,2.9999999999999973,,
2017-11-24,20.03,0.5,4.992511233150275,4.492511233150275,18.12,5.518763796909492,5.018763796909492,6.0,,
2017-11-27,,,,,,,,7.000000000000001,,
2017-11-28,,,,,,,,9.000000000000002,,
2017-11-29,,,,,,,,14.000000000000002,,
2017-11-30,,,,,,,,17.000000000000004,,
2017-12-01,19.74,0.51,5.065856129685917,4.5558561296859175,18.36,5.446623093681917,4.936623093681917,14.000000000000002,,
2017-12-04,,,,,,,,13.0,,
2017-12-05,,,,,,,,20.0,,
2017-12-06,,,,,,,,14.999999999999996,,
2017-12-07,,,,,,,,24.0,,
2017-12-08,19.73,0.5,5.06842372022301,4.56842372022301,18.39,5.43773790103317,4.93773790103317,25.0,,
2017-12-11,,,,,,,,20.0,,
2017-12-12,,,,,,,,18.0,,
2017-12-13,,,,,,,,13.0,,
2017-12-14,,,,,,,,13.0,,
2017-12-15,20.02,0.47,4.995004995004996,4.525004995004996,18.49,5.408328826392645,4.938328826392645,12.0,,
2017-12-18,,,,,,,,14.000000000000002,,
2017-12-19,,,,,,,,18.000000000000004,,
2017-12-20,,,,,,,,13.999999999999996,,
2017-12-21,,,,,,,,11.000000000000004,,
2017-12-22,19.85,0.54,5.037783375314861,4.497783375314861,18.34,5.452562704471101,4.912562704471101,12.000000000000004,,
2017-12-26,,,,,,,,13.0,,
2017-12-27,,,,,,,,3.9999999999999982,,
2017-12-28,,,,,,,,2.9999999999999973,,
2017-12-29,19.59,0.44,5.104645227156713,4.664645227156712,18.23,5.4854635216675804,5.04546352166758,-4.999999999999999,,
2018-01-01,,,,,,,,,,-10.0
2018-01-02,,,,,,,,-4.999999999999999,,
2018-01-03,,,,,,,,-2.9999999999999973,,
2018-01-04,,,,,,,,-2.9999999999999973,,
2018-01-05,20.2,0.46,4.950495049504951,4.490495049504951,18.38,5.44069640914037,4.9806964091403705,-2.9999999999999973,,
2018-01-08,,,,,,,,-3.0000000000000027,,
2018-01-09,,,,,,,,2.0000000000000018,,
2018-01-10,,,,,,,,5.000000000000004,,
2018-01-11,,,,,,,,8.000000000000002,,
2018-01-12,20.35,0.54,4.914004914004914,4.374004914004914,18.34,5.452562704471101,4.912562704471101,10.000000000000004,,
2018-01-16,,,,,,,,4.999999999999999,,
2018-01-17,,,,,,,,5.000000000000004,,
2018-01-18,,,,,,,,6.999999999999995,,
2018-01-19,20.36,0.58,4.911591355599215,4.331591355599215,18.2,5.494505494505495,4.914505494505495,8.999999999999996,,
2018-01-22,,,,,,,,7.9999999999999964,,
2018-01-23,,,,,,,,4.999999999999993,,
2018-01-24,,,,,,,,2.999999999999992,,
2018-01-25,,,,,,,,0.0,,
2018-01-26,20.71,0.57,4.8285852245292125,4.258585224529212,18.42,5.4288816503800215,4.858881650380021,0.0,,
2018-01-29,,,,,,,,6.999999999999995,,
2018-01-30,,,,,,,,13.0,,
2018-01-31,,,,,,,,10.999999999999998,,
2018-02-01,,,,,,,,18.000000000000004,,
2018-02-02,19.74,0.7,5.065856129685917,4.365856129685917,17.51,5.711022272986864,5.011022272986864,22.0,,
2018-02-05,,,,,,,,19.000000000000007,,
2018-02-06,,,,,,,,23.0,,
2018-02-07,,,,,,,,30.0,,
2018-02-08,,,,,,,,31.0,,
2018-02-09,18.62,0.78,5.370569280343716,4.590569280343716,16.53,6.049606775559588,5.269606775559588,32.0,,
2018-02-12,,,,,,,,27.0,,
2018-02-13,,,,,,,,26.0,,
2018-02-14,,,,,,,,31.0,,
2018-02-15,,,,,,,,31.000000000000007,,
2018-02-16,19.61,0.78,5.099439061703213,4.319439061703212,17.18,5.820721769499418,5.0407217694994175,25.0,,
2018-02-20,,,,,,,,26.0,,
2018-02-21,,,,,,,,30.0,,
2018-02-22,,,,,,,,33.00000000000001,,
2018-02-23,19.94,0.76,5.015045135406218,4.255045135406219,17.25,5.797101449275362,5.0371014492753625,28.000000000000004,,
2018-02-26,,,,,,,,23.0,,
2018-02-27,,,,,,,,28.000000000000004,,
2018-02-28,,,,,,,,25.0,,
2018-03-01,,,,,,,,20.0,,
2018-03-02,19.65,0.74,5.089058524173028,4.349058524173028,16.86,5.931198102016608,5.191198102016608,23.0,,
2018-03-05,,,,,,,,25.0,,
2018-03-06,,,,,,,,29.000000000000004,,
2018-03-07,,,,,,,,26.0,,
2018-03-08,,,,,,,,25.0,,
2018-03-09,20.46,0.78,4.887585532746823,4.107585532746823,17.43,5.737234652897303,4.957234652897303,28.000000000000004,,
2018-03-12,,,,,,,,26.0,,
2018-03-13,,,,,,,,27.0,,
2018-03-14,,,,,,,,26.0,,
2018-03-15,,,,,,,,27.0,,
2018-03-16,20.17,0.77,4.957858205255329,4.1878582052553295,17.17,5.824111822947,5.054111822947,30.000000000000004,,
2018-03-19,,,,,,,,22.0,,
2018-03-20,,,,,,,,24.00000000000001,,
2018-03-21,,,,,,,,25.0,,
2018-03-22,,,,,,,,21.0,,
2018-03-23,18.53,0.75,5.396654074473826,4.646654074473826,16.07,6.222775357809583,5.472775357809583,21.0,,
2018-03-26,,,,,,,,24.0,,
2018-03-27,,,,,,,,23.0,,
2018-03-28,,,,,,,,25.0,,
2018-03-29,,,,,,,,25.0,,
2018-03-30,18.71,0.69,5.344735435595938,4.6547354355959385,16.38,6.1050061050061055,5.415006105006105,,,
2018-04-01,,,,,,,,,,-11.3
2018-04-02,,,,,,,,22.000000000000004,,
2018-04-03,,,,,,,,25.0,,
2018-04-04,,,,,,,,26.0,,
2018-04-05,,,,,,,,29.0,,
2018-04-06,18.27,0.7,5.473453749315818,4.773453749315818,16.14,6.195786864931846,5.495786864931846,24.0,,
2018-04-09,,,,,,,,19.0,,
2018-04-10,,,,,,,,20.0,,
2018-04-11,,,,,,,,14.000000000000002,,
2018-04-12,,,,,,,,15.999999999999991,,
2018-04-13,18.81,0.69,5.31632110579479,4.626321105794791,16.41,6.0938452163315056,5.403845216331506,14.999999999999991,,
2018-04-16,,,,,,,,20.0,,
2018-04-17,,,,,,,,15.000000000000002,,
2018-04-18,,,,,,,,14.000000000000002,,
2018-04-19,,,,,,,,17.000000000000004,,
2018-04-20,18.87,0.79,5.299417064122946,4.509417064122946,16.46,6.075334143377885,5.285334143377885,21.000000000000007,,
2018-04-23,,,,,,,,23.00000000000001,,
2018-04-24,,,,,,,,25.0,,
2018-04-25,,,,,,,,30.0,,
2018-04-26,,,,,,,,25.0,,
2018-04-27,18.58,0.79,5.382131324004306,4.592131324004306,16.33,6.123698714023271,5.333698714023271,22.000000000000007,,
2018-04-30,,,,,,,,15.000000000000002,,
2018-05-01,,,,,,,,14.000000000000002,,
2018-05-02,,,,,,,,10.000000000000009,,
2018-05-03,,,,,,,,8.000000000000007,,
2018-05-04,18.86,0.79,5.302226935312832,4.512226935312832,16.25,6.153846153846154,5.363846153846154,9.000000000000007,,
2018-05-07,,,,,,,,4.000000000000004,,
2018-05-08,,,,,,,,5.000000000000004,,
2018-05-09,,,,,,,,3.999999999999993,,
2018-05-10,,,,,,,,2.0000000000000018,,
2018-05-11,19.34,0.82,5.170630816959669,4.350630816959669,16.59,6.027727546714889,5.207727546714889,3.999999999999993,,
2018-05-14,,,,,,,,3.0000000000000027,,
2018-05-15,,,,,,,,10.999999999999998,,
2018-05-16,,,,,,,,14.000000000000002,,
2018-05-17,,,,,,,,16.999999999999993,,
2018-05-18,19.08,0.91,5.241090146750524,4.331090146750524,16.46,6.075334143377885,5.165334143377885,13.0,,
2018-05-21,,,,,,,,8.000000000000007,,
2018-05-22,,,,,,,,9.999999999999998,,
2018-05-23,,,,,,,,10.999999999999998,,
2018-05-24,,,,,,,,9.999999999999998,,
2018-05-25,19.28,0.84,5.186721991701244,4.346721991701244,16.47,6.071645415907711,5.231645415907711,7.9999999999999964,,
2018-05-29,,,,,,,,-2.0000000000000018,,
2018-05-30,,,,,,,,3.0000000000000027,,
2018-05-31,,,,,,,,1.0000000000000009,,
2018-06-01,19.58,0.8,5.107252298263535,4.307252298263535,16.52,6.053268765133172,5.253268765133172,9.000000000000007,,
2018-06-04,,,,,,,,7.9999999999999964,,
2018-06-05,,,,,,,,4.000000000000004,,
2018-06-06,,,,,,,,6.999999999999995,,
2018-06-07,,,,,,,,4.000000000000004,,
2018-06-08,19.74,0.82,5.065856129685917,4.245856129685917,16.76,5.966587112171837,5.1465871121718365,6.999999999999995,,
2018-06-11,,,,,,,,4.999999999999993,,
2018-06-12,,,,,,,,5.999999999999995,,
2018-06-13,,,,,,,,10.999999999999998,,
2018-06-14,,,,,,,,7.9999999999999964,,
2018-06-15,19.96,0.81,5.01002004008016,4.20002004008016,16.72,5.980861244019139,5.17086124401914,7.000000000000006,,
2018-06-18,,,,,,,,3.0000000000000027,,
2018-06-19,,,,,,,,0.0,,
2018-06-20,,,,,,,,0.0,,
2018-06-21,,,,,,,,-1.0000000000000009,,
2018-06-22,19.62,0.78,5.09683995922528,4.31683995922528,16.51,6.056935190793458,5.276935190793457,3.0000000000000027,,
2018-06-25,,,,,,,,2.0000000000000018,,
2018-06-26,,,,,,,,-1.0000000000000009,,
2018-06-27,,,,,,,,1.0000000000000009,,
2018-06-28,,,,,,,,2.0000000000000018,,
2018-06-29,19.17,0.74,5.216484089723526,4.476484089723526,16.25,6.153846153846154,5.413846153846154,5.000000000000004,,
2018-07-01,,,,,,,,,,-15.9
2018-07-02,,,,,,,,4.999999999999993,,
2018-07-03,,,,,,,,0.0,,
2018-07-05,,,,,,,,-4.000000000000004,,
2018-07-06,19.59,0.7,5.104645227156713,4.4046452271567125,16.47,6.071645415907711,5.371645415907711,0.0,,
2018-07-09,,,,,,,,2.0000000000000018,,
2018-07-10,,,,,,,,2.0000000000000018,,
2018-07-11,,,,,,,,5.999999999999995,,
2018-07-12,,,,,,,,5.000000000000004,,
2018-07-13,20.0,0.72,5.0,4.28,16.68,5.995203836930456,5.275203836930456,3.0000000000000027,,
2018-07-16,,,,,,,,4.000000000000004,,
2018-07-17,,,,,,,,8.999999999999996,,
2018-07-18,,,,,,,,8.000000000000007,,
2018-07-19,,,,,,,,0.0,,
2018-07-20,19.81,0.78,5.047955577990914,4.2679555779909135,16.62,6.016847172081829,5.236847172081829,-1.0000000000000009,,
2018-07-23,,,,,,,,4.999999999999993,,
2018-07-24,,,,,,,,1.0000000000000009,,
2018-07-25,,,,,,,,-4.999999999999993,,
2018-07-26,,,,,,,,5.000000000000004,,
2018-07-27,19.6,0.84,5.1020408163265305,4.262040816326531,16.68,5.995203836930456,5.155203836930456,4.999999999999993,,
2018-07-30,,,,,,,,6.999999999999995,,
2018-07-31,,,,,,,,5.999999999999995,,
2018-08-01,,,,,,,,5.999999999999995,,
2018-08-02,,,,,,,,5.999999999999995,,
2018-08-03,19.77,0.83,5.058168942842691,4.228168942842691,16.77,5.963029218843173,5.1330292188431725,4.999999999999993,,
2018-08-06,,,,,,,,3.999999999999993,,
2018-08-07,,,,,,,,6.999999999999995,,
2018-08-08,,,,,,,,3.999999999999993,,
2018-08-09,,,,,,,,0.0,,
2018-08-10,19.79,0.78,5.053057099545225,4.273057099545225,16.69,5.991611743559017,5.211611743559017,-2.0000000000000018,,
2018-08-13,,,,,,,,-3.999999999999993,,
2018-08-14,,,,,,,,-4.999999999999993,,
2018-08-15,,,,,,,,-12.0,,
2018-08-16,,,,,,,,-13.0,,
2018-08-17,19.69,0.79,5.078720162519045,4.288720162519045,16.76,5.966587112171837,5.176587112171837,-15.999999999999991,,
2018-08-20,,,,,,,,-16.000000000000004,,
2018-08-21,,,,,,,,-13.0,,
2018-08-22,,,,,,,,-17.000000000000004,,
2018-08-23,,,,,,,,-14.000000000000002,,
2018-08-24,19.95,0.73,5.012531328320803,4.282531328320802,16.89,5.920663114268798,5.190663114268798,-13.0,,
2018-08-27,,,,,,,,-9.999999999999998,,
2018-08-28,,,,,,,,-6.999999999999995,,
2018-08-29,,,,,,,,4.000000000000004,,
2018-08-30,,,,,,,,-2.0000000000000018,,
2018-08-31,20.37,0.78,4.909180166912125,4.129180166912125,17.03,5.871990604815032,5.091990604815032,2.0000000000000018,,
2018-09-04,,,,,,,,-1.999999999999991,,
2018-09-05,,,,,,,,2.0000000000000018,,
2018-09-06,,,,,,,,-2.999999999999992,,
2018-09-07,19.74,0.84,5.065856129685917,4.225856129685917,16.82,5.945303210463734,5.105303210463734,3.999999999999993,,
2018-09-10,,,,,,,,2.0000000000000018,,
2018-09-11,,,,,,,,3.0000000000000027,,
2018-09-12,,,,,,,,2.0000000000000018,,
2018-09-13,,,,,,,,1.0000000000000009,,
2018-09-14,20.02,0.89,4.995004995004996,4.105004995004996,16.98,5.889281507656066,4.999281507656066,7.000000000000006,,
2018-09-17,,,,,,,,7.9999999999999964,,
2018-09-18,,,,,,,,12.0,,
2018-09-19,,,,,,,,16.000000000000004,,
2018-09-20,,,,,,,,10.999999999999998,,
2018-09-21,19.98,0.92,5.005005005005005,4.085005005005005,17.12,5.841121495327102,4.921121495327102,13.0,,
2018-09-24,,,,,,,,14.000000000000002,,
2018-09-25,,,,,,,,16.999999999999993,,
2018-09-26,,,,,,,,16.000000000000004,,
2018-09-27,,,,,,,,19.000000000000007,,
2018-09-28,20.04,0.91,4.990019960079841,4.080019960079841,16.91,5.913660555884092,5.003660555884092,17.000000000000004,,
2018-10-01,,,,,,,,21.0,,-15.9
2018-10-02,,,,,,,,20.000000000000007,,
2018-10-03,,,,,,,,28.000000000000004,,
2018-10-04,,,,,,,,32.00000000000001,,
2018-10-05,19.43,1.07,5.14668039114771,4.076680391147709,16.72,5.980861244019139,4.910861244019139,36.00000000000001,,
2018-10-09,,,,,,,,31.000000000000007,,
2018-10-10,,,,,,,,32.00000000000001,,
2018-10-11,,,,,,,,28.000000000000004,,
2018-10-12,18.77,1.03,5.327650506126799,4.297650506126798,15.99,6.253908692933083,5.223908692933083,28.000000000000004,,
2018-10-15,,,,,,,,31.000000000000007,,
2018-10-16,,,,,,,,28.000000000000004,,
2018-10-17,,,,,,,,29.000000000000004,,
2018-10-18,,,,,,,,28.000000000000004,,
2018-10-19,18.62,1.09,5.370569280343716,4.280569280343716,15.98,6.257822277847309,5.167822277847309,34.00000000000001,,
2018-10-22,,,,,,,,31.000000000000007,,
2018-10-23,,,,,,,,23.00000000000001,,
2018-10-24,,,,,,,,19.000000000000007,,
2018-10-25,,,,,,,,28.000000000000004,,
2018-10-26,17.9,1.02,5.586592178770951,4.56659217877095,15.33,6.523157208088715,5.503157208088714,15.000000000000002,,
2018-10-29,,,,,,,,18.000000000000004,,
2018-10-30,,,,,,,,22.000000000000007,,
2018-10-31,,,,,,,,26.00000000000001,,
2018-11-01,,,,,,,,25.00000000000001,,
2018-11-02,18.26,1.16,5.476451259583789,4.316451259583789,15.73,6.357279084551812,5.197279084551812,30.0,,
2018-11-05,,,,,,,,31.0,,
2018-11-06,,,,,,,,32.0,,
2018-11-07,,,,,,,,30.0,,
2018-11-08,,,,,,,,32.0,,
2018-11-09,18.46,1.15,5.417118093174431,4.267118093174432,16.07,6.222775357809583,5.072775357809583,32.99999999999999,,
2018-11-13,,,,,,,,34.00000000000001,,
2018-11-14,,,,,,,,32.00000000000001,,
2018-11-15,,,,,,,,33.00000000000001,,
2018-11-16,18.07,1.06,5.534034311012729,4.474034311012728,15.84,6.313131313131313,5.253131313131313,27.0,,
2018-11-19,,,,,,,,28.000000000000004,,
2018-11-20,,,,,,,,34.00000000000001,,
2018-11-21,,,,,,,,32.00000000000001,,
2018-11-23,17.18,1.09,5.820721769499418,4.730721769499418,15.25,6.557377049180328,5.467377049180328,36.00000000000001,,
2018-11-26,,,,,,,,38.000000000000014,,
2018-11-27,,,,,,,,40.99999999999999,,
2018-11-28,,,,,,,,35.00000000000001,,
2018-11-29,,,,,,,,28.000000000000004,,
2018-11-30,18.3,1.04,5.46448087431694,4.42448087431694,15.99,6.253908692933083,5.213908692933083,28.000000000000004,,
2018-12-03,,,,,,,,24.0,,
2018-12-04,,,,,,,,16.999999999999993,,
2018-12-06,,,,,,,,16.999999999999993,,
2018-12-07,17.4,0.96,5.74712643678161,4.78712643678161,15.27,6.5487884741322855,5.5887884741322855,12.0,,
2018-12-10,,,,,,,,15.000000000000002,,
2018-12-11,,,,,,,,20.000000000000007,,
2018-12-12,,,,,,,,23.00000000000001,,
2018-12-13,,,,,,,,21.000000000000007,,
2018-12-14,17.36,1.07,5.760368663594471,4.69036866359447,15.1,6.622516556291391,5.552516556291391,18.000000000000004,,
2018-12-17,,,,,,,,16.000000000000004,,
2018-12-18,,,,,,,,8.999999999999996,,
2018-12-19,,,,,,,,3.999999999999993,,
2018-12-20,,,,,,,,10.999999999999998,,
2018-12-21,16.02,1.02,6.242197253433209,5.222197253433208,14.11,7.087172218284905,6.067172218284904,9.999999999999998,,
2018-12-24,,,,,,,,6.999999999999995,,
2018-12-26,,,,,,,,12.0,,
2018-12-27,,,,,,,,12.0,,
2018-12-28,16.57,0.99,6.035003017501508,5.045003017501508,14.47,6.91085003455425,5.92085003455425,7.9999999999999964,,
2018-12-31,,,,,,,,6.999999999999995,,
2019-01-01,,,,,,,,,,2.8
2019-01-02,,,,,,,,2.999999999999992,,
2019-01-03,,,,,,,,-10.999999999999998,,
2019-01-04,17.11,0.91,5.844535359438924,4.934535359438924,14.8,6.756756756756756,5.846756756756756,-12.0,,
2019-01-07,,,,,,,,-15.000000000000002,,
2019-01-08,,,,,,,,-16.000000000000004,,
2019-01-09,,,,,,,,-13.0,,
2019-01-10,,,,,,,,-13.0,,
2019-01-11,17.55,0.88,5.698005698005698,4.818005698005698,15.26,6.553079947575361,5.673079947575361,-14.000000000000002,,
2019-01-14,,,,,,,,-13.0,,
2019-01-15,,,,,,,,-12.0,,
2019-01-16,,,,,,,,-12.0,,
2019-01-17,,,,,,,,-10.000000000000009,,
2019-01-18,17.98,0.96,5.561735261401557,4.601735261401557,15.73,6.357279084551812,5.397279084551812,-11.00000000000001,,
2019-01-22,,,,,,,,-14.000000000000012,,
2019-01-23,,,,,,,,-12.00000000000001,,
2019-01-24,,,,,,,,-8.000000000000007,,
2019-01-25,18.06,0.97,5.537098560354375,4.567098560354375,15.71,6.365372374283895,5.395372374283896,-12.00000000000001,,
2019-01-28,,,,,,,,-5.000000000000004,,
2019-01-29,,,,,,,,-8.000000000000007,,
2019-01-30,,,,,,,,-21.000000000000007,,
2019-01-31,,,,,,,,-32.00000000000001,,
2019-02-01,18.5,0.82,5.405405405405405,4.585405405405405,16.05,6.230529595015576,5.410529595015576,-30.00000000000001,,
2019-02-04,,,,,,,,-30.0,,
2019-02-05,,,,,,,,-30.0,,
2019-02-06,,,,,,,,-31.0,,
2019-02-07,,,,,,,,-33.999999999999986,,
2019-02-08,18.62,0.81,5.370569280343716,4.5605692803437154,16.06,6.2266500622665015,5.416650062266502,-35.999999999999986,,
2019-02-11,,,,,,,,-32.0,,
2019-02-12,,,,,,,,-30.0,,
2019-02-13,,,,,,,,-27.00000000000001,,
2019-02-14,,,,,,,,-31.000000000000007,,
2019-02-15,19.02,0.8,5.257623554153523,4.457623554153523,16.51,6.056935190793458,5.256935190793458,-31.000000000000007,,
2019-02-19,,,,,,,,-29.000000000000004,,
2019-02-20,,,,,,,,-33.00000000000001,,
2019-02-21,,,,,,,,-31.000000000000007,,
2019-02-22,19.14,0.74,5.22466039707419,4.484660397074189,16.62,6.016847172081829,5.276847172081829,-35.00000000000001,,
2019-02-25,,,,,,,,-34.00000000000001,,
2019-02-26,,,,,,,,-39.000000000000014,,
2019-02-27,,,,,,,,-38.99999999999999,,
2019-02-28,,,,,,,,-34.00000000000001,,
2019-03-01,19.25,0.8,5.194805194805195,4.394805194805195,16.61,6.020469596628537,5.220469596628537,-24.0,,
2019-03-04,,,,,,,,-19.0,,
2019-03-05,,,,,,,,-17.999999999999993,,
2019-03-06,,,,,,,,-19.0,,
2019-03-07,,,,,,,,-22.0,,
2019-03-08,18.86,0.72,5.302226935312832,4.582226935312832,16.23,6.161429451632778,5.441429451632779,-24.0,,
2019-03-11,,,,,,,,-33.00000000000001,,
2019-03-12,,,,,,,,-37.000000000000014,,
2019-03-13,,,,,,,,-39.000000000000014,,
2019-03-14,,,,,,,,-38.000000000000014,,
2019-03-15,19.62,0.65,5.09683995922528,4.446839959225279,16.69,5.991611743559017,5.3416117435590165,-42.00000000000001,,
2019-03-18,,,,,,,,-37.0,,
2019-03-19,,,,,,,,-31.0,,
2019-03-20,,,,,,,,-45.00000000000001,,
2019-03-21,,,,,,,,-44.00000000000001,,
2019-03-22,19.58,0.54,5.107252298263535,4.567252298263535,16.44,6.08272506082725,5.54272506082725,-48.0,,
2019-03-25,,,,,,,,-43.99999999999999,,
2019-03-26,,,,,,,,-49.0,,
2019-03-27,,,,,,,,-48.0,,
2019-03-28,,,,,,,,-42.99999999999999,,
2019-03-29,19.69,0.53,5.078720162519045,4.548720162519045,16.63,6.013229104028864,5.483229104028863,-46.0,,
2019-04-01,,,,,,,,-39.0,,-4.2
2019-04-02,,,,,,,,-38.0,,
2019-04-03,,,,,,,,-27.0,,
2019-04-04,,,,,,,,-30.000000000000004,,
2019-04-05,20.19,0.6,4.952947003467062,4.352947003467063,16.96,5.89622641509434,5.29622641509434,-31.000000000000007,,
2019-04-08,,,,,,,,-30.000000000000004,,
2019-04-09,,,,,,,,-31.000000000000007,,
2019-04-10,,,,,,,,-39.0,,
2019-04-11,,,,,,,,-31.000000000000007,,
2019-04-12,20.27,0.61,4.93339911198816,4.323399111988159,17.03,5.871990604815032,5.261990604815032,-27.0,,
2019-04-15,,,,,,,,-30.000000000000004,,
2019-04-16,,,,,,,,-27.0,,
2019-04-17,,,,,,,,-31.0,,
2019-04-18,,,,,,,,-34.0,,
2019-04-19,20.36,0.62,4.911591355599215,4.291591355599215,16.97,5.892751915144373,5.272751915144373,,,
2019-04-22,,,,,,,,-31.0,,
2019-04-23,,,,,,,,-34.0,,
2019-04-24,,,,,,,,-38.0,,
2019-04-25,,,,,,,,-40.99999999999999,,
2019-04-26,20.67,0.54,4.837929366231252,4.297929366231252,17.11,5.844535359438924,5.304535359438924,-42.99999999999999,,
2019-04-29,,,,,,,,-36.0,,
2019-04-30,,,,,,,,-30.0,,
2019-05-01,,,,,,,,-23.0,,
2019-05-02,,,,,,,,-15.999999999999991,,
2019-05-03,20.69,0.63,4.833252779120348,4.203252779120348,17.11,5.844535359438924,5.2145353594389245,-19.0,,
2019-05-06,,,,,,,,-24.0,,
2019-05-07,,,,,,,,-23.00000000000001,,
2019-05-08,,,,,,,,-19.000000000000007,,
2019-05-09,,,,,,,,-21.000000000000007,,
2019-05-10,20.02,0.59,4.995004995004996,4.405004995004996,16.73,5.977286312014345,5.3872863120143455,-22.000000000000007,,
2019-05-13,,,,,,,,-30.0,,
2019-05-14,,,,,,,,-25.0,,
2019-05-15,,,,,,,,-26.0,,
2019-05-16,,,,,,,,-24.0,,
2019-05-17,19.79,0.58,5.053057099545225,4.473057099545225,16.59,6.027727546714889,5.447727546714889,-22.000000000000007,,
2019-05-20,,,,,,,,-16.000000000000004,,
2019-05-21,,,,,,,,-18.000000000000004,,
2019-05-22,,,,,,,,-14.000000000000002,,
2019-05-23,,,,,,,,-16.000000000000004,,
2019-05-24,19.23,0.56,5.200208008320333,4.640208008320332,16.38,6.1050061050061055,5.545006105006106,-17.999999999999993,,
2019-05-28,,,,,,,,-38.0,,
2019-05-29,,,,,,,,-30.000000000000004,,
2019-05-30,,,,,,,,-25.0,,
2019-05-31,18.76,0.4,5.330490405117271,4.93049040511727,15.94,6.273525721455458,5.873525721455458,-28.000000000000004,,
2019-06-03,,,,,,,,-46.0,,
2019-06-04,,,,,,,,-40.0,,
2019-06-05,,,,,,,,-42.00000000000001,,
2019-06-06,,,,,,,,-39.0,,
2019-06-07,19.54,0.35,5.117707267144319,4.76770726714432,16.63,6.013229104028864,5.663229104028864,-39.0,,
2019-06-10,,,,,,,,-30.0,,
2019-06-11,,,,,,,,-30.0,,
2019-06-12,,,,,,,,-29.0,,
2019-06-13,,,,,,,,-27.0,,
2019-06-14,19.72,0.46,5.070993914807302,4.610993914807303,16.71,5.9844404548174746,5.524440454817475,-23.0,,
2019-06-17,,,,,,,,-17.000000000000004,,
2019-06-18,,,,,,,,-22.000000000000004,,
2019-06-19,,,,,,,,-30.000000000000004,,
2019-06-20,,,,,,,,-31.0,,
2019-06-21,20.35,0.34,4.914004914004914,4.574004914004914,17.07,5.858230814294083,5.518230814294083,-24.0,,
2019-06-24,,,,,,,,-23.000000000000004,,
2019-06-25,,,,,,,,-22.000000000000004,,
2019-06-26,,,,,,,,-20.000000000000007,,
2019-06-27,,,,,,,,-22.000000000000004,,
2019-06-28,20.1,0.31,4.975124378109452,4.665124378109453,16.99,5.885815185403179,5.575815185403179,-25.000000000000007,,
2019-07-01,,,,,,,,-25.0,,-2.8
2019-07-02,,,,,,,,-25.0,,
2019-07-03,,,,,,,,-30.0,,
2019-07-05,20.49,0.35,4.880429477794047,4.530429477794047,17.25,5.797101449275362,5.447101449275363,-25.0,,
2019-07-08,,,,,,,,-26.0,,
2019-07-09,,,,,,,,-24.0,,
2019-07-10,,,,,,,,-21.000000000000004,,
2019-07-11,,,,,,,,-21.0,,
2019-07-12,20.7,0.35,4.830917874396135,4.480917874396136,17.39,5.750431282346176,5.400431282346176,-26.0,,
2019-07-15,,,,,,,,-29.0,,
2019-07-16,,,,,,,,-31.0,,
2019-07-17,,,,,,,,-34.0,,
2019-07-18,,,,,,,,-37.0,,
2019-07-19,20.35,0.25,4.914004914004914,4.664004914004914,17.16,5.827505827505828,5.577505827505828,-37.0,,
2019-07-22,,,,,,,,-38.0,,
2019-07-23,,,,,,,,-35.0,,
2019-07-24,,,,,,,,-31.0,,
2019-07-25,,,,,,,,-28.000000000000004,,
2019-07-26,20.81,0.3,4.805382027871216,4.505382027871216,17.45,5.730659025787966,5.430659025787966,-24.000000000000004,,
2019-07-29,,,,,,,,-29.0,,
2019-07-30,,,,,,,,-28.000000000000004,,
2019-07-31,,,,,,,,-30.000000000000004,,
2019-08-01,,,,,,,,-38.99999999999999,,
2019-08-02,19.76,0.2,5.060728744939271,4.860728744939271,16.9,5.91715976331361,5.71715976331361,-46.0,,
2019-08-05,,,,,,,,-48.0,,
2019-08-06,,,,,,,,-49.0,,
2019-08-07,,,,,,,,-49.0,,
2019-08-08,,,,,,,,-55.00000000000001,,
2019-08-09,19.64,0.08,5.091649694501018,5.011649694501018,16.84,5.938242280285036,5.858242280285036,-52.0,,
2019-08-12,,,,,,,,-54.99999999999999,,
2019-08-13,,,,,,,,-50.0,,
2019-08-14,,,,,,,,-54.0,,
2019-08-15,,,,,,,,-56.00000000000001,,
2019-08-16,19.57,0.01,5.109862033725089,5.099862033725089,16.64,6.009615384615384,5.999615384615384,-55.00000000000001,,
2019-08-19,,,,,,,,-53.99999999999999,,
2019-08-20,,,,,,,,-57.99999999999999,,
2019-08-21,,,,,,,,-54.99999999999999,,
2019-08-22,,,,,,,,-53.0,,
2019-08-23,19.17,-0.02,5.216484089723526,5.236484089723525,16.37,6.108735491753206,6.128735491753206,-60.0,,
2019-08-26,,,,,,,,-56.00000000000001,,
2019-08-27,,,,,,,,-62.000000000000014,,
2019-08-28,,,,,,,,-61.0,,
2019-08-29,,,,,,,,-59.0,,
2019-08-30,19.7,-0.05,5.076142131979696,5.126142131979695,16.8,5.9523809523809526,6.002380952380952,-53.0,,
2019-09-03,,,,,,,,-37.0,,
2019-09-04,,,,,,,,-42.0,,
2019-09-05,,,,,,,,-36.0,,
2019-09-06,20.07,0.01,4.982561036372696,4.972561036372696,17.08,5.85480093676815,5.84480093676815,-38.0,,
2019-09-09,,,,,,,,-29.0,,
2019-09-10,,,,,,,,-30.0,,
2019-09-11,,,,,,,,-28.000000000000004,,
2019-09-12,,,,,,,,-26.0,,
2019-09-13,20.16,0.23,4.9603174603174605,4.73031746031746,17.2,5.813953488372094,5.583953488372093,-19.0,,
2019-09-16,,,,,,,,-29.000000000000004,,
2019-09-17,,,,,,,,-32.99999999999999,,
2019-09-18,,,,,,,,-21.0,,
2019-09-19,,,,,,,,-18.0,,
2019-09-20,19.94,0.13,5.015045135406218,4.8850451354062185,17.09,5.851375073142188,5.721375073142188,-14.000000000000002,,
2019-09-23,,,,,,,,-23.000000000000004,,
2019-09-24,,,,,,,,-25.0,,
2019-09-25,,,,,,,,-20.0,,
2019-09-26,,,,,,,,-22.0,,
2019-09-27,19.47,0.16,5.136106831022086,4.9761068310220855,16.86,5.931198102016608,5.771198102016608,-17.0,,
2019-09-30,,,,,,,,-16.0,,
2019-10-01,,,,,,,,-21.000000000000004,,5.4
2019-10-02,,,,,,,,-23.0,,
2019-10-03,,,,,,,,-25.0,,
2019-10-04,19.61,0.02,5.099439061703213,5.079439061703213,16.8,5.9523809523809526,5.932380952380953,-29.0,,
2019-10-07,,,,,,,,-30.0,,
2019-10-08,,,,,,,,-29.0,,
2019-10-09,,,,,,,,-26.0,,
2019-10-10,,,,,,,,-18.000000000000004,,
2019-10-11,19.79,0.2,5.053057099545225,4.853057099545225,16.91,5.913660555884092,5.713660555884092,-15.999999999999998,,
2019-10-15,,,,,,,,-11.000000000000002,,
2019-10-16,,,,,,,,-15.000000000000002,,
2019-10-17,,,,,,,,-13.999999999999998,,
2019-10-18,19.81,0.16,5.047955577990914,4.887955577990914,17.07,5.858230814294083,5.6982308142940825,-9.0,,
2019-10-21,,,,,,,,-6.0,,
2019-10-22,,,,,,,,-9.0,,
2019-10-23,,,,,,,,-11.000000000000002,,
2019-10-24,,,,,,,,-11.000000000000002,,
2019-10-25,20.24,0.15,4.940711462450594,4.790711462450593,17.3,5.780346820809248,5.630346820809248,-13.000000000000004,,
2019-10-28,,,,,,,,-9.0,,
2019-10-29,,,,,,,,-5.999999999999997,,
2019-10-30,,,,,,,,-7.000000000000004,,
2019-10-31,,,,,,,,-11.000000000000002,,
2019-11-01,20.57,0.14,4.861448711716092,4.721448711716092,17.56,5.694760820045558,5.554760820045559,-6.0,,
2019-11-04,,,,,,,,-5.000000000000002,,
2019-11-05,,,,,,,,3.0,,
2019-11-06,,,,,,,,4.0,,
2019-11-07,,,,,,,,14.000000000000002,,
2019-11-08,20.79,0.23,4.81000481000481,4.58000481000481,17.7,5.649717514124294,5.419717514124294,16.0,,
2019-11-12,,,,,,,,18.0,,
2019-11-13,,,,,,,,17.0,,
2019-11-14,,,,,,,,18.000000000000004,,
2019-11-15,20.92,0.21,4.780114722753345,4.570114722753345,17.84,5.605381165919282,5.395381165919282,23.0,,
2019-11-18,,,,,,,,17.0,,
2019-11-19,,,,,,,,12.0,,
2019-11-20,,,,,,,,11.0,,
2019-11-21,,,,,,,,9.000000000000002,,
2019-11-22,20.99,0.15,4.76417341591234,4.614173415912339,17.87,5.595970900951315,5.445970900951314,7.999999999999999,,
2019-11-25,,,,,,,,16.0,,
2019-11-26,,,,,,,,12.0,,
2019-11-27,,,,,,,,20.0,,
2019-11-29,21.29,0.17,4.697040864255519,4.527040864255519,18.01,5.55247084952804,5.38247084952804,26.0,,
2019-12-02,,,,,,,,23.0,,
2019-12-03,,,,,,,,12.0,,
2019-12-04,,,,,,,,15.0,,
2019-12-05,,,,,,,,12.000000000000002,,
2019-12-06,21.25,0.15,4.705882352941177,4.555882352941176,18.04,5.543237250554324,5.393237250554324,13.999999999999998,,
2019-12-09,,,,,,,,8.000000000000002,,
2019-12-10,,,,,,,,2.0000000000000018,,
2019-12-11,,,,,,,,-4.999999999999999,,
2019-12-12,,,,,,,,1.9999999999999991,,
2019-12-13,21.44,0.12,4.664179104477611,4.544179104477611,18.16,5.506607929515418,5.386607929515418,-11.000000000000002,,
2019-12-16,,,,,,,,-1.0000000000000009,,
2019-12-17,,,,,,,,-0.999999999999998,,
2019-12-18,,,,,,,,-4.999999999999999,,
2019-12-19,,,,,,,,-3.0,,
2019-12-20,21.89,0.15,4.568296025582458,4.418296025582458,18.47,5.414185165132648,5.264185165132648,1.9999999999999991,,
2019-12-23,,,,,,,,6.999999999999999,,
2019-12-24,,,,,,,,9.0,,
2019-12-26,,,,,,,,3.0,,
2019-12-27,21.95,0.15,4.555808656036446,4.405808656036446,18.5,5.405405405405405,5.255405405405405,-1.0000000000000009,,
2019-12-30,,,,,,,,0.0,,
2019-12-31,,,,,,,,0.0,,
2020-01-01,,,,,,,,,,0.0
2020-01-02,,,,,,,,-2.0000000000000004,,
2020-01-03,21.95,0.03,4.555808656036446,4.525808656036446,18.44,5.422993492407809,5.3929934924078085,-3.0,,
2020-01-06,,,,,,,,4.0,,
2020-01-07,,,,,,,,4.0,,
2020-01-08,,,,,,,,6.0,,
2020-01-09,,,,,,,,0.9999999999999996,,
2020-01-10,22.29,0.07,4.486316733961418,4.416316733961418,18.57,5.385029617662897,5.315029617662897,-7.999999999999999,,
2020-01-13,,,,,,,,-12.000000000000002,,
2020-01-14,,,,,,,,-15.000000000000002,,
2020-01-15,,,,,,,,-17.0,,
2020-01-16,,,,,,,,-10.999999999999998,,
2020-01-17,22.77,0.09,4.391743522178305,4.301743522178305,18.93,5.282620179609086,5.192620179609087,-8.000000000000002,,
2020-01-21,,,,,,,,-15.0,,
2020-01-22,,,,,,,,-12.000000000000002,,
2020-01-23,,,,,,,,-12.0,,
2020-01-24,22.54,0.02,4.436557231588288,4.416557231588288,18.69,5.350454788657036,5.330454788657036,-13.0,,
2020-01-27,,,,,,,,-17.0,,
2020-01-28,,,,,,,,-21.0,,
2020-01-29,,,,,,,,-27.0,,
2020-01-30,,,,,,,,-28.000000000000004,,
2020-01-31,21.84,-0.14,4.5787545787545785,4.718754578754578,18.29,5.467468562055768,5.607468562055768,-29.000000000000004,,
2020-02-03,,,,,,,,-23.0,,
2020-02-04,,,,,,,,-18.0,,
2020-02-05,,,,,,,,-18.0,,
2020-02-06,,,,,,,,-17.0,,
2020-02-07,22.91,-0.07,4.364906154517678,4.4349061545176784,18.93,5.282620179609086,5.352620179609087,-30.000000000000004,,
2020-02-10,,,,,,,,-33.0,,
2020-02-11,,,,,,,,-29.000000000000004,,
2020-02-12,,,,,,,,-26.0,,
2020-02-13,,,,,,,,-28.000000000000004,,
2020-02-14,23.29,-0.07,4.293688278231,4.363688278231001,19.18,5.213764337851929,5.283764337851929,-27.0,,
2020-02-18,,,,,,,,-28.000000000000004,,
2020-02-19,,,,,,,,-25.0,,
2020-02-20,,,,,,,,-24.0,,
2020-02-21,22.83,-0.15,4.380201489268507,4.530201489268507,18.95,5.277044854881266,5.427044854881267,-29.000000000000004,,
2020-02-24,,,,,,,,-36.0,,
2020-02-25,,,,,,,,-34.0,,
2020-02-26,,,,,,,,-32.99999999999999,,
2020-02-27,,,,,,,,-37.0,,
2020-02-28,20.51,-0.28,4.875670404680643,5.155670404680643,16.85,5.934718100890208,6.214718100890208,-42.00000000000001,,
2020-03-02,,,,,,,,-49.0,,
2020-03-03,,,,,,,,-52.0,,
2020-03-04,,,,,,,,-55.00000000000001,,
2020-03-05,,,,,,,,-61.0,,
2020-03-06,20.67,-0.57,4.837929366231252,5.407929366231253,17.02,5.875440658049354,6.445440658049354,-72.0,,
2020-03-09,,,,,,,,-59.00000000000001,,
2020-03-10,,,,,,,,-38.0,,
2020-03-11,,,,,,,,-24.000000000000004,,
2020-03-12,,,,,,,,-22.0,,
2020-03-13,19.58,0.04,5.107252298263535,5.067252298263535,15.75,6.349206349206349,6.309206349206349,-7.999999999999999,,
2020-03-16,,,,,,,,-16.0,,
2020-03-17,,,,,,,,25.0,,
2020-03-18,,,,,,,,39.0,,
2020-03-19,,,,,,,,47.0,,
2020-03-20,17.7,0.17,5.649717514124294,5.479717514124294,13.86,7.215007215007215,7.045007215007216,2.0000000000000018,,
2020-03-23,,,,,,,,-22.0,,
2020-03-24,,,,,,,,-28.000000000000004,,
2020-03-25,,,,,,,,-34.0,,
2020-03-26,,,,,,,,-40.0,,
2020-03-27,19.64,-0.22,5.091649694501018,5.311649694501018,15.86,6.305170239596469,6.525170239596469,-37.0,,
2020-03-30,,,,,,,,-40.0,,
2020-03-31,,,,,,,,-32.0,,
2020-04-01,,,,,,,,-43.99999999999999,,41.5
2020-04-02,,,,,,,,-48.00000000000001,,
2020-04-03,19.79,-0.46,5.053057099545225,5.513057099545225,16.11,6.207324643078834,6.6673246430788335,-49.0,,
2020-04-06,,,,,,,,-53.0,,
2020-04-07,,,,,,,,-51.0,,
2020-04-08,,,,,,,,-54.0,,
2020-04-09,,,,,,,,-61.0,,
2020-04-10,22.09,-0.5,4.526935264825713,5.026935264825713,18.93,5.282620179609086,5.782620179609086,,,
2020-04-13,,,,,,,,-57.99999999999999,,
2020-04-14,,,,,,,,-58.00000000000001,,
2020-04-15,,,,,,,,-60.00000000000001,,
2020-04-16,,,,,,,,-49.0,,
2020-04-17,23.9,-0.36,4.184100418410042,4.544100418410042,20.02,4.995004995004996,5.355004995004996,-44.99999999999999,,
2020-04-20,,,,,,,,-40.0,,
2020-04-21,,,,,,,,-42.0,,
2020-04-22,,,,,,,,-48.0,,
2020-04-23,,,,,,,,-48.0,,
2020-04-24,23.86,-0.51,4.191114836546522,4.701114836546521,20.12,4.970178926441352,5.480178926441352,-53.0,,
2020-04-27,,,,,,,,-48.0,,
2020-04-28,,,,,,,,-52.0,,
2020-04-29,,,,,,,,-47.0,,
2020-04-30,,,,,,,,-36.0,,
2020-05-01,23.71,-0.42,4.217629692113032,4.637629692113032,20.37,4.909180166912125,5.329180166912125,-28.0,,
2020-05-04,,,,,,,,-40.0,,
2020-05-05,,,,,,,,-44.0,,
2020-05-06,,,,,,,,-36.0,,
2020-05-07,,,,,,,,-38.0,,
2020-05-08,25.07,-0.43,3.988831272437176,4.418831272437176,21.19,4.719207173194903,5.149207173194903,-36.0,,
2020-05-11,,,,,,,,-34.0,,
2020-05-12,,,,,,,,-36.00000000000001,,
2020-05-13,,,,,,,,-37.0,,
2020-05-14,,,,,,,,-36.0,,
2020-05-15,24.87,-0.45,4.020908725371934,4.470908725371934,20.83,4.800768122899664,5.2507681228996645,-38.0,,
2020-05-18,,,,,,,,-34.0,,
2020-05-19,,,,,,,,-36.0,,
2020-05-20,,,,,,,,-37.0,,
2020-05-21,,,,,,,,-31.000000000000007,,
2020-05-22,25.64,-0.46,3.9001560062402496,4.36015600624025,21.46,4.659832246039143,5.119832246039143,-31.000000000000007,,
2020-05-26,,,,,,,,-23.0,,
2020-05-27,,,,,,,,-23.0,,
2020-05-28,,,,,,,,-20.0,,
2020-05-29,25.85,-0.5,3.868471953578336,4.368471953578336,21.99,4.547521600727603,5.047521600727603,-22.0,,
2020-06-01,,,,,,,,-24.0,,
2020-06-02,,,,,,,,-19.0,,
2020-06-03,,,,,,,,-1.0000000000000009,,
2020-06-04,,,,,,,,3.9999999999999982,,
2020-06-05,26.49,-0.36,3.775009437523594,4.135009437523594,22.97,4.3535045711798,4.713504571179801,12.0,,
2020-06-08,,,,,,,,16.999999999999993,,
2020-06-09,,,,,,,,3.0000000000000027,,
2020-06-10,,,,,,,,-28.000000000000004,,
2020-06-11,,,,,,,,-41.0,,
2020-06-12,26.0,-0.5,3.8461538461538463,4.346153846153847,21.74,4.599816007359706,5.099816007359706,-46.0,,
2020-06-15,,,,,,,,-56.00000000000001,,
2020-06-16,,,,,,,,-52.0,,
2020-06-17,,,,,,,,-91.0,,
2020-06-18,,,,,,,,-112.0,,
2020-06-19,26.81,-0.6,3.729951510630362,4.329951510630361,22.01,4.543389368468877,5.143389368468877,-122.0,,
2020-06-22,,,,,,,,-80.0,,
2020-06-23,,,,,,,,-62.0,,
2020-06-24,,,,,,,,-51.0,,
2020-06-25,,,,,,,,-46.0,,
2020-06-26,26.13,-0.68,3.827018752391887,4.507018752391887,21.17,4.7236655644780345,5.403665564478034,-44.00000000000001,,
2020-06-29,,,,,,,,-48.0,,
2020-06-30,,,,,,,,-43.00000000000001,,
2020-07-01,,,,,,,,-39.00000000000001,,71.2
2020-07-02,,,,,,,,-32.99999999999999,,
2020-07-03,27.24,-0.73,3.671071953010279,4.401071953010279,21.89,4.568296025582458,5.298296025582458,,,
2020-07-06,,,,,,,,-29.000000000000004,,
2020-07-07,,,,,,,,-36.00000000000001,,
2020-07-08,,,,,,,,-33.0,,
2020-07-09,,,,,,,,-27.0,,
2020-07-10,28.48,-0.76,3.51123595505618,4.27123595505618,22.21,4.5024763619991,5.2624763619991,-26.0,,
2020-07-13,,,,,,,,-28.000000000000004,,
2020-07-14,,,,,,,,-25.0,,
2020-07-15,,,,,,,,-21.0,,
2020-07-16,,,,,,,,-37.00000000000001,,
2020-07-17,27.81,-0.82,3.5958288385472854,4.415828838547285,22.4,4.464285714285714,5.284285714285715,-46.0,,
2020-07-20,,,,,,,,-53.0,,
2020-07-21,,,,,,,,-49.0,,
2020-07-22,,,,,,,,-45.0,,
2020-07-23,,,,,,,,-46.0,,
2020-07-24,27.14,-0.92,3.684598378776714,4.604598378776713,22.08,4.528985507246377,5.448985507246377,-41.0,,
2020-07-27,,,,,,,,-40.0,,
2020-07-28,,,,,,,,-40.0,,
2020-07-29,,,,,,,,-43.99999999999999,,
2020-07-30,,,,,,,,-54.0,,
2020-07-31,27.36,-1.0,3.654970760233918,4.654970760233918,22.0,4.545454545454546,5.545454545454546,-57.00000000000001,,
2020-08-03,,,,,,,,-60.00000000000001,,
2020-08-04,,,,,,,,-62.000000000000014,,
2020-08-05,,,,,,,,-62.000000000000014,,
2020-08-06,,,,,,,,-70.0,,
2020-08-07,27.81,-1.04,3.5958288385472854,4.635828838547285,22.41,4.462293618920125,5.502293618920125,-59.00000000000001,,
2020-08-10,,,,,,,,-59.00000000000001,,
2020-08-11,,,,,,,,-59.0,,
2020-08-12,,,,,,,,-57.99999999999999,,
2020-08-13,,,,,,,,-53.0,,
2020-08-14,27.75,-0.94,3.603603603603604,4.543603603603604,22.44,4.45632798573975,5.396327985739751,-51.0,,
2020-08-17,,,,,,,,-52.0,,
2020-08-18,,,,,,,,-57.00000000000001,,
2020-08-19,,,,,,,,-54.0,,
2020-08-20,,,,,,,,-49.0,,
2020-08-21,28.57,-1.0,3.5001750087504373,4.500175008750437,22.42,4.460303300624442,5.460303300624442,-54.0,,
2020-08-24,,,,,,,,-56.00000000000001,,
2020-08-25,,,,,,,,-55.00000000000001,,
2020-08-26,,,,,,,,-59.00000000000001,,
2020-08-27,,,,,,,,-53.0,,
2020-08-28,29.63,-1.03,3.374957813027337,4.4049578130273375,23.02,4.344048653344918,5.374048653344918,-55.00000000000001,,
2020-08-31,,,,,,,,-58.00000000000001,,
2020-09-01,,,,,,,,-56.00000000000001,,
2020-09-02,,,,,,,,-57.00000000000001,,
2020-09-03,,,,,,,,-58.00000000000001,,
2020-09-04,28.51,-0.98,3.50754121360926,4.48754121360926,22.38,4.468275245755139,5.44827524575514,-57.99999999999999,,
2020-09-08,,,,,,,,-59.0,,
2020-09-09,,,,,,,,-58.00000000000001,,
2020-09-10,,,,,,,,-49.0,,
2020-09-11,27.09,-0.98,3.6913990402362495,4.671399040236249,21.7,4.6082949308755765,5.588294930875577,-42.99999999999999,,
2020-09-14,,,,,,,,-47.0,,
2020-09-15,,,,,,,,-47.0,,
2020-09-16,,,,,,,,-47.0,,
2020-09-17,,,,,,,,-44.99999999999999,,
2020-09-18,26.62,-0.97,3.756574004507889,4.726574004507889,21.43,4.666355576294913,5.636355576294913,-40.0,,
2020-09-21,,,,,,,,-34.0,,
2020-09-22,,,,,,,,-31.0,,
2020-09-23,,,,,,,,-26.0,,
2020-09-24,,,,,,,,-27.0,,
2020-09-25,27.01,-0.92,3.702332469455757,4.622332469455757,21.19,4.719207173194903,5.639207173194903,-27.0,,
2020-09-28,,,,,,,,-25.99999999999999,,
2020-09-29,,,,,,,,-28.000000000000004,,
2020-09-30,,,,,,,,-25.99999999999999,,
2020-10-01,,,,,,,,-26.99999999999999,,37.7
2020-10-02,27.2,-0.94,3.6764705882352944,4.616470588235295,21.42,4.668534080298786,5.608534080298785,-21.0,,
2020-10-05,,,,,,,,-17.000000000000004,,
2020-10-06,,,,,,,,-14.000000000000002,,
2020-10-07,,,,,,,,-12.0,,
2020-10-08,,,,,,,,-19.0,,
2020-10-09,28.18,-0.94,3.5486160397445,4.4886160397445,22.16,4.512635379061372,5.452635379061372,-16.999999999999993,,
2020-10-13,,,,,,,,-17.999999999999993,,
2020-10-14,,,,,,,,-17.999999999999993,,
2020-10-15,,,,,,,,-17.999999999999993,,
2020-10-16,28.43,-0.95,3.5174111853675694,4.4674111853675695,22.07,4.531037607612143,5.481037607612143,-15.999999999999991,,
2020-10-19,,,,,,,,-11.00000000000001,,
2020-10-20,,,,,,,,-7.000000000000006,,
2020-10-21,,,,,,,,-4.000000000000004,,
2020-10-22,,,,,,,,-1.0000000000000009,,
2020-10-23,28.01,-0.9,3.5701535166012137,4.470153516601214,21.82,4.582951420714941,5.482951420714941,0.0,,
2020-10-26,,,,,,,,1.0000000000000009,,
2020-10-27,,,,,,,,-2.0000000000000018,,
2020-10-28,,,,,,,,1.0000000000000009,,
2020-10-29,,,,,,,,8.999999999999996,,
2020-10-30,26.25,-0.82,3.809523809523809,4.62952380952381,20.4,4.901960784313726,5.721960784313726,15.000000000000002,,
2020-11-02,,,,,,,,16.000000000000004,,
2020-11-03,,,,,,,,20.000000000000007,,
2020-11-04,,,,,,,,19.000000000000007,,
2020-11-05,,,,,,,,19.000000000000007,,
2020-11-06,28.55,-0.82,3.5026269702276704,4.32262697022767,21.72,4.6040515653775325,5.424051565377533,26.00000000000001,,
2020-11-09,,,,,,,,27.0,,
2020-11-10,,,,,,,,24.0,,
2020-11-12,,,,,,,,15.000000000000002,,
2020-11-13,28.04,-0.83,3.566333808844508,4.396333808844508,22.06,4.533091568449683,5.363091568449683,13.0,,
2020-11-16,,,,,,,,12.99999999999999,,
2020-11-17,,,,,,,,14.000000000000002,,
2020-11-18,,,,,,,,19.000000000000007,,
2020-11-19,,,,,,,,15.000000000000002,,
2020-11-20,27.81,-0.86,3.5958288385472854,4.455828838547285,21.73,4.601932811780948,5.461932811780948,10.999999999999998,,
2020-11-23,,,,,,,,15.000000000000002,,
2020-11-24,,,,,,,,16.000000000000004,,
2020-11-25,,,,,,,,14.000000000000002,,
2020-11-27,28.5,-0.91,3.508771929824561,4.418771929824561,22.09,4.526935264825713,5.436935264825713,7.9999999999999964,,
2020-11-30,,,,,,,,9.999999999999998,,
2020-12-01,,,,,,,,19.000000000000007,,
2020-12-02,,,,,,,,17.000000000000004,,
2020-12-03,,,,,,,,8.000000000000007,,
2020-12-04,29.01,-0.92,3.447087211306446,4.367087211306446,22.38,4.468275245755139,5.388275245755139,5.999999999999995,,
2020-12-07,,,,,,,,4.000000000000004,,
2020-12-08,,,,,,,,2.0000000000000018,,
2020-12-09,,,,,,,,4.000000000000004,,
2020-12-10,,,,,,,,5.000000000000004,,
2020-12-11,28.53,-0.97,3.5050823694356814,4.475082369435682,22.01,4.543389368468877,5.513389368468877,1.0000000000000009,,
2020-12-14,,,,,,,,-1.0000000000000009,,
2020-12-15,,,,,,,,0.0,,
2020-12-16,,,,,,,,-1.0000000000000009,,
2020-12-17,,,,,,,,-3.0000000000000027,,
2020-12-18,29.2,-1.0,3.424657534246576,4.424657534246576,22.16,4.512635379061372,5.512635379061372,-3.0000000000000027,,
2020-12-21,,,,,,,,-6.000000000000005,,
2020-12-22,,,,,,,,-7.000000000000006,,
2020-12-23,,,,,,,,-8.999999999999996,,
2020-12-24,,,,,,,,-12.0,,
2020-12-25,28.78,-1.03,3.4746351633078527,4.504635163307853,22.35,4.47427293064877,5.50427293064877,,,
2020-12-28,,,,,,,,-9.000000000000007,,
2020-12-29,,,,,,,,-4.000000000000004,,
2020-12-30,,,,,,,,-9.000000000000007,,
2020-12-31,,,,,,,,-12.00000000000001,,
2021-01-01,29.09,-1.06,3.4376074252320383,4.497607425232038,22.58,4.428697962798937,5.488697962798938,,,5.5
2021-01-04,,,,,,,,-14.000000000000012,,
2021-01-05,,,,,,,,-17.000000000000004,,
2021-01-06,,,,,,,,-12.0,,
2021-01-07,,,,,,,,-10.999999999999998,,
2021-01-08,29.35,-0.93,3.4071550255536627,4.337155025553662,22.81,4.384042086804033,5.314042086804033,0.9999999999999898,,
2021-01-11,,,,,,,,2.999999999999992,,
2021-01-12,,,,,,,,0.9999999999999898,,
2021-01-13,,,,,,,,0.0,,
2021-01-14,,,,,,,,2.0000000000000018,,
2021-01-15,28.58,-0.99,3.4989503149055285,4.488950314905528,22.37,4.470272686633884,5.460272686633885,-4.000000000000004,,
2021-01-19,,,,,,,,-6.999999999999995,,
2021-01-20,,,,,,,,-10.999999999999998,,
2021-01-21,,,,,,,,-6.999999999999995,,
2021-01-22,29.51,-0.99,3.388681802778719,4.378681802778719,22.55,4.434589800443459,5.424589800443459,-9.999999999999998,,
2021-01-25,,,,,,,,-13.0,,
2021-01-26,,,,,,,,-12.0,,
2021-01-27,,,,,,,,-12.0,,
2021-01-28,,,,,,,,-15.000000000000002,,
2021-01-29,27.91,-1.02,3.582945180938732,4.602945180938732,21.46,4.659832246039143,5.679832246039142,-16.000000000000004,,
2021-02-01,,,,,,,,-20.000000000000007,,
2021-02-02,,,,,,,,-19.000000000000007,,
2021-02-03,,,,,,,,-22.000000000000007,,
2021-02-04,,,,,,,,-16.000000000000004,,
2021-02-05,28.95,-1.02,3.454231433506045,4.474231433506045,22.2,4.504504504504505,5.524504504504504,-15.000000000000002,,
2021-02-08,,,,,,,,-21.000000000000007,,
2021-02-09,,,,,,,,-27.0,,
2021-02-10,,,,,,,,-28.000000000000004,,
2021-02-11,,,,,,,,-26.0,,
2021-02-12,29.27,-1.01,3.4164673727365904,4.426467372736591,22.4,4.464285714285714,5.474285714285714,-18.000000000000004,,
2021-02-16,,,,,,,,-12.99999999999999,,
2021-02-17,,,,,,,,-9.000000000000007,,
2021-02-18,,,,,,,,-5.000000000000004,,
2021-02-19,28.6,-0.8,3.496503496503496,4.2965034965034965,22.12,4.520795660036166,5.320795660036166,3.999999999999993,,
2021-02-22,,,,,,,,6.999999999999995,,
2021-02-23,,,,,,,,5.999999999999995,,
2021-02-24,,,,,,,,6.999999999999995,,
2021-02-25,,,,,,,,27.0,,
2021-02-26,26.97,-0.71,3.7078235076010384,4.417823507601039,21.49,4.653327128897161,5.363327128897161,16.000000000000004,,
2021-03-01,,,,,,,,18.000000000000004,,
2021-03-02,,,,,,,,12.0,,
2021-03-03,,,,,,,,20.0,,
2021-03-04,,,,,,,,26.0,,
2021-03-05,26.33,-0.66,3.79794910748196,4.45794910748196,21.53,4.644681839294008,5.304681839294008,26.0,,
2021-03-08,,,,,,,,35.0,,
2021-03-09,,,,,,,,30.0,,
2021-03-10,,,,,,,,23.0,,
2021-03-11,,,,,,,,23.0,,
2021-03-12,26.81,-0.62,3.729951510630362,4.349951510630362,21.99,4.547521600727603,5.167521600727604,35.0,,
2021-03-15,,,,,,,,34.0,,
2021-03-16,,,,,,,,32.0,,
2021-03-17,,,,,,,,32.99999999999999,,
2021-03-18,,,,,,,,43.99999999999999,,
2021-03-19,26.6,-0.57,3.7593984962406015,4.329398496240602,21.7,4.6082949308755765,5.178294930875577,43.00000000000001,,
2021-03-22,,,,,,,,37.0,,
2021-03-23,,,,,,,,35.0,,
2021-03-24,,,,,,,,34.00000000000001,,
2021-03-25,,,,,,,,34.00000000000001,,
2021-03-26,26.83,-0.67,3.7271710771524416,4.397171077152442,22.0,4.545454545454546,5.215454545454546,36.0,,
2021-03-29,,,,,,,,39.0,,
2021-03-30,,,,,,,,41.0,,
2021-03-31,,,,,,,,43.00000000000001,,
2021-04-01,,,,,,,,40.0,,-15.1
2021-04-02,27.3,-0.64,3.663003663003663,4.303003663003663,22.09,4.526935264825713,5.166935264825713,42.00000000000001,,
2021-04-05,,,,,,,,45.00000000000001,,
2021-04-06,,,,,,,,37.0,,
2021-04-07,,,,,,,,35.0,,
2021-04-08,,,,,,,,24.00000000000001,,
2021-04-09,28.31,-0.64,3.532320734722713,4.172320734722713,22.55,4.434589800443459,5.074589800443459,29.000000000000004,,
2021-04-12,,,,,,,,29.000000000000004,,
2021-04-13,,,,,,,,27.0,,
2021-04-14,,,,,,,,25.0,,
2021-04-15,,,,,,,,22.0,,
2021-04-16,28.62,-0.77,3.4940600978336827,4.264060097833683,22.57,4.430660168365086,5.200660168365086,22.0,,
2021-04-19,,,,,,,,27.0,,
2021-04-20,,,,,,,,28.000000000000004,,
2021-04-21,,,,,,,,22.0,,
2021-04-22,,,,,,,,23.0,,
2021-04-23,28.29,-0.76,3.534817956875221,4.294817956875221,22.32,4.480286738351254,5.240286738351254,23.0,,
2021-04-26,,,,,,,,25.0,,
2021-04-27,,,,,,,,28.000000000000004,,
2021-04-28,,,,,,,,28.000000000000004,,
2021-04-29,,,,,,,,25.0,,
2021-04-30,26.7,-0.76,3.745318352059925,4.505318352059925,21.67,4.614674665436087,5.374674665436086,26.0,,
2021-05-03,,,,,,,,25.0,,
2021-05-04,,,,,,,,21.0,,
2021-05-05,,,,,,,,14.000000000000002,,
2021-05-06,,,,,,,,15.000000000000002,,
2021-05-07,26.24,-0.89,3.8109756097560976,4.700975609756098,21.7,4.6082949308755765,5.498294930875576,13.0,,
2021-05-10,,,,,,,,15.000000000000002,,
2021-05-11,,,,,,,,15.000000000000002,,
2021-05-12,,,,,,,,16.000000000000004,,
2021-05-13,,,,,,,,16.000000000000004,,
2021-05-14,25.57,-0.88,3.910833007430583,4.790833007430583,21.32,4.690431519699812,5.570431519699812,13.0,,
2021-05-17,,,,,,,,2.0000000000000018,,
2021-05-18,,,,,,,,-1.0000000000000009,,
2021-05-19,,,,,,,,0.0,,
2021-05-20,,,,,,,,2.0000000000000018,,
2021-05-21,25.51,-0.8,3.920031360250882,4.720031360250882,21.09,4.74158368895211,5.54158368895211,0.0,,
2021-05-24,,,,,,,,-3.999999999999993,,
2021-05-25,,,,,,,,-26.0,,
2021-05-26,,,,,,,,-10.999999999999998,,
2021-05-27,,,,,,,,-10.000000000000009,,
2021-05-28,25.92,-0.84,3.858024691358025,4.698024691358024,21.24,4.708097928436912,5.548097928436912,-13.0,,
2021-06-01,,,,,,,,-13.0,,
2021-06-02,,,,,,,,-6.999999999999995,,
2021-06-03,,,,,,,,-5.000000000000004,,
2021-06-04,26.03,-0.84,3.8417210910487896,4.681721091048789,21.31,4.692632566870015,5.532632566870015,-17.999999999999993,,
2021-06-07,,,,,,,,-15.999999999999991,,
2021-06-08,,,,,,,,-21.0,,
2021-06-09,,,,,,,,-15.999999999999991,,
2021-06-10,,,,,,,,-17.000000000000004,,
2021-06-11,26.35,-0.85,3.795066413662239,4.645066413662239,21.34,4.686035613870666,5.5360356138706655,-10.999999999999998,,
2021-06-14,,,,,,,,-23.0,,
2021-06-15,,,,,,,,-22.0,,
2021-06-16,,,,,,,,-6.999999999999995,,
2021-06-17,,,,,,,,-7.9999999999999964,,
2021-06-18,26.38,-0.79,3.7907505686125855,4.580750568612586,20.86,4.793863854266539,5.583863854266539,-23.0,,
2021-06-21,,,,,,,,-18.000000000000004,,
2021-06-22,,,,,,,,-19.0,,
2021-06-23,,,,,,,,-17.999999999999993,,
2021-06-24,,,,,,,,-12.00000000000001,,
2021-06-25,26.87,-0.8,3.721622627465575,4.521622627465575,21.32,4.690431519699812,5.490431519699812,-11.00000000000001,,
2021-06-28,,,,,,,,-16.999999999999993,,
2021-06-29,,,,,,,,-20.0,,
2021-06-30,,,,,,,,-25.0,,
2021-07-01,,,,,,,,-21.0,,-32.4
2021-07-02,27.47,-0.89,3.640334910811795,4.530334910811795,21.6,4.62962962962963,5.519629629629629,-25.0,,
2021-07-06,,,,,,,,-29.0,,
2021-07-07,,,,,,,,-29.0,,
2021-07-08,,,,,,,,-23.00000000000001,,
2021-07-09,27.57,-0.91,3.627130939426913,4.5371309394269135,21.62,4.6253469010175765,5.535346901017577,-27.0,,
2021-07-12,,,,,,,,-31.0,,
2021-07-13,,,,,,,,-25.0,,
2021-07-14,,,,,,,,-28.000000000000004,,
2021-07-15,,,,,,,,-24.0,,
2021-07-16,27.22,-1.02,3.673769287288759,4.693769287288759,21.25,4.705882352941177,5.725882352941177,-25.0,,
2021-07-19,,,,,,,,-32.00000000000001,,
2021-07-20,,,,,,,,-29.000000000000004,,
2021-07-21,,,,,,,,-22.0,,
2021-07-22,,,,,,,,-25.0,,
2021-07-23,28.01,-1.05,3.5701535166012137,4.6201535166012135,21.51,4.649000464900047,5.699000464900046,-29.000000000000004,,
2021-07-26,,,,,,,,-33.00000000000001,,
2021-07-27,,,,,,,,-36.99999999999999,,
2021-07-28,,,,,,,,-36.99999999999999,,
2021-07-29,,,,,,,,-37.99999999999999,,
2021-07-30,26.89,-1.16,3.718854592785422,4.878854592785422,21.02,4.757373929590866,5.917373929590866,-39.99999999999999,,
2021-08-02,,,,,,,,-40.99999999999999,,
2021-08-03,,,,,,,,-39.99999999999999,,
2021-08-04,,,,,,,,-34.999999999999986,,
2021-08-05,,,,,,,,-22.000000000000007,,
2021-08-06,26.91,-1.06,3.716090672612412,4.776090672612412,21.09,4.74158368895211,5.80158368895211,-19.000000000000007,,
2021-08-09,,,,,,,,-15.000000000000002,,
2021-08-10,,,,,,,,-13.0,,
2021-08-11,,,,,,,,-18.000000000000004,,
2021-08-12,,,,,,,,-20.000000000000007,,
2021-08-13,26.9,-1.08,3.717472118959108,4.797472118959108,21.15,4.728132387706856,5.8081323877068565,-23.00000000000001,,
2021-08-16,,,,,,,,-22.000000000000007,,
2021-08-17,,,,,,,,-17.000000000000004,,
2021-08-18,,,,,,,,-17.000000000000004,,
2021-08-19,,,,,,,,-24.0,,
2021-08-20,26.63,-1.01,3.755163349605708,4.765163349605708,20.92,4.780114722753345,5.790114722753345,-23.0,,
2021-08-23,,,,,,,,-22.0,,
2021-08-24,,,,,,,,-18.000000000000004,,
2021-08-25,,,,,,,,-14.000000000000002,,
2021-08-26,,,,,,,,-17.000000000000004,,
2021-08-27,27.3,-1.08,3.663003663003663,4.743003663003663,21.17,4.7236655644780345,5.803665564478035,-27.0,,
2021-08-30,,,,,,,,-24.00000000000001,,
2021-08-31,,,,,,,,-19.000000000000007,,
2021-09-01,,,,,,,,-19.000000000000007,,
2021-09-02,,,,,,,,-18.000000000000004,,
2021-09-03,27.66,-1.01,3.615328994938539,4.625328994938539,21.29,4.697040864255519,5.707040864255519,-22.0,,
2021-09-07,,,,,,,,-16.000000000000004,,
2021-09-08,,,,,,,,-20.000000000000007,,
2021-09-09,,,,,,,,-26.00000000000001,,
2021-09-10,27.13,-1.05,3.6859565057132326,4.735956505713233,20.88,4.789272030651341,5.839272030651341,-15.000000000000002,,
2021-09-13,,,,,,,,-19.000000000000007,,
2021-09-14,,,,,,,,-20.000000000000007,,
2021-09-15,,,,,,,,-17.000000000000004,,
2021-09-16,,,,,,,,-26.0,,
2021-09-17,26.99,-0.96,3.7050759540570586,4.665075954057059,20.79,4.81000481000481,5.77000481000481,-21.0,,
2021-09-20,,,,,,,,-19.0,,
2021-09-21,,,,,,,,-21.0,,
2021-09-22,,,,,,,,-13.0,,
2021-09-23,,,,,,,,-6.000000000000005,,
2021-09-24,26.99,-0.87,3.7050759540570586,4.575075954057058,20.86,4.793863854266539,5.663863854266539,-5.999999999999995,,
2021-09-27,,,,,,,,-6.999999999999995,,
2021-09-28,,,,,,,,0.0,,
2021-09-29,,,,,,,,1.0000000000000009,,
2021-09-30,,,,,,,,2.0000000000000018,,
2021-10-01,26.02,-0.9,3.8431975403535743,4.743197540353575,20.36,4.911591355599215,5.811591355599215,-3.0000000000000027,,-18.2
2021-10-04,,,,,,,,0.0,,
2021-10-05,,,,,,,,-2.0000000000000018,,
2021-10-06,,,,,,,,3.999999999999993,,
2021-10-07,,,,,,,,6.999999999999995,,
2021-10-08,26.03,-0.89,3.8417210910487896,4.731721091048789,20.46,4.887585532746823,5.777585532746823,3.0000000000000027,,
2021-10-12,,,,,,,,4.999999999999993,,
2021-10-13,,,,,,,,-2.0000000000000018,,
2021-10-14,,,,,,,,-3.0000000000000027,,
2021-10-15,26.59,-0.97,3.76081233546446,4.73081233546446,20.76,4.816955684007707,5.786955684007706,4.000000000000004,,
2021-10-18,,,,,,,,7.000000000000006,,
2021-10-19,,,,,,,,16.000000000000004,,
2021-10-20,,,,,,,,10.999999999999998,,
2021-10-21,,,,,,,,2.0000000000000018,,
2021-10-22,27.04,-0.98,3.698224852071006,4.678224852071006,21.04,4.752851711026616,5.732851711026616,3.0000000000000027,,
2021-10-25,,,,,,,,3.0000000000000027,,
2021-10-26,,,,,,,,5.000000000000004,,
2021-10-27,,,,,,,,1.99999999999998,,
2021-10-28,,,,,,,,14.999999999999991,,
2021-10-29,28.19,-0.96,3.5473572188719404,4.50735721887194,21.34,4.686035613870666,5.646035613870666,19.0,,
2021-11-01,,,,,,,,23.99999999999999,,
2021-11-02,,,,,,,,22.0,,
2021-11-03,,,,,,,,25.99999999999999,,
2021-11-04,,,,,,,,12.99999999999999,,
2021-11-05,28.94,-1.09,3.455425017277125,4.545425017277125,21.64,4.621072088724584,5.711072088724584,1.0000000000000009,,
2021-11-08,,,,,,,,-5.000000000000004,,
2021-11-09,,,,,,,,-12.99999999999999,,
2021-11-10,,,,,,,,-9.999999999999986,,
2021-11-12,28.65,-1.15,3.4904013961605584,4.640401396160558,21.54,4.642525533890437,5.792525533890437,-9.999999999999986,,
2021-11-15,,,,,,,,-4.999999999999982,,
2021-11-16,,,,,,,,0.0,,
2021-11-17,,,,,,,,-3.0000000000000027,,
2021-11-18,,,,,,,,-8.999999999999986,,
2021-11-19,29.2,-1.11,3.424657534246576,4.534657534246575,21.52,4.646840148698885,5.756840148698886,-7.000000000000006,,
2021-11-22,,,,,,,,3.0000000000000027,,
2021-11-23,,,,,,,,7.000000000000006,,
2021-11-24,,,,,,,,4.000000000000004,,
2021-11-26,28.15,-1.07,3.552397868561279,4.622397868561279,20.99,4.76417341591234,5.83417341591234,-8.000000000000007,,
2021-11-29,,,,,,,,6.000000000000005,,
2021-11-30,,,,,,,,1.0000000000000009,,
2021-12-01,,,,,,,,2.0000000000000018,,
2021-12-02,,,,,,,,0.0,,
2021-12-03,27.55,-1.08,3.629764065335753,4.709764065335753,20.7,4.830917874396135,5.910917874396136,-7.000000000000006,,
2021-12-06,,,,,,,,0.0,,
2021-12-07,,,,,,,,-1.0000000000000009,,
2021-12-08,,,,,,,,3.0000000000000027,,
2021-12-09,,,,,,,,10.000000000000009,,
2021-12-10,28.5,-0.96,3.508771929824561,4.468771929824561,21.39,4.675081813931744,5.635081813931744,9.000000000000007,,
2021-12-13,,,,,,,,6.000000000000005,,
2021-12-14,,,,,,,,12.0,,
2021-12-15,,,,,,,,12.0,,
2021-12-16,,,,,,,,3.0000000000000027,,
2021-12-17,27.51,-0.97,3.635041802980734,4.605041802980734,20.89,4.786979415988511,5.756979415988511,-1.0000000000000009,,
2021-12-20,,,,,,,,2.0000000000000018,,
2021-12-21,,,,,,,,0.0,,
2021-12-22,,,,,,,,-5.000000000000004,,
2021-12-23,,,,,,,,-6.999999999999995,,
2021-12-24,28.38,-0.97,3.5236081747709656,4.493608174770966,21.28,4.699248120300752,5.669248120300751,,,
2021-12-27,,,,,,,,-15.000000000000002,,
2021-12-28,,,,,,,,-17.000000000000004,,
2021-12-29,,,,,,,,-16.000000000000004,,
2021-12-30,,,,,,,,-21.000000000000007,,
2021-12-31,28.36,-1.04,3.526093088857546,4.566093088857546,21.43,4.666355576294913,5.706355576294913,-19.000000000000007,,
2022-01-01,,,,,,,,,,-14.5
2022-01-03,,,,,,,,-6.999999999999995,,
2022-01-04,,,,,,,,-2.0000000000000018,,
2022-01-05,,,,,,,,9.000000000000007,,
2022-01-06,,,,,,,,17.000000000000004,,
2022-01-07,27.0,-0.72,3.703703703703704,4.423703703703704,20.96,4.770992366412213,5.490992366412213,16.000000000000004,,
2022-01-10,,,,,,,,19.000000000000007,,
2022-01-11,,,,,,,,9.999999999999998,,
2022-01-12,,,,,,,,16.000000000000004,,
2022-01-13,,,,,,,,23.0,,
2022-01-14,26.97,-0.66,3.7078235076010384,4.367823507601038,20.85,4.796163069544364,5.456163069544364,34.0,,
2022-01-18,,,,,,,,36.0,,
2022-01-19,,,,,,,,32.00000000000001,,
2022-01-20,,,,,,,,42.00000000000001,,
2022-01-21,24.95,-0.59,4.008016032064129,4.598016032064129,19.64,5.091649694501018,5.681649694501018,37.0,,
2022-01-24,,,,,,,,35.0,,
2022-01-25,,,,,,,,39.0,,
2022-01-26,,,,,,,,53.0,,
2022-01-27,,,,,,,,52.000000000000014,,
2022-01-28,24.77,-0.66,4.037141703673799,4.6971417036738,19.73,5.06842372022301,5.72842372022301,34.0,,
2022-01-31,,,,,,,,31.0,,
2022-02-01,,,,,,,,30.000000000000004,,
2022-02-02,,,,,,,,32.0,,
2022-02-03,,,,,,,,37.0,,
2022-02-04,25.24,-0.48,3.961965134706815,4.441965134706814,19.98,5.005005005005005,5.485005005005005,55.00000000000001,,
2022-02-07,,,,,,,,61.00000000000001,,
2022-02-08,,,,,,,,65.00000000000001,,
2022-02-09,,,,,,,,69.0,,
2022-02-10,,,,,,,,72.0,,
2022-02-11,24.51,-0.51,4.079967360261118,4.5899673602611175,19.61,5.099439061703213,5.609439061703212,62.99999999999999,,
2022-02-14,,,,,,,,64.99999999999999,,
2022-02-15,,,,,,,,70.0,,
2022-02-16,,,,,,,,67.00000000000001,,
2022-02-17,,,,,,,,64.00000000000001,,
2022-02-18,23.91,-0.49,4.182350480970305,4.672350480970305,19.24,5.197505197505198,5.687505197505198,64.99999999999999,,
2022-02-22,,,,,,,,47.0,,
2022-02-23,,,,,,,,40.99999999999999,,
2022-02-24,,,,,,,,38.0,,
2022-02-25,24.2,-0.57,4.132231404958678,4.702231404958678,19.38,5.159958720330238,5.729958720330238,40.0,,
2022-02-28,,,,,,,,28.000000000000004,,
2022-03-01,,,,,,,,10.999999999999998,,
2022-03-02,,,,,,,,18.000000000000004,,
2022-03-03,,,,,,,,25.00000000000001,,
2022-03-04,23.54,-0.93,4.248088360237893,5.178088360237893,19.09,5.238344683080147,6.1683446830801465,15.000000000000002,,
2022-03-07,,,,,,,,0.0,,
2022-03-08,,,,,,,,-4.000000000000004,,
2022-03-09,,,,,,,,7.9999999999999964,,
2022-03-10,,,,,,,,7.9999999999999964,,
2022-03-11,22.61,-0.94,4.42282176028306,5.36282176028306,18.44,5.422993492407809,6.362993492407808,2.0000000000000018,,
2022-03-14,,,,,,,,14.000000000000002,,
2022-03-15,,,,,,,,23.00000000000001,,
2022-03-16,,,,,,,,37.0,,
2022-03-17,,,,,,,,26.0,,
2022-03-18,24.46,-0.72,4.088307440719542,4.808307440719542,19.51,5.125576627370579,5.845576627370579,25.0,,
2022-03-21,,,,,,,,38.0,,
2022-03-22,,,,,,,,48.0,,
2022-03-23,,,,,,,,35.0,,
2022-03-24,,,,,,,,39.0,,
2022-03-25,25.02,-0.47,3.996802557953637,4.4668025579536375,19.75,5.063291139240507,5.533291139240506,50.0,,
2022-03-28,,,,,,,,52.0,,
2022-03-29,,,,,,,,53.0,,
2022-03-30,,,,,,,,55.00000000000001,,
2022-03-31,,,,,,,,52.0,,
2022-04-01,25.13,-0.41,3.979307600477517,4.389307600477517,19.7,5.076142131979696,5.486142131979696,63.000000000000014,,-1.5
2022-04-04,,,,,,,,53.0,,
2022-04-05,,,,,,,,52.0,,
2022-04-06,,,,,,,,51.0,,
2022-04-07,,,,,,,,55.99999999999999,,
2022-04-08,24.19,-0.15,4.13393964448119,4.28393964448119,19.39,5.157297576070139,5.307297576070139,56.99999999999999,,
2022-04-11,,,,,,,,67.0,,
2022-04-12,,,,,,,,60.0,,
2022-04-13,,,,,,,,63.0,,
2022-04-14,,,,,,,,60.00000000000001,,
2022-04-15,23.42,-0.06,4.269854824935952,4.329854824935952,18.93,5.282620179609086,5.342620179609086,,,
2022-04-18,,,,,,,,52.0,,
2022-04-19,,,,,,,,56.99999999999999,,
2022-04-20,,,,,,,,43.0,,
2022-04-21,,,,,,,,47.0,,
2022-04-22,22.4,-0.08,4.464285714285714,4.5442857142857145,18.28,5.470459518599562,5.550459518599562,51.0,,
2022-04-25,,,,,,,,53.0,,
2022-04-26,,,,,,,,45.0,,
2022-04-27,,,,,,,,53.0,,
2022-04-28,,,,,,,,54.0,,
2022-04-29,21.83,0.01,4.580852038479158,4.570852038479158,17.74,5.636978579481399,5.626978579481399,67.0,,
2022-05-02,,,,,,,,81.0,,
2022-05-03,,,,,,,,70.0,,
2022-05-04,,,,,,,,55.00000000000001,,
2022-05-05,,,,,,,,65.99999999999999,,
2022-05-06,21.52,0.26,4.646840148698885,4.3868401486988855,17.65,5.6657223796034,5.4057223796034,74.0,,
2022-05-09,,,,,,,,78.0,,
2022-05-10,,,,,,,,76.0,,
2022-05-11,,,,,,,,72.0,,
2022-05-12,,,,,,,,76.0,,
2022-05-13,20.96,0.24,4.770992366412213,4.530992366412213,17.19,5.817335660267597,5.577335660267597,75.0,,
2022-05-16,,,,,,,,63.0,,
2022-05-17,,,,,,,,73.0,,
2022-05-18,,,,,,,,66.0,,
2022-05-19,,,,,,,,74.0,,
2022-05-20,20.05,0.23,4.987531172069826,4.757531172069825,16.65,6.006006006006007,5.776006006006006,72.0,,
2022-05-23,,,,,,,,80.0,,
2022-05-24,,,,,,,,80.0,,
2022-05-25,,,,,,,,76.0,,
2022-05-26,,,,,,,,70.0,,
2022-05-27,21.49,0.11,4.653327128897161,4.543327128897161,17.71,5.64652738565782,5.53652738565782,68.0,,
2022-05-31,,,,,,,,100.0,,
2022-06-01,,,,,,,,119.0,,
2022-06-02,,,,,,,,111.0,,
2022-06-03,21.22,0.22,4.71253534401508,4.492535344015081,17.47,5.724098454493418,5.504098454493418,105.0,,
2022-06-06,,,,,,,,121.0,,
2022-06-07,,,,,,,,124.0,,
2022-06-08,,,,,,,,132.0,,
2022-06-09,,,,,,,,119.0,,
2022-06-10,19.98,0.39,5.005005005005005,4.615005005005005,16.53,6.049606775559588,5.659606775559588,127.0,,
2022-06-13,,,,,,,,163.0,,
2022-06-14,,,,,,,,168.00000000000003,,
2022-06-15,,,,,,,,131.99999999999997,,
2022-06-16,,,,,,,,127.0,,
2022-06-17,18.98,0.67,5.268703898840885,4.598703898840885,15.54,6.435006435006436,5.765006435006436,138.0,,
2022-06-21,,,,,,,,128.0,,
2022-06-22,,,,,,,,115.0,,
2022-06-23,,,,,,,,121.0,,
2022-06-24,20.3,0.57,4.926108374384237,4.356108374384236,16.49,6.064281382656156,5.494281382656156,115.0,,
2022-06-27,,,,,,,,112.0,,
2022-06-28,,,,,,,,121.0,,
2022-06-29,,,,,,,,119.0,,
2022-06-30,,,,,,,,116.0,,
2022-07-01,19.55,0.54,5.115089514066496,4.575089514066496,16.17,6.184291898577612,5.644291898577612,95.0,,24.2
2022-07-05,,,,,,,,82.0,,
2022-07-06,,,,,,,,86.0,,
2022-07-07,,,,,,,,84.00000000000001,,
2022-07-08,20.46,0.72,4.887585532746823,4.167585532746823,16.46,6.075334143377885,5.355334143377886,87.0,,
2022-07-11,,,,,,,,79.0,,
2022-07-12,,,,,,,,78.0,,
2022-07-13,,,,,,,,70.0,,
2022-07-14,,,,,,,,68.0,,
2022-07-15,20.27,0.57,4.93339911198816,4.363399111988159,16.34,6.119951040391677,5.549951040391677,62.99999999999999,,
2022-07-18,,,,,,,,65.99999999999999,,
2022-07-19,,,,,,,,62.0,,
2022-07-20,,,,,,,,73.0,,
2022-07-21,,,,,,,,70.0,,
2022-07-22,20.95,0.43,4.773269689737471,4.343269689737471,16.76,5.966587112171837,5.536587112171837,51.0,,
2022-07-25,,,,,,,,55.00000000000001,,
2022-07-26,,,,,,,,53.0,,
2022-07-27,,,,,,,,42.0,,
2022-07-28,,,,,,,,32.0,,
2022-07-29,22.3,0.14,4.484304932735426,4.344304932735426,17.62,5.675368898978434,5.535368898978434,13.0,,
2022-08-01,,,,,,,,8.0,,
2022-08-02,,,,,,,,9.000000000000002,,
2022-08-03,,,,,,,,9.0,,
2022-08-04,,,,,,,,15.0,,
2022-08-05,22.79,0.37,4.3878894251864855,4.017889425186485,17.67,5.659309564233163,5.289309564233163,19.0,,
2022-08-08,,,,,,,,2.9999999999999973,,
2022-08-09,,,,,,,,3.0000000000000027,,
2022-08-10,,,,,,,,0.9999999999999952,,
2022-08-11,,,,,,,,19.000000000000004,,
2022-08-12,23.54,0.37,4.248088360237893,3.878088360237893,18.27,5.473453749315818,5.103453749315818,12.0,,
2022-08-15,,,,,,,,10.999999999999998,,
2022-08-16,,,,,,,,18.0,,
2022-08-17,,,,,,,,15.999999999999998,,
2022-08-18,,,,,,,,19.0,,
2022-08-19,22.96,0.43,4.355400696864112,3.925400696864112,18.03,5.546311702717692,5.1163117027176925,18.0,,
2022-08-22,,,,,,,,23.0,,
2022-08-23,,,,,,,,21.0,,
2022-08-24,,,,,,,,28.000000000000004,,
2022-08-25,,,,,,,,24.0,,
2022-08-26,21.92,0.47,4.562043795620437,4.092043795620437,17.32,5.773672055427252,5.303672055427252,34.0,,
2022-08-29,,,,,,,,43.00000000000001,,
2022-08-30,,,,,,,,45.00000000000001,,
2022-08-31,,,,,,,,46.00000000000001,,
2022-09-01,,,,,,,,52.0,,
2022-09-02,20.99,0.73,4.76417341591234,4.03417341591234,16.73,5.977286312014345,5.247286312014346,47.0,,
2022-09-06,,,,,,,,56.99999999999999,,
2022-09-07,,,,,,,,56.99999999999999,,
2022-09-08,,,,,,,,60.0,,
2022-09-09,21.8,0.91,4.587155963302752,3.677155963302752,17.33,5.770340450086556,4.860340450086556,62.000000000000014,,
2022-09-12,,,,,,,,55.99999999999999,,
2022-09-13,,,,,,,,29.000000000000004,,
2022-09-14,,,,,,,,5.999999999999995,,
2022-09-15,,,,,,,,39.0,,
2022-09-16,20.53,1.07,4.870920603994155,3.8009206039941534,16.5,6.0606060606060606,4.99060606060606,41.0,,
2022-09-19,,,,,,,,47.99999999999999,,
2022-09-20,,,,,,,,49.99999999999999,,
2022-09-21,,,,,,,,42.99999999999999,,
2022-09-22,,,,,,,,67.0,,
2022-09-23,19.47,1.32,5.136106831022086,3.816106831022085,15.71,6.365372374283895,5.045372374283895,73.00000000000001,,
2022-09-26,,,,,,,,99.0,,
2022-09-27,,,,,,,,99.0,,
2022-09-28,,,,,,,,67.0,,
2022-09-29,,,,,,,,83.0,,
2022-09-30,18.89,1.68,5.293806246691371,3.613806246691372,15.28,6.544502617801047,4.864502617801048,103.0,,
2022-10-01,,,,,,,,,,39.1
2022-10-03,,,,,,,,88.99999999999999,,
2022-10-04,,,,,,,,83.99999999999999,,
2022-10-05,,,,,,,,102.0,,
2022-10-06,,,,,,,,97.0,,
2022-10-07,19.11,1.62,5.232862375719519,3.6128623757195184,15.52,6.443298969072165,4.823298969072165,94.0,,
2022-10-11,,,,,,,,95.0,,
2022-10-12,,,,,,,,98.0,,
2022-10-13,,,,,,,,103.0,,
2022-10-14,18.56,1.59,5.387931034482759,3.797931034482759,15.33,6.523157208088715,4.933157208088715,97.0,,
2022-10-17,,,,,,,,100.0,,
2022-10-18,,,,,,,,101.00000000000004,,
2022-10-19,,,,,,,,110.0,,
2022-10-20,,,,,,,,107.0,,
2022-10-21,19.72,1.69,5.070993914807302,3.3809939148073025,16.13,6.199628022318661,4.509628022318662,111.0,,
2022-10-24,,,,,,,,123.0,,
2022-10-25,,,,,,,,114.0,,
2022-10-26,,,,,,,,115.0,,
2022-10-27,,,,,,,,115.0,,
2022-10-28,20.69,1.51,4.833252779120348,3.323252779120348,16.96,5.89622641509434,4.38622641509434,131.0,,
2022-10-31,,,,,,,,144.0,,
2022-11-01,,,,,,,,147.0,,
2022-11-02,,,,,,,,130.0,,
2022-11-03,,,,,,,,151.0,,
2022-11-04,19.63,1.69,5.094243504839532,3.404243504839532,16.43,6.086427267194157,4.3964272671941576,147.0,,
2022-11-07,,,,,,,,131.99999999999997,,
2022-11-08,,,,,,,,135.0,,
2022-11-09,,,,,,,,137.0,,
2022-11-10,,,,,,,,108.0,,
2022-11-11,21.39,1.43,4.675081813931744,3.245081813931744,17.46,5.72737686139748,4.29737686139748,,,
2022-11-14,,,,,,,,114.0,,
2022-11-15,,,,,,,,110.0,,
2022-11-16,,,,,,,,100.0,,
2022-11-17,,,,,,,,106.0,,
2022-11-18,21.14,1.57,4.7303689687795645,3.160368968779564,17.35,5.763688760806916,4.193688760806916,121.0,,
2022-11-21,,,,,,,,109.0,,
2022-11-22,,,,,,,,98.0,,
2022-11-23,,,,,,,,92.0,,
2022-11-25,21.33,1.36,4.688232536333802,3.328232536333802,17.61,5.6785917092561045,4.318591709256104,93.0,,
2022-11-28,,,,,,,,96.0,,
2022-11-29,,,,,,,,96.0,,
2022-11-30,,,,,,,,78.0,,
2022-12-01,,,,,,,,35.999999999999986,,
2022-12-02,21.75,1.08,4.597701149425287,3.517701149425287,17.82,5.611672278338945,4.531672278338945,35.00000000000001,,
2022-12-05,,,,,,,,48.0,,
2022-12-06,,,,,,,,35.0,,
2022-12-07,,,,,,,,34.0,,
2022-12-08,,,,,,,,32.0,,
2022-12-09,20.95,1.31,4.773269689737471,3.46326968973747,17.24,5.80046403712297,4.490464037122971,40.0,,
2022-12-12,,,,,,,,38.000000000000014,,
2022-12-13,,,,,,,,29.000000000000004,,
2022-12-14,,,,,,,,35.00000000000001,,
2022-12-15,,,,,,,,26.0,,
2022-12-16,20.36,1.35,4.911591355599215,3.5615913555992145,16.89,5.920663114268798,4.570663114268799,28.000000000000004,,
2022-12-19,,,,,,,,27.0,,
2022-12-20,,,,,,,,28.000000000000004,,
2022-12-21,,,,,,,,28.000000000000004,,
2022-12-22,,,,,,,,19.0,,
2022-12-23,20.17,1.55,4.957858205255329,3.407858205255329,16.8,5.9523809523809526,4.402380952380953,23.0,,
2022-12-27,,,,,,,,-5.999999999999983,,
2022-12-28,,,,,,,,21.000000000000018,,
2022-12-29,,,,,,,,-1.0000000000000009,,
2022-12-30,20.07,1.58,4.982561036372696,3.4025610363726955,16.78,5.959475566150179,4.3794755661501785,-9.999999999999986,,
2023-01-01,,,,,,,,,,44.8
2023-01-03,,,,,,,,10.000000000000009,,
2023-01-04,,,,,,,,9.000000000000007,,
2023-01-05,,,,,,,,-5.000000000000004,,
2023-01-06,20.29,1.34,4.928536224741252,3.588536224741252,17.03,5.871990604815032,4.531990604815032,-27.0,,
2023-01-09,,,,,,,,-31.000000000000007,,
2023-01-10,,,,,,,,-25.0,,
2023-01-11,,,,,,,,-31.000000000000007,,
2023-01-12,,,,,,,,-40.000000000000014,,
2023-01-13,21.25,1.31,4.705882352941177,3.395882352941177,17.5,5.714285714285714,4.404285714285715,-31.999999999999982,,
2023-01-17,,,,,,,,-21.0,,
2023-01-18,,,,,,,,-35.00000000000001,,
2023-01-19,,,,,,,,-53.0,,
2023-01-20,21.41,1.25,4.670714619336758,3.420714619336758,17.45,5.730659025787966,4.480659025787966,-48.0,,
2023-01-23,,,,,,,,-44.99999999999999,,
2023-01-24,,,,,,,,-47.0,,
2023-01-25,,,,,,,,-42.000000000000014,,
2023-01-26,,,,,,,,-44.000000000000014,,
2023-01-27,22.7,1.19,4.405286343612335,3.215286343612336,18.03,5.546311702717692,4.356311702717692,-32.00000000000001,,
2023-01-30,,,,,,,,-25.0,,
2023-01-31,,,,,,,,-30.000000000000004,,
2023-02-01,,,,,,,,-42.000000000000014,,
2023-02-02,,,,,,,,-39.000000000000014,,
2023-02-03,23.51,1.31,4.253509145044662,2.9435091450446618,18.38,5.44069640914037,4.13069640914037,-42.99999999999999,,
2023-02-06,,,,,,,,-31.000000000000007,,
2023-02-07,,,,,,,,-32.999999999999986,,
2023-02-08,,,,,,,,-34.999999999999986,,
2023-02-09,,,,,,,,-35.999999999999986,,
2023-02-10,23.01,1.41,4.34593654932638,2.93593654932638,18.19,5.497526113249037,4.087526113249037,-2.0000000000000018,,
2023-02-13,,,,,,,,-2.0000000000000018,,
2023-02-14,,,,,,,,-5.000000000000004,,
2023-02-15,,,,,,,,1.0000000000000009,,
2023-02-16,,,,,,,,11.00000000000001,,
2023-02-17,23.01,1.46,4.34593654932638,2.88593654932638,18.15,5.5096418732782375,4.0496418732782375,-3.0000000000000027,,
2023-02-21,,,,,,,,1.0000000000000009,,
2023-02-22,,,,,,,,8.000000000000007,,
2023-02-23,,,,,,,,10.000000000000009,,
2023-02-24,22.28,1.57,4.488330341113106,2.918330341113106,17.69,5.6529112492933855,4.082911249293385,18.000000000000014,,
2023-02-27,,,,,,,,20.0,,
2023-02-28,,,,,,,,6.000000000000005,,
2023-03-01,,,,,,,,40.000000000000014,,
2023-03-02,,,,,,,,52.0,,
2023-03-03,22.85,1.45,4.3763676148796495,2.9263676148796494,17.94,5.574136008918617,4.124136008918617,36.99999999999999,,
2023-03-06,,,,,,,,29.000000000000004,,
2023-03-07,,,,,,,,43.000000000000014,,
2023-03-08,,,,,,,,46.0,,
2023-03-09,,,,,,,,31.999999999999982,,
2023-03-10,21.95,1.44,4.555808656036446,3.1158086560364464,17.13,5.837711617046118,4.397711617046118,12.99999999999999,,
2023-03-13,,,,,,,,4.000000000000004,,
2023-03-14,,,,,,,,3.0000000000000027,,
2023-03-15,,,,,,,,-6.000000000000005,,
2023-03-16,,,,,,,,-1.0000000000000009,,
2023-03-17,23.16,1.29,4.317789291882556,3.027789291882556,17.37,5.757052389176741,4.467052389176741,-6.000000000000005,,
2023-03-20,,,,,,,,-11.99999999999999,,
2023-03-21,,,,,,,,-4.999999999999982,,
2023-03-22,,,,,,,,-28.000000000000004,,
2023-03-23,,,,,,,,-36.00000000000001,,
2023-03-24,23.47,1.16,4.26075841499787,3.1007584149978697,17.6,5.681818181818182,4.5218181818181815,-39.000000000000014,,
2023-03-27,,,,,,,,-29.000000000000004,,
2023-03-28,,,,,,,,-36.00000000000001,,
2023-03-29,,,,,,,,-32.00000000000001,,
2023-03-30,,,,,,,,-37.000000000000014,,
2023-03-31,24.22,1.16,4.128819157720892,2.968819157720892,18.22,5.488474204171241,4.328474204171241,-42.000000000000014,,
2023-04-01,,,,,,,,,,46.0
2023-04-03,,,,,,,,-39.000000000000014,,
2023-04-04,,,,,,,,-36.99999999999999,,
2023-04-05,,,,,,,,-41.99999999999999,,
2023-04-06,,,,,,,,-28.000000000000004,,
2023-04-07,23.93,1.14,4.178854993731718,3.038854993731718,18.22,5.488474204171241,4.348474204171241,-20.000000000000018,,
2023-04-10,,,,,,,,-23.00000000000002,,
2023-04-11,,,,,,,,-17.000000000000014,,
2023-04-12,,,,,,,,-8.000000000000007,,
2023-04-13,,,,,,,,-15.000000000000014,,
2023-04-14,23.93,1.22,4.178854993731718,2.958854993731718,18.38,5.44069640914037,4.220696409140371,-9.000000000000007,,
2023-04-17,,,,,,,,-8.000000000000007,,
2023-04-18,,,,,,,,5.000000000000004,,
2023-04-19,,,,,,,,13.00000000000001,,
2023-04-20,,,,,,,,3.0000000000000027,,
2023-04-21,23.77,1.29,4.206983592763988,2.916983592763988,18.36,5.446623093681917,4.156623093681917,4.000000000000004,,
2023-04-24,,,,,,,,5.000000000000004,,
2023-04-25,,,,,,,,-2.0000000000000018,,
2023-04-26,,,,,,,,2.0000000000000018,,
2023-04-27,,,,,,,,7.000000000000006,,
2023-04-28,24.04,1.26,4.159733777038269,2.8997337770382696,18.41,5.431830526887561,4.171830526887561,7.000000000000006,,
2023-05-01,,,,,,,,22.00000000000002,,
2023-05-02,,,,,,,,6.000000000000005,,
2023-05-03,,,,,,,,-13.00000000000001,,
2023-05-04,,,,,,,,-13.00000000000001,,
2023-05-05,24.11,1.23,4.14765657403567,2.91765657403567,18.23,5.4854635216675804,4.255463521667581,-8.000000000000007,,
2023-05-08,,,,,,,,0.0,,
2023-05-09,,,,,,,,-4.000000000000004,,
2023-05-10,,,,,,,,-14.999999999999991,,
2023-05-11,,,,,,,,-17.999999999999993,,
2023-05-12,24.18,1.28,4.13564929693962,2.855649296939619,18.19,5.497526113249037,4.217526113249037,-12.99999999999999,,
2023-05-15,,,,,,,,-14.999999999999991,,
2023-05-16,,,,,,,,-13.99999999999999,,
2023-05-17,,,,,,,,-10.999999999999988,,
2023-05-18,,,,,,,,-4.000000000000004,,
2023-05-19,25.01,1.46,3.9984006397441023,2.5384006397441023,18.49,5.408328826392645,3.948328826392645,0.0,,
2023-05-22,,,,,,,,-4.000000000000004,,
2023-05-23,,,,,,,,-5.000000000000004,,
2023-05-24,,,,,,,,-9.000000000000007,,
2023-05-25,,,,,,,,1.0000000000000009,,
2023-05-26,25.52,1.57,3.918495297805643,2.348495297805643,18.46,5.417118093174431,3.847118093174431,0.0,,
2023-05-30,,,,,,,,-2.0000000000000018,,
2023-05-31,,,,,,,,-3.0000000000000027,,
2023-06-01,,,,,,,,-12.00000000000001,,
2023-06-02,25.86,1.51,3.8669760247486464,2.356976024748646,18.78,5.324813631522896,3.814813631522896,-9.000000000000007,,
2023-06-05,,,,,,,,5.000000000000004,,
2023-06-06,,,,,,,,1.0000000000000009,,
2023-06-07,,,,,,,,-1.0000000000000009,,
2023-06-08,,,,,,,,-12.99999999999999,,
2023-06-09,25.83,1.55,3.8714672861014328,2.3214672861014325,18.81,5.31632110579479,3.7663211057947903,-7.999999999999985,,
2023-06-12,,,,,,,,12.00000000000001,,
2023-06-13,,,,,,,,32.999999999999986,,
2023-06-14,,,,,,,,29.000000000000004,,
2023-06-15,,,,,,,,29.000000000000004,,
2023-06-16,26.75,1.55,3.7383177570093458,2.188317757009345,19.28,5.186721991701244,3.636721991701244,21.0,,
2023-06-20,,,,,,,,19.0,,
2023-06-21,,,,,,,,14.999999999999991,,
2023-06-22,,,,,,,,36.00000000000001,,
2023-06-23,25.95,1.53,3.8535645472061657,2.323564547206166,18.94,5.279831045406547,3.7498310454065455,34.00000000000001,,
2023-06-26,,,,,,,,38.000000000000014,,
2023-06-27,,,,,,,,28.000000000000004,,
2023-06-28,,,,,,,,29.000000000000004,,
2023-06-29,,,,,,,,40.99999999999999,,
2023-06-30,26.44,1.59,3.7821482602118,2.1921482602118,19.39,5.157297576070139,3.567297576070139,38.000000000000014,,
2023-07-01,,,,,,,,,,50.8
2023-07-03,,,,,,,,47.00000000000002,,
2023-07-05,,,,,,,,61.99999999999999,,
2023-07-06,,,,,,,,72.0,,
2023-07-07,26.11,1.79,3.8299502106472616,2.0399502106472616,19.16,5.219206680584551,3.429206680584551,65.00000000000001,,
2023-07-10,,,,,,,,62.000000000000014,,
2023-07-11,,,,,,,,61.00000000000001,,
2023-07-12,,,,,,,,46.00000000000002,,
2023-07-13,,,,,,,,36.00000000000001,,
2023-07-14,26.92,1.59,3.714710252600297,2.124710252600297,19.66,5.08646998982706,3.49646998982706,37.000000000000014,,
2023-07-17,,,,,,,,28.000000000000004,,
2023-07-18,,,,,,,,27.0,,
2023-07-19,,,,,,,,21.0,,
2023-07-20,,,,,,,,22.0,,
2023-07-21,26.68,1.49,3.748125937031484,2.258125937031484,19.79,5.053057099545225,3.563057099545225,20.0,,
2023-07-24,,,,,,,,24.0,,
2023-07-25,,,,,,,,37.000000000000014,,
2023-07-26,,,,,,,,32.00000000000001,,
2023-07-27,,,,,,,,37.99999999999999,,
2023-07-28,25.84,1.58,3.869969040247678,2.289969040247678,19.88,5.030181086519115,3.450181086519115,32.00000000000001,,
2023-07-31,,,,,,,,34.00000000000001,,
2023-08-01,,,,,,,,31.999999999999982,,
2023-08-02,,,,,,,,48.0,,
2023-08-03,,,,,,,,65.00000000000001,,
2023-08-04,24.91,1.67,4.014452027298273,2.3444520272982734,19.33,5.173305742369375,3.503305742369375,49.0,,
2023-08-07,,,,,,,,44.99999999999999,,
2023-08-08,,,,,,,,36.99999999999999,,
2023-08-09,,,,,,,,35.999999999999986,,
2023-08-10,,,,,,,,50.0,,
2023-08-11,24.41,1.8,4.096681687832856,2.296681687832856,19.24,5.197505197505198,3.3975051975051977,57.00000000000001,,
2023-08-14,,,,,,,,55.00000000000001,,
2023-08-15,,,,,,,,57.99999999999999,,
2023-08-16,,,,,,,,60.99999999999999,,
2023-08-17,,,,,,,,61.99999999999999,,
2023-08-18,23.72,1.94,4.2158516020236085,2.2758516020236086,18.71,5.344735435595938,3.404735435595938,52.0,,
2023-08-21,,,,,,,,54.0,,
2023-08-22,,,,,,,,51.0,,
2023-08-23,,,,,,,,40.000000000000014,,
2023-08-24,,,,,,,,42.99999999999999,,
2023-08-25,23.86,1.92,4.191114836546522,2.2711148365465217,18.73,5.339028296849973,3.419028296849973,33.999999999999986,,
2023-08-28,,,,,,,,32.999999999999986,,
2023-08-29,,,,,,,,26.0,,
2023-08-30,,,,,,,,39.000000000000014,,
2023-08-31,,,,,,,,39.000000000000014,,
2023-09-01,24.56,1.92,4.071661237785016,2.1516612377850164,19.17,5.216484089723526,3.296484089723526,47.0,,
2023-09-05,,,,,,,,48.0,,
2023-09-06,,,,,,,,50.0,,
2023-09-07,,,,,,,,36.99999999999999,,
2023-09-08,24.12,1.93,4.1459369817578775,2.215936981757878,18.88,5.296610169491526,3.3666101694915262,39.99999999999999,,
2023-09-11,,,,,,,,38.99999999999999,,
2023-09-12,,,,,,,,36.99999999999999,,
2023-09-13,,,,,,,,26.0,,
2023-09-14,,,,,,,,32.999999999999986,,
2023-09-15,23.91,1.98,4.182350480970305,2.202350480970305,18.82,5.313496280552603,3.333496280552603,47.0,,
2023-09-18,,,,,,,,40.99999999999999,,
2023-09-19,,,,,,,,44.99999999999999,,
2023-09-20,,,,,,,,48.0,,
2023-09-21,,,,,,,,59.99999999999999,,
2023-09-22,23.01,2.07,4.34593654932638,2.27593654932638,18.22,5.488474204171241,3.418474204171241,50.99999999999998,,
2023-09-25,,,,,,,,65.00000000000001,,
2023-09-26,,,,,,,,69.0,,
2023-09-27,,,,,,,,70.0,,
2023-09-28,,,,,,,,67.00000000000001,,
2023-09-29,22.97,2.24,4.3535045711798,2.1135045711798,18.06,5.537098560354375,3.2970985603543745,59.00000000000003,,
2023-10-01,,,,,,,,,,33.9
2023-10-02,,,,,,,,74.99999999999997,,
2023-10-03,,,,,,,,84.00000000000001,,
2023-10-04,,,,,,,,78.99999999999999,,
2023-10-05,,,,,,,,72.00000000000001,,
2023-10-06,23.28,2.47,4.29553264604811,1.8255326460481096,18.12,5.518763796909492,3.048763796909492,69.00000000000001,,
2023-10-10,,,,,,,,57.99999999999999,,
2023-10-11,,,,,,,,50.99999999999998,,
2023-10-12,,,,,,,,75.99999999999997,,
2023-10-13,23.25,2.29,4.301075268817204,2.011075268817204,18.17,5.50357732526142,3.2135773252614195,77.0,,
2023-10-16,,,,,,,,74.0,,
2023-10-17,,,,,,,,85.99999999999999,,
2023-10-18,,,,,,,,90.00000000000001,,
2023-10-19,,,,,,,,96.0,,
2023-10-20,22.53,2.46,4.438526409232135,1.9785264092321349,17.75,5.633802816901408,3.173802816901408,96.0,,
2023-10-23,,,,,,,,96.0,,
2023-10-24,,,,,,,,95.0,,
2023-10-25,,,,,,,,100.0,,
2023-10-26,,,,,,,,94.0,,
2023-10-27,21.79,2.42,4.589261128958238,2.1692611289582384,17.28,5.787037037037036,3.3670370370370364,78.0,,
2023-10-30,,,,,,,,85.99999999999999,,
2023-10-31,,,,,,,,85.99999999999999,,
2023-11-01,,,,,,,,68.0,,
2023-11-02,,,,,,,,55.00000000000001,,
2023-11-03,23.18,2.18,4.3140638481449525,2.1340638481449523,18.24,5.482456140350878,3.302456140350877,35.00000000000001,,
2023-11-06,,,,,,,,58.00000000000001,,
2023-11-07,,,,,,,,51.0,,
2023-11-08,,,,,,,,49.0,,
2023-11-09,,,,,,,,63.000000000000014,,
2023-11-10,23.8,2.29,4.201680672268908,1.911680672268908,18.59,5.3792361484669176,3.089236148466917,53.0,,
2023-11-13,,,,,,,,51.99999999999998,,
2023-11-14,,,,,,,,33.00000000000001,,
2023-11-15,,,,,,,,33.00000000000003,,
2023-11-16,,,,,,,,22.00000000000002,,
2023-11-17,24.14,2.16,4.142502071251036,1.9825020712510355,18.88,5.296610169491526,3.136610169491526,19.000000000000018,,
2023-11-20,,,,,,,,18.000000000000014,,
2023-11-21,,,,,,,,16.000000000000014,,
2023-11-22,,,,,,,,17.000000000000014,-3.000000000000025,
2023-11-23,,,,,,,,,-2.0000000000000018,
2023-11-24,24.13,2.21,4.144218814753419,1.934218814753419,18.99,5.265929436545551,3.0559294365455507,30.000000000000004,-6.000000000000005,
2023-11-27,,,,,,,,26.00000000000002,-0.9999999999999788,
2023-11-28,,,,,,,,22.00000000000002,4.000000000000004,
2023-11-29,,,,,,,,23.0,-7.000000000000028,
2023-11-30,,,,,,,,28.000000000000004,4.000000000000004,
2023-12-01,24.02,2.0,4.163197335553705,2.163197335553705,19.1,5.235602094240837,3.235602094240837,8.000000000000007,6.000000000000005,
2023-12-04,,,,,,,,14.999999999999991,-1.000000000000023,
2023-12-05,,,,,,,,2.9999999999999805,-3.000000000000025,
2023-12-06,,,,,,,,-2.0000000000000018,-6.999999999999984,
2023-12-07,,,,,,,,2.0000000000000018,-12.99999999999999,
2023-12-08,23.94,2.02,4.177109440267335,2.157109440267335,19.09,5.238344683080147,3.2183446830801468,9.000000000000007,-10.000000000000009,
2023-12-11,,,,,,,,10.000000000000009,-2.9999999999999805,
2023-12-12,,,,,,,,11.00000000000001,-8.000000000000007,
2023-12-13,,,,,,,,-2.0000000000000018,-6.000000000000005,
2023-12-14,,,,,,,,-25.0,-30.99999999999996,
2023-12-15,24.65,1.69,4.056795131845842,2.366795131845842,19.59,5.104645227156713,3.4146452271567127,-29.000000000000004,-28.000000000000025,
2023-12-18,,,,,,,,-22.0,-31.000000000000007,
2023-12-19,,,,,,,,-26.0,-35.999999999999986,
2023-12-20,,,,,,,,-33.00000000000001,-33.999999999999986,
2023-12-21,,,,,,,,-40.99999999999999,-48.0,
2023-12-22,24.78,1.71,4.035512510088781,2.325512510088781,19.71,5.073566717402334,3.3635667174023336,-35.999999999999986,-54.0,
2023-12-26,,,,,,,,-52.0,-67.0,
2023-12-27,,,,,,,,-63.000000000000014,-69.00000000000004,
2023-12-28,,,,,,,,-52.00000000000002,-77.0,
2023-12-29,24.75,1.72,4.040404040404041,2.320404040404041,19.73,5.06842372022301,3.3484237202230105,-52.00000000000002,-69.00000000000004,
2023-12-31,,,,,,,,,-64.00000000000001,
2024-01-01,,,,,,,,,,14.5
2024-01-02,,,,,,,,-59.99999999999999,-57.00000000000003,
2024-01-03,,,,,,,,-74.00000000000003,-54.99999999999999,
2024-01-04,,,,,,,,-62.99999999999999,-68.00000000000001,
2024-01-05,23.89,1.83,4.185851820845542,2.355851820845542,19.39,5.157297576070139,3.327297576070139,-58.00000000000001,-69.99999999999997,
2024-01-08,,,,,,,,-68.00000000000001,-70.00000000000001,
2024-01-09,,,,,,,,-67.00000000000001,-75.0,
2024-01-10,,,,,,,,-51.99999999999998,-75.99999999999997,
2024-01-11,,,,,,,,-49.99999999999998,-70.00000000000001,
2024-01-12,24.59,1.69,4.06669377795852,2.37669377795852,19.75,5.063291139240507,3.3732911392405067,-67.0,-69.0,
2024-01-15,,,,,,,,,-75.99999999999997,
2024-01-16,,,,,,,,-56.00000000000001,-68.99999999999994,
2024-01-17,,,,,,,,-61.99999999999999,-62.99999999999999,
2024-01-18,,,,,,,,-67.00000000000001,-74.00000000000003,
2024-01-19,25.22,1.81,3.965107057890563,2.155107057890563,19.95,5.012531328320803,3.2025313283208026,-68.00000000000001,-83.0,
2024-01-22,,,,,,,,-65.99999999999999,-102.99999999999994,
2024-01-23,,,,,,,,-60.00000000000001,-100.0,
2024-01-24,,,,,,,,-55.00000000000003,-97.0,
2024-01-25,,,,,,,,-67.0,-92.0,
2024-01-26,25.53,1.85,3.916960438699569,2.066960438699569,20.23,4.943153732081068,3.093153732081068,-58.99999999999999,-111.0,
2024-01-29,,,,,,,,-63.99999999999999,-112.0,
2024-01-30,,,,,,,,-63.99999999999999,-108.0,
2024-01-31,,,,,,,,-73.0,-83.0,
2024-02-01,,,,,,,,-68.0,-90.99999999999996,
2024-02-02,25.59,1.82,3.907776475185619,2.08777647518562,20.39,4.904364884747425,3.0843648847474245,-44.99999999999999,-68.00000000000001,
2024-02-05,,,,,,,,-28.000000000000025,-54.0,
2024-02-06,,,,,,,,-39.99999999999999,-48.0,
2024-02-07,,,,,,,,-32.999999999999986,-64.99999999999999,
2024-02-08,,,,,,,,-24.0,-70.00000000000001,
2024-02-09,26.05,1.92,3.838771593090211,1.9187715930902112,20.64,4.844961240310077,2.9249612403100773,-37.000000000000014,-71.0,
2024-02-12,,,,,,,,-36.00000000000001,-68.00000000000001,
2024-02-13,,,,,,,,-29.999999999999982,-67.00000000000004,
2024-02-14,,,,,,,,-19.000000000000018,-54.0,
2024-02-15,,,,,,,,-28.000000000000025,-54.0,
2024-02-16,25.53,1.97,3.916960438699569,1.9469604386995687,20.47,4.885197850512946,2.9151978505129463,-21.000000000000018,-67.99999999999997,
2024-02-19,,,,,,,,,-65.00000000000003,
2024-02-20,,,,,,,,-17.000000000000014,-54.99999999999999,
2024-02-21,,,,,,,,-18.000000000000014,-61.00000000000003,
2024-02-22,,,,,,,,-14.000000000000012,-67.99999999999997,
2024-02-23,25.77,1.96,3.880481179666279,1.9204811796662788,20.72,4.826254826254827,2.866254826254827,-20.000000000000018,-67.0,
2024-02-26,,,,,,,,-24.0,-62.000000000000014,
2024-02-27,,,,,,,,-19.000000000000018,-63.00000000000004,
2024-02-28,,,,,,,,-18.000000000000014,-58.99999999999999,
2024-02-29,,,,,,,,-14.000000000000012,-50.99999999999998,
2024-03-01,26.25,1.87,3.809523809523809,1.9395238095238088,20.92,4.780114722753345,2.9101147227533453,-12.99999999999999,-55.00000000000003,
2024-03-04,,,,,,,,-19.0,-54.0,
2024-03-05,,,,,,,,-19.99999999999997,-48.99999999999998,
2024-03-06,,,,,,,,-16.999999999999993,-52.0,
2024-03-07,,,,,,,,-15.999999999999991,-50.0,
2024-03-08,25.81,1.81,3.874467260751647,2.064467260751647,20.82,4.803073967339097,2.993073967339097,-21.0,-49.00000000000002,
2024-03-11,,,,,,,,-21.0,-53.00000000000003,
2024-03-12,,,,,,,,-17.999999999999993,-55.99999999999996,
2024-03-13,,,,,,,,1.0000000000000009,-64.00000000000001,
2024-03-14,,,,,,,,29.000000000000004,-32.00000000000003,
2024-03-15,25.4,1.99,3.937007874015748,1.947007874015748,20.75,4.819277108433735,2.829277108433735,30.000000000000004,-34.999999999999964,
2024-03-18,,,,,,,,28.999999999999982,-37.99999999999999,
2024-03-19,,,,,,,,26.0,-35.999999999999986,
2024-03-20,,,,,,,,29.000000000000004,-29.000000000000004,
2024-03-21,,,,,,,,23.0,-36.00000000000003,
2024-03-22,26.03,1.87,3.8417210910487896,1.9717210910487888,21.12,4.734848484848484,2.8648484848484843,16.000000000000014,-31.000000000000007,
2024-03-25,,,,,,,,21.0,-28.000000000000025,
2024-03-26,,,,,,,,21.0,-22.00000000000002,
2024-03-27,,,,,,,,24.0,-18.999999999999996,
2024-03-28,,,,,,,,20.0,-19.99999999999997,
2024-03-29,25.68,1.88,3.894080996884736,2.0140809968847355,21.12,4.734848484848484,2.8548484848484845,,,
2024-03-31,,,,,,,,,-24.00000000000002,
2024-04-01,,,,,,,,26.0,-27.0,15.6
2024-04-02,,,,,,,,26.0,-31.000000000000007,
2024-04-03,,,,,,,,29.000000000000004,-48.0,
2024-04-04,,,,,,,,20.0,-44.99999999999997,
2024-04-05,25.43,2.02,3.932363350373575,1.9123633503735744,20.86,4.793863854266539,2.77386385426654,19.0,-50.0,
2024-04-08,,,,,,,,25.0,-48.0,
2024-04-09,,,,,,,,20.0,-44.99999999999997,
2024-04-10,,,,,,,,32.999999999999986,-39.99999999999999,
2024-04-11,,,,,,,,40.000000000000014,-38.99999999999997,
2024-04-12,25.29,2.11,3.954132068011072,1.844132068011072,20.52,4.8732943469785575,2.7632943469785576,41.99999999999999,-31.000000000000007,
2024-04-15,,,,,,,,51.00000000000002,-26.00000000000002,
2024-04-16,,,,,,,,47.00000000000002,-22.00000000000002,
2024-04-17,,,,,,,,40.000000000000014,-20.000000000000018,
2024-04-18,,,,,,,,44.000000000000014,-18.999999999999996,
2024-04-19,23.91,2.21,4.182350480970305,1.972350480970305,19.82,5.045408678102926,2.835408678102926,39.99999999999999,-16.999999999999993,
2024-04-22,,,,,,,,40.99999999999999,-20.000000000000018,
2024-04-23,,,,,,,,35.00000000000001,-30.99999999999996,
2024-04-24,,,,,,,,36.00000000000003,-25.0,
2024-04-25,,,,,,,,42.99999999999997,-21.0,
2024-04-26,24.78,2.24,4.035512510088781,1.7955125100887803,20.28,4.930966469428007,2.690966469428007,39.000000000000014,-23.0,
2024-04-29,,,,,,,,44.000000000000014,-29.000000000000004,
2024-04-30,,,,,,,,47.99999999999998,-23.99999999999998,
2024-05-01,,,,,,,,57.00000000000001,-35.00000000000001,
2024-05-02,,,,,,,,38.99999999999999,-31.000000000000007,
2024-05-03,24.9,2.15,4.016064257028113,1.8660642570281127,20.3,4.926108374384237,2.7761083743842367,32.999999999999986,-39.000000000000014,
2024-05-06,,,,,,,,29.000000000000004,-49.00000000000002,
2024-05-07,,,,,,,,28.999999999999982,-37.000000000000014,
2024-05-08,,,,,,,,26.0,-27.99999999999998,
2024-05-09,,,,,,,,21.0,-18.999999999999996,
2024-05-10,25.16,2.16,3.97456279809221,1.8145627980922097,20.65,4.842615012106537,2.6826150121065373,24.00000000000002,-21.0,
2024-05-13,,,,,,,,12.99999999999999,-21.99999999999997,
2024-05-14,,,,,,,,15.000000000000014,-23.99999999999998,
2024-05-15,,,,,,,,10.999999999999988,-22.00000000000002,
2024-05-16,,,,,,,,9.999999999999986,-25.99999999999998,
2024-05-17,25.57,2.1,3.910833007430583,1.8108330074305825,20.92,4.780114722753345,2.6801147227533453,13.00000000000001,-25.0,
2024-05-20,,,,,,,,15.999999999999991,-30.00000000000003,
2024-05-21,,,,,,,,10.999999999999988,-27.0,
2024-05-22,,,,,,,,8.000000000000007,-11.000000000000032,
2024-05-23,,,,,,,,21.0,-12.99999999999999,
2024-05-24,25.7,2.14,3.891050583657588,1.7510505836575874,20.83,4.800768122899664,2.660768122899664,18.000000000000014,-12.00000000000001,
2024-05-27,,,,,,,,,-13.999999999999968,
2024-05-28,,,,,,,,26.00000000000002,-22.00000000000002,
2024-05-29,,,,,,,,33.00000000000001,-14.000000000000012,
2024-05-30,,,,,,,,27.0,-10.000000000000009,
2024-05-31,25.23,2.16,3.963535473642489,1.803535473642489,20.67,4.837929366231252,2.677929366231252,24.00000000000002,-8.999999999999986,
2024-06-03,,,,,,,,21.0,-14.999999999999991,
2024-06-04,,,,,,,,14.000000000000012,-3.999999999999959,
2024-06-05,,,,,,,,17.999999999999993,-10.999999999999988,
2024-06-06,,,,,,,,19.0,-6.999999999999984,
2024-06-07,25.77,2.13,3.880481179666279,1.750481179666279,20.9,4.784688995215311,2.654688995215311,31.999999999999982,-12.00000000000001,
2024-06-10,,,,,,,,35.00000000000001,-10.999999999999988,
2024-06-11,,,,,,,,29.000000000000004,-6.999999999999984,
2024-06-12,,,,,,,,22.99999999999997,-11.000000000000032,
2024-06-13,,,,,,,,13.99999999999999,5.000000000000027,
2024-06-14,26.56,2.03,3.765060240963856,1.7350602409638558,21.18,4.721435316336167,2.691435316336167,3.999999999999981,14.000000000000012,
2024-06-17,,,,,,,,7.000000000000006,9.999999999999964,
2024-06-18,,,,,,,,-2.0000000000000018,11.000000000000032,
2024-06-19,,,,,,,,,14.000000000000012,
2024-06-20,,,,,,,,4.000000000000004,8.999999999999986,
2024-06-21,26.47,2.02,3.777861730260673,1.7578617302606725,21.24,4.708097928436912,2.688097928436912,9.000000000000007,16.000000000000014,
2024-06-24,,,,,,,,15.99999999999997,10.999999999999988,
2024-06-25,,,,,,,,8.999999999999986,8.000000000000007,
2024-06-26,,,,,,,,14.000000000000012,3.000000000000025,
2024-06-27,,,,,,,,14.999999999999991,6.000000000000005,
2024-06-28,26.34,2.08,3.7965072133637054,1.7165072133637054,21.15,4.728132387706856,2.6481323877068563,20.000000000000018,6.000000000000005,
2024-06-30,,,,,,,,,8.999999999999986,
2024-07-01,,,,,,,,18.000000000000014,8.999999999999986,7.9
2024-07-02,,,,,,,,12.99999999999999,0.0,
2024-07-03,,,,,,,,8.999999999999986,2.0000000000000018,
2024-07-04,,,,,,,,,0.9999999999999788,
2024-07-05,27.2,2.0,3.6764705882352944,1.6764705882352944,21.53,4.644681839294008,2.644681839294008,-2.0000000000000018,8.999999999999986,
2024-07-08,,,,,,,,-3.000000000000025,5.000000000000027,
2024-07-09,,,,,,,,4.000000000000004,6.999999999999984,
2024-07-10,,,,,,,,-14.000000000000012,6.999999999999984,
2024-07-11,,,,,,,,-21.000000000000018,2.0000000000000018,
2024-07-12,27.01,1.94,3.702332469455757,1.7623324694557572,21.68,4.612546125461255,2.672546125461255,-16.999999999999993,-6.000000000000005,
2024-07-15,,,,,,,,-24.00000000000002,-14.999999999999991,
2024-07-16,,,,,,,,-33.00000000000003,-27.99999999999998,
2024-07-17,,,,,,,,-30.00000000000003,-33.00000000000001,
2024-07-18,,,,,,,,-35.00000000000003,-30.00000000000003,
2024-07-19,25.82,1.93,3.872966692486445,1.9429666924864448,21.2,4.716981132075472,2.7869811320754723,-28.000000000000004,-28.000000000000025,
2024-07-22,,,,,,,,-25.0,-24.00000000000002,
2024-07-23,,,,,,,,-24.00000000000002,-18.000000000000014,
2024-07-24,,,,,,,,-24.00000000000002,-8.999999999999986,
2024-07-25,,,,,,,,-28.999999999999982,-16.000000000000014,
2024-07-26,25.2,1.93,3.968253968253968,2.0382539682539687,20.96,4.770992366412213,2.8409923664122134,-31.00000000000003,-6.000000000000005,
2024-07-29,,,,,,,,-30.00000000000003,0.9999999999999788,
2024-07-30,,,,,,,,-42.99999999999997,2.0000000000000018,
2024-07-31,,,,,,,,-37.99999999999999,6.999999999999984,
2024-08-01,,,,,,,,-46.0,14.000000000000012,
2024-08-02,24.43,1.76,4.093327875562832,2.3333278755628326,20.47,4.885197850512946,3.1251978505129463,-44.99999999999999,56.00000000000001,
2024-08-05,,,,,,,,-43.99999999999999,85.00000000000001,
2024-08-06,,,,,,,,-36.00000000000001,64.00000000000001,
2024-08-07,,,,,,,,-29.999999999999982,50.99999999999998,
2024-08-08,,,,,,,,-29.999999999999982,37.99999999999999,
2024-08-09,24.51,1.84,4.079967360261118,2.239967360261118,20.41,4.899559039686428,3.0595590396864285,-28.999999999999982,35.00000000000001,
2024-08-12,,,,,,,,-37.000000000000014,39.99999999999999,
2024-08-13,,,,,,,,-38.99999999999999,39.99999999999999,
2024-08-14,,,,,,,,-35.00000000000001,31.999999999999982,
2024-08-15,,,,,,,,-24.99999999999998,18.000000000000014,
2024-08-16,25.76,1.81,3.881987577639751,2.071987577639751,21.19,4.719207173194903,2.9092071731949027,-25.99999999999998,21.0,
2024-08-19,,,,,,,,-31.000000000000007,12.00000000000001,
2024-08-20,,,,,,,,-35.999999999999986,18.000000000000014,
2024-08-21,,,,,,,,-36.99999999999999,20.000000000000018,
2024-08-22,,,,,,,,-34.00000000000001,10.000000000000009,
2024-08-23,25.92,1.68,3.858024691358025,2.178024691358025,21.44,4.664179104477611,2.984179104477612,-49.0,8.999999999999986,
2024-08-26,,,,,,,,-47.00000000000002,4.000000000000004,
2024-08-27,,,,,,,,-46.00000000000002,4.999999999999982,
2024-08-28,,,,,,,,-51.00000000000002,10.000000000000009,
2024-08-29,,,,,,,,-54.0,0.0,
2024-08-30,25.59,1.76,3.907776475185619,2.147776475185619,21.41,4.670714619336758,2.9107146193367583,-42.99999999999999,-6.000000000000005,
2024-08-31,,,,,,,,,-3.000000000000025,
2024-09-02,,,,,,,,,-3.000000000000025,
2024-09-03,,,,,,,,-35.00000000000001,14.000000000000012,
2024-09-04,,,,,,,,-32.00000000000001,12.99999999999999,
2024-09-05,,,,,,,,-29.000000000000004,8.999999999999986,
2024-09-06,24.01,1.69,4.164931278633902,2.474931278633902,20.45,4.88997555012225,3.1999755501222498,-31.000000000000007,18.999999999999996,
2024-09-09,,,,,,,,-47.0,21.0,
2024-09-10,,,,,,,,-53.00000000000003,31.000000000000007,
2024-09-11,,,,,,,,-51.0,25.0,
2024-09-12,,,,,,,,-46.0,30.00000000000003,
2024-09-13,25.33,1.58,3.9478878799842088,2.3678878799842087,21.24,4.708097928436912,3.128097928436912,-44.99999999999997,16.999999999999993,
2024-09-16,,,,,,,,-48.99999999999998,2.9999999999999805,
2024-09-17,,,,,,,,-53.0,-0.9999999999999788,
2024-09-18,,,,,,,,-42.99999999999997,-3.000000000000025,
2024-09-19,,,,,,,,-44.99999999999997,-14.000000000000012,
2024-09-20,25.62,1.58,3.9032006245121,2.3232006245121,21.53,4.644681839294008,3.064681839294008,-41.99999999999999,-8.000000000000007,
2024-09-23,,,,,,,,-43.99999999999999,-6.000000000000005,
2024-09-24,,,,,,,,-47.99999999999998,2.0000000000000018,
2024-09-25,,,,,,,,-39.99999999999997,0.0,
2024-09-26,,,,,,,,-43.000000000000014,-4.000000000000004,
2024-09-27,25.82,1.6,3.872966692486445,2.2729666924864445,21.64,4.621072088724584,3.021072088724584,-42.99999999999997,-6.999999999999984,
2024-09-30,,,,,,,,-45.000000000000014,-18.000000000000014,
2024-10-01,,,,,,,,-61.00000000000001,-14.000000000000012,0.0
2024-10-02,,,,,,,,-54.99999999999999,-16.999999999999993,
2024-10-03,,,,,,,,-44.99999999999999,-21.0,
2024-10-04,25.76,1.75,3.881987577639751,2.131987577639751,21.68,4.612546125461255,2.8625461254612548,-33.999999999999986,-35.999999999999986,
2024-10-07,,,,,,,,-24.0,-31.999999999999982,
2024-10-08,,,,,,,,-23.99999999999998,-21.0,
2024-10-09,,,,,,,,-27.0,-27.0,
2024-10-10,,,,,,,,-24.99999999999998,-17.99999999999997,
2024-10-11,25.93,1.75,3.8565368299267258,2.1065368299267258,21.88,4.570383912248629,2.820383912248629,-20.0,-20.000000000000018,
2024-10-14,,,,,,,,,-21.99999999999997,
2024-10-15,,,,,,,,-21.0,-19.99999999999997,
2024-10-16,,,,,,,,-15.999999999999991,-18.000000000000014,
2024-10-17,,,,,,,,-10.999999999999988,-19.99999999999997,
2024-10-18,25.91,1.77,3.85951370127364,2.08951370127364,22.03,4.539264639128461,2.7692646391284605,-11.99999999999999,-21.0,
2024-10-21,,,,,,,,-5.000000000000004,-21.0,
2024-10-22,,,,,,,,-8.999999999999986,-12.99999999999999,
2024-10-23,,,,,,,,-3.0000000000000027,-6.999999999999984,
2024-10-24,,,,,,,,-9.000000000000007,-16.999999999999993,
2024-10-25,25.9,1.96,3.861003861003861,1.901003861003861,21.8,4.587155963302752,2.6271559633027524,-3.0000000000000027,-18.999999999999996,
2024-10-28,,,,,,,,6.000000000000005,-28.000000000000025,
2024-10-29,,,,,,,,6.000000000000005,-27.99999999999998,
2024-10-30,,,,,,,,5.000000000000004,-40.00000000000004,
2024-10-31,,,,,,,,9.999999999999986,-37.000000000000014,
2024-11-01,25.49,2.04,3.9231071008238527,1.883107100823853,21.5,4.651162790697675,2.6111627906976747,25.0,-52.0,
2024-11-04,,,,,,,,26.99999999999998,-85.00000000000001,
2024-11-05,,,,,,,,28.000000000000004,-107.00000000000004,
2024-11-06,,,,,,,,26.0,-92.99999999999996,
2024-11-07,,,,,,,,12.99999999999999,-83.99999999999999,
2024-11-08,26.77,1.95,3.735524841240194,1.7855248412401945,22.44,4.45632798573975,2.50632798573975,7.999999999999985,-85.00000000000001,
2024-11-11,,,,,,,,,-86.00000000000003,
2024-11-12,,,,,,,,29.000000000000004,-91.0,
2024-11-13,,,,,,,,32.999999999999986,-89.99999999999999,
2024-11-14,,,,,,,,33.00000000000001,-85.99999999999999,
2024-11-15,25.75,2.1,3.883495145631068,1.783495145631068,21.92,4.562043795620437,2.462043795620437,30.000000000000004,-58.99999999999999,
2024-11-18,,,,,,,,27.0,-56.99999999999999,
2024-11-19,,,,,,,,25.99999999999998,-52.0,
2024-11-20,,,,,,,,31.000000000000007,-58.00000000000001,
2024-11-21,,,,,,,,36.99999999999999,-66.00000000000001,
2024-11-22,26.14,2.07,3.825554705432288,1.7555547054322878,22.18,4.508566275924256,2.438566275924256,30.999999999999982,-60.00000000000001,
2024-11-25,,,,,,,,30.000000000000004,-54.99999999999999,
2024-11-26,,,,,,,,35.00000000000001,-46.99999999999997,
2024-11-27,,,,,,,,31.000000000000007,-48.0,
2024-11-28,,,,,,,,,-50.0,
2024-11-29,26.24,1.92,3.8109756097560976,1.8909756097560977,22.37,4.470272686633884,2.5502726866338845,21.0,-42.99999999999997,
2024-11-30,,,,,,,,,-38.99999999999997,
2024-12-02,,,,,,,,16.999999999999993,-48.99999999999998,
2024-12-03,,,,,,,,22.0,-64.99999999999999,
2024-12-04,,,,,,,,20.0,-69.0,
2024-12-05,,,,,,,,22.0,-62.99999999999999,
2024-12-06,26.98,1.91,3.7064492216456633,1.7964492216456631,22.54,4.436557231588288,2.526557231588288,22.0,-72.00000000000001,
2024-12-09,,,,,,,,27.0,-69.0,
2024-12-10,,,,,,,,30.000000000000004,-79.0,
2024-12-11,,,,,,,,34.999999999999986,-79.99999999999999,
2024-12-12,,,,,,,,37.000000000000014,-73.0,
2024-12-13,27.06,2.07,3.695491500369549,1.6254915003695496,22.34,4.476275738585497,2.406275738585497,48.99999999999998,-69.0,
2024-12-16,,,,,,,,52.99999999999998,-62.99999999999999,
2024-12-17,,,,,,,,55.99999999999999,-50.0,
2024-12-18,,,,,,,,60.00000000000001,-48.0,
2024-12-19,,,,,,,,71.99999999999997,-18.999999999999996,
2024-12-20,26.4,2.23,3.787878787878788,1.557878787878788,21.87,4.572473708276177,2.342473708276177,64.99999999999999,-29.000000000000004,
2024-12-23,,,,,,,,69.0,-29.999999999999982,
2024-12-24,,,,,,,,69.00000000000001,-35.00000000000001,
2024-12-26,,,,,,,,60.00000000000001,-28.000000000000025,
2024-12-27,26.6,2.28,3.7593984962406015,1.4793984962406015,21.92,4.562043795620437,2.2820437956204374,67.99999999999997,-30.00000000000003,
2024-12-30,,,,,,,,61.00000000000003,-8.999999999999986,
2024-12-31,,,,,,,,61.00000000000003,-10.999999999999988,
2025-01-01,,,,,,,,,,6.2
2025-01-02,,,,,,,,64.99999999999999,-18.000000000000014,
2025-01-03,26.35,2.26,3.795066413662239,1.5350664136622392,21.77,4.593477262287552,2.333477262287552,61.99999999999999,-23.0,
2025-01-06,,,,,,,,52.99999999999998,-13.000000000000034,
2025-01-07,,,,,,,,53.0,-16.000000000000014,
2025-01-08,,,,,,,,50.0,-15.000000000000036,
2025-01-09,,,,,,,,52.0,-12.00000000000001,
2025-01-10,25.65,2.34,3.8986354775828462,1.5586354775828464,21.28,4.699248120300752,2.359248120300752,57.99999999999999,-18.000000000000014,
2025-01-13,,,,,,,,58.99999999999999,-12.99999999999999,
2025-01-14,,,,,,,,58.99999999999999,-17.000000000000036,
2025-01-15,,,,,,,,49.00000000000002,-21.0,
2025-01-16,,,,,,,,43.99999999999999,-16.999999999999993,
2025-01-17,26.28,2.2,3.8051750380517504,1.6051750380517502,21.81,4.5850527281063735,2.3850527281063734,41.000000000000014,-25.0,
2025-01-20,,,,,,,,,-23.99999999999998,
2025-01-21,,,,,,,,31.000000000000007,-27.0,
2025-01-22,,,,,,,,33.00000000000001,-33.00000000000001,
2025-01-23,,,,,,,,30.000000000000004,-34.00000000000003,
2025-01-24,26.75,2.2,3.7383177570093458,1.5383177570093456,22.2,4.504504504504505,2.3045045045045045,29.000000000000025,-33.00000000000001,
2025-01-27,,,,,,,,16.999999999999993,-23.0,
2025-01-28,,,,,,,,13.99999999999999,-15.99999999999997,
2025-01-29,,,,,,,,16.999999999999993,-16.999999999999993,
2025-01-30,,,,,,,,19.000000000000018,-12.99999999999999,
2025-01-31,26.42,2.16,3.7850113550340647,1.6250113550340646,22.03,4.539264639128461,2.3792646391284604,21.000000000000018,-19.99999999999997,
2025-02-03,,,,,,,,4.999999999999982,-10.000000000000009,
2025-02-04,,,,,,,,5.000000000000027,-16.000000000000014,
2025-02-05,,,,,,,,1.99999999999998,-16.999999999999993,
2025-02-06,,,,,,,,-1.000000000000023,-8.000000000000007,
2025-02-07,26.51,2.07,3.772161448509996,1.702161448509996,22.01,4.543389368468877,2.473389368468877,8.999999999999986,-6.000000000000005,
2025-02-10,,,,,,,,11.99999999999999,3.000000000000025,
2025-02-11,,,,,,,,13.00000000000001,3.000000000000025,
2025-02-12,,,,,,,,8.000000000000007,4.000000000000004,
2025-02-13,,,,,,,,-0.9999999999999788,0.9999999999999788,
2025-02-14,27.23,2.04,3.672420124862284,1.6324201248622845,22.3,4.484304932735426,2.4443049327354256,-6.000000000000005,2.0000000000000018,
2025-02-17,,,,,,,,,-10.000000000000009,
2025-02-18,,,,,,,,2.0000000000000018,-10.000000000000009,
2025-02-19,,,,,,,,3.000000000000025,-0.9999999999999788,
2025-02-20,,,,,,,,-1.000000000000023,-0.9999999999999788,
2025-02-21,26.51,2.0,3.772161448509996,1.772161448509996,21.9,4.566210045662101,2.5662100456621006,-8.999999999999986,16.999999999999993,
2025-02-24,,,,,,,,-8.999999999999986,16.999999999999993,
2025-02-25,,,,,,,,-6.000000000000005,19.99999999999997,
2025-02-26,,,,,,,,-13.00000000000001,12.99999999999999,
2025-02-27,,,,,,,,-7.000000000000006,12.00000000000001,
2025-02-28,25.49,1.86,3.9231071008238527,2.063107100823853,21.62,4.6253469010175765,2.765346901017576,-12.99999999999999,18.000000000000014,
2025-03-03,,,,,,,,-14.999999999999991,27.99999999999998,
2025-03-04,,,,,,,,-2.9999999999999805,33.00000000000001,
2025-03-05,,,,,,,,2.0000000000000018,21.99999999999997,
2025-03-06,,,,,,,,4.000000000000004,32.00000000000003,
2025-03-07,24.67,1.99,4.053506282934738,2.063506282934738,20.93,4.777830864787386,2.787830864787386,8.000000000000007,30.00000000000003,
2025-03-10,,,,,,,,-2.0000000000000018,49.00000000000002,
2025-03-11,,,,,,,,1.0000000000000009,58.00000000000001,
2025-03-12,,,,,,,,-1.0000000000000009,54.0,
2025-03-13,,,,,,,,-8.999999999999986,71.99999999999997,
2025-03-14,24.01,2.01,4.164931278633902,2.154931278633902,20.42,4.897159647404505,2.8871596474045056,-6.000000000000005,56.99999999999999,
2025-03-17,,,,,,,,-6.999999999999984,43.000000000000014,
2025-03-18,,,,,,,,-19.000000000000018,50.0,
2025-03-19,,,,,,,,-33.999999999999986,27.99999999999998,
2025-03-20,,,,,,,,-30.000000000000004,31.000000000000007,
2025-03-21,24.04,1.92,4.159733777038269,2.239733777038269,20.51,4.875670404680643,2.9556704046806432,-31.000000000000007,35.00000000000001,
2025-03-24,,,,,,,,-26.00000000000002,18.999999999999996,
2025-03-25,,,,,,,,-28.000000000000025,23.0,
2025-03-26,,,,,,,,-25.0,33.00000000000001,
2025-03-27,,,,,,,,-28.999999999999982,43.000000000000014,
2025-03-28,23.36,1.9,4.280821917808219,2.38082191780822,20.14,4.965243296921549,3.065243296921549,-37.99999999999999,63.00000000000004,
2025-03-31,,,,,,,,-39.000000000000014,62.99999999999999,
2025-04-01,,,,,,,,-40.000000000000014,58.00000000000001,18.5
2025-04-02,,,,,,,,-35.00000000000001,54.0,
2025-04-03,,,,,,,,-47.99999999999998,119.99999999999996,
2025-04-04,21.04,1.83,4.752851711026616,2.922851711026616,18.31,5.461496450027308,3.631496450027308,-42.99999999999997,164.0,
2025-04-07,,,,,,,,-33.00000000000001,182.00000000000003,
2025-04-08,,,,,,,,-23.0,173.00000000000006,
2025-04-09,,,,,,,,-22.00000000000002,155.00000000000003,
2025-04-10,,,,,,,,-12.99999999999999,161.0,
2025-04-11,22.66,2.28,4.41306266548985,2.13306266548985,19.44,5.144032921810699,2.8640329218106992,-6.000000000000005,144.99999999999997,
2025-04-14,,,,,,,,-19.0,134.0,
2025-04-15,,,,,,,,-8.000000000000007,136.99999999999997,
2025-04-16,,,,,,,,-6.999999999999984,143.00000000000003,
2025-04-17,,,,,,,,-9.00000000000003,137.99999999999994,
2025-04-18,22.16,2.11,4.512635379061372,2.402635379061372,19.23,5.200208008320333,3.090208008320333,,,
2025-04-21,,,,,,,,1.000000000000023,155.00000000000003,
2025-04-22,,,,,,,,-6.000000000000005,140.00000000000003,
2025-04-23,,,,,,,,-12.00000000000001,114.0,
2025-04-24,,,,,,,,-18.000000000000014,113.0,
2025-04-25,23.64,2.02,4.230118443316413,2.210118443316413,20.15,4.962779156327544,2.942779156327544,-18.000000000000014,107.0,
2025-04-28,,,,,,,,-14.999999999999991,107.0,
2025-04-29,,,,,,,,-19.0,106.0,
2025-04-30,,,,,,,,-20.000000000000018,127.0,
2025-05-01,,,,,,,,-16.000000000000014,109.99999999999996,
2025-05-02,24.57,2.06,4.07000407000407,2.01000407000407,20.75,4.819277108433735,2.759277108433736,-10.000000000000009,92.0,
2025-05-05,,,,,,,,7.000000000000028,91.0,
2025-05-06,,,,,,,,1.000000000000023,100.0,
2025-05-07,,,,,,,,-6.000000000000005,100.0,
2025-05-08,,,,,,,,1.000000000000023,83.99999999999999,
2025-05-09,24.46,2.08,4.088307440719542,2.008307440719542,20.62,4.849660523763336,2.769660523763336,1.000000000000023,85.99999999999999,
2025-05-12,,,,,,,,0.0,50.0,
2025-05-13,,,,,,,,8.999999999999986,43.99999999999999,
2025-05-14,,,,,,,,12.00000000000001,48.0,
2025-05-15,,,,,,,,6.999999999999984,58.00000000000001,
2025-05-16,25.89,2.09,3.862495171881035,1.7724951718810351,21.57,4.6360686138154845,2.5460686138154847,4.999999999999982,54.0,
2025-05-19,,,,,,,,2.0000000000000018,52.99999999999998,
2025-05-20,,,,,,,,8.000000000000007,54.0,
2025-05-21,,,,,,,,23.0,47.00000000000002,
2025-05-22,,,,,,,,20.000000000000018,54.0,
2025-05-23,25.32,2.18,3.949447077409163,1.7694470774091626,21.02,4.757373929590866,2.5773739295908658,18.000000000000014,62.000000000000014,
2025-05-26,,,,,,,,,58.99999999999999,
2025-05-27,,,,,,,,19.0,43.000000000000014,
2025-05-28,,,,,,,,24.99999999999998,35.999999999999986,
2025-05-29,,,,,,,,20.99999999999997,35.00000000000001,
2025-05-30,25.82,2.07,3.872966692486445,1.8029666924864447,21.36,4.681647940074907,2.611647940074907,28.999999999999982,43.99999999999999,
2025-05-31,,,,,,,,,44.99999999999997,
2025-06-02,,,,,,,,26.99999999999998,39.99999999999999,
2025-06-03,,,,,,,,34.00000000000001,25.0,
2025-06-04,,,,,,,,19.0,23.99999999999998,
2025-06-05,,,,,,,,16.999999999999993,30.00000000000003,
2025-06-06,26.27,2.2,3.806623524933384,1.6066235249333838,21.64,4.621072088724584,2.421072088724584,25.00000000000002,9.999999999999964,
2025-06-09,,,,,,,,19.000000000000018,14.999999999999991,
2025-06-10,,,,,,,,27.000000000000025,-4.000000000000004,
2025-06-11,,,,,,,,17.000000000000014,-10.000000000000009,
2025-06-12,,,,,,,,11.99999999999999,-3.000000000000025,
2025-06-13,26.08,2.13,3.834355828220859,1.704355828220859,21.53,4.644681839294008,2.514681839294008,14.999999999999991,-21.99999999999997,
2025-06-16,,,,,,,,15.000000000000036,-14.999999999999991,
2025-06-17,,,,,,,,6.000000000000005,-1.000000000000023,
2025-06-18,,,,,,,,7.999999999999985,-6.999999999999984,
2025-06-19,,,,,,,,,-2.9999999999999805,
2025-06-20,25.96,2.05,3.852080123266564,1.802080123266564,21.42,4.668534080298786,2.6185340802987858,11.99999999999999,-4.000000000000004,
2025-06-23,,,,,,,,12.00000000000001,-8.999999999999986,
2025-06-24,,,,,,,,2.9999999999999805,1.000000000000023,
2025-06-25,,,,,,,,4.999999999999982,-4.999999999999982,
2025-06-26,,,,,,,,0.0,-14.999999999999991,
2025-06-27,26.86,2.0,3.7230081906180192,1.7230081906180192,22.03,4.539264639128461,2.539264639128461,1.0000000000000009,-25.0,
2025-06-30,,,,,,,,5.000000000000004,-51.00000000000002,
2025-07-01,,,,,,,,12.99999999999999,-58.99999999999999,9.5
2025-07-02,,,,,,,,12.00000000000001,-54.0,
2025-07-03,,,,,,,,24.0,-121.0,
2025-07-04,27.2,2.02,3.6764705882352944,1.6564705882352944,22.37,4.470272686633884,2.4502726866338844,,-165.00000000000003,
2025-07-07,,,,,,,,8.999999999999986,-175.00000000000006,
2025-07-08,,,,,,,,2.9999999999999805,-165.00000000000003,
2025-07-09,,,,,,,,-6.000000000000005,-143.00000000000003,
2025-07-10,,,,,,,,-20.000000000000018,-150.0,
2025-07-11,26.95,2.06,3.710575139146568,1.650575139146568,22.24,4.496402877697842,2.436402877697842,-21.99999999999997,-128.99999999999997,
2025-07-14,,,,,,,,-10.999999999999988,-118.99999999999994,
2025-07-15,,,,,,,,-7.000000000000028,-113.99999999999996,
2025-07-16,,,,,,,,-7.000000000000028,-116.0,
2025-07-17,,,,,,,,-6.999999999999984,-110.99999999999994,
2025-07-18,27.23,2.03,3.672420124862284,1.6424201248622845,22.3,4.484304932735426,2.454304932735426,-8.000000000000007,-108.99999999999994,
2025-07-21,,,,,,,,-22.00000000000002,-127.0,
2025-07-22,,,,,,,,-18.000000000000014,-109.00000000000004,
2025-07-23,,,,,,,,-8.000000000000007,-92.0,
2025-07-24,,,,,,,,-4.000000000000004,-91.0,
2025-07-25,27.32,1.96,3.660322108345534,1.7003221083455342,22.53,4.438526409232135,2.478526409232135,-6.000000000000005,-83.0,
2025-07-28,,,,,,,,0.0,-91.0,
2025-07-29,,,,,,,,-5.000000000000004,-88.00000000000003,
2025-07-30,,,,,,,,2.0000000000000018,-105.0,
2025-07-31,,,,,,,,4.000000000000004,-108.0,
2025-08-01,26.4,1.9,3.787878787878788,1.887878787878788,21.81,4.5850527281063735,2.6850527281063736,-10.000000000000009,-64.99999999999999,
2025-08-04,,,,,,,,-21.0,-58.00000000000001,
2025-08-05,,,,,,,,-22.0,-62.000000000000014,
2025-08-06,,,,,,,,-16.000000000000014,-68.00000000000001,
2025-08-07,,,,,,,,-12.99999999999999,-71.99999999999997,
2025-08-08,27.2,1.88,3.6764705882352944,1.7964705882352945,22.24,4.496402877697842,2.6164028776978423,-20.000000000000018,-56.99999999999999,
2025-08-11,,,,,,,,-21.0,-58.99999999999999,
2025-08-12,,,,,,,,-25.00000000000002,-21.99999999999997,
2025-08-13,,,,,,,,-29.999999999999982,-18.999999999999996,
2025-08-14,,,,,,,,-26.00000000000002,-21.0,
2025-08-15,27.09,1.95,3.6913990402362495,1.7413990402362496,22.39,4.466279589102277,2.516279589102277,-15.999999999999991,-32.00000000000003,
2025-08-18,,,,,,,,-12.99999999999999,-28.000000000000025,
2025-08-19,,,,,,,,-15.000000000000014,-31.000000000000007,
2025-08-20,,,,,,,,-19.0,-26.00000000000002,
2025-08-21,,,,,,,,-29.000000000000004,-29.999999999999982,
2025-08-22,26.72,1.85,3.74251497005988,1.89251497005988,22.38,4.468275245755139,2.618275245755139,-35.00000000000001,-43.99999999999999,
2025-08-25,,,,,,,,-31.000000000000007,-60.00000000000001,
2025-08-26,,,,,,,,-34.00000000000001,-62.000000000000014,
2025-08-27,,,,,,,,-29.999999999999982,-46.00000000000004,
2025-08-28,,,,,,,,-33.999999999999986,-48.0,
2025-08-29,26.21,1.82,3.815337657382678,1.995337657382678,22.29,4.486316733961418,2.666316733961418,-28.999999999999982,-40.00000000000004,
2025-08-31,,,,,,,,,-48.0,
2025-09-01,,,,,,,,,-48.0,
2025-09-02,,,,,,,,-25.99999999999998,-35.00000000000001,
2025-09-03,,,,,,,,-32.00000000000001,-31.000000000000007,
2025-09-04,,,,,,,,-27.0,-39.000000000000014,
2025-09-05,26.26,1.73,3.808073115003808,2.078073115003808,22.25,4.49438202247191,2.7643820224719104,-37.99999999999999,-35.00000000000001,
2025-09-08,,,,,,,,-50.00000000000002,-25.0,
2025-09-09,,,,,,,,-46.00000000000002,-25.0,
2025-09-10,,,,,,,,-49.00000000000002,-28.000000000000025,
2025-09-11,,,,,,,,-47.00000000000002,-34.00000000000003,
2025-09-12,26.66,1.7,3.750937734433609,2.0509377344336084,22.55,4.434589800443459,2.734589800443459,-40.99999999999999,-37.99999999999999,
2025-09-15,,,,,,,,-44.99999999999999,-43.000000000000014,
2025-09-16,,,,,,,,-49.00000000000002,-31.000000000000007,
2025-09-17,,,,,,,,-40.000000000000014,-37.99999999999999,
2025-09-18,,,,,,,,-33.999999999999986,-45.000000000000014,
2025-09-19,27.13,1.75,3.6859565057132326,1.9359565057132329,22.75,4.395604395604396,2.645604395604396,-31.999999999999982,-43.99999999999999,
2025-09-22,,,,,,,,-26.99999999999998,-43.99999999999999,
2025-09-23,,,,,,,,-29.000000000000004,-41.000000000000014,
2025-09-24,,,,,,,,-22.99999999999997,-35.999999999999986,
2025-09-25,,,,,,,,-20.99999999999997,-28.000000000000025,
2025-09-26,26.77,1.82,3.735524841240194,1.9155248412401944,22.64,4.41696113074205,2.596961130742049,-15.999999999999991,-29.000000000000004,
2025-09-29,,,,,,,,-20.0,-27.99999999999998,
2025-09-30,,,,,,,,-14.999999999999991,-16.000000000000014,
2025-10-01,,,,,,,,-20.0,-10.000000000000009,6.5
2025-10-02,,,,,,,,-24.0,-6.999999999999984,
2025-10-03,27.05,1.8,3.696857670979667,1.896857670979667,22.82,4.382120946538125,2.582120946538125,-22.0,0.0,
2025-10-06,,,,,,,,-17.999999999999993,-4.000000000000004,
2025-10-07,,,,,,,,-25.99999999999998,-4.000000000000004,
2025-10-08,,,,,,,,-28.999999999999982,-8.000000000000007,
2025-10-09,,,,,,,,-20.99999999999997,1.000000000000023,
2025-10-10,26.34,1.75,3.7965072133637054,2.046507213363705,22.2,4.504504504504505,2.7545045045045047,-25.99999999999998,26.00000000000002,
2025-10-13,,,,,,,,,21.0,
2025-10-14,,,,,,,,-31.000000000000007,15.99999999999997,
2025-10-15,,,,,,,,-32.999999999999986,0.0,
2025-10-16,,,,,,,,-33.999999999999986,4.000000000000004,
2025-10-17,26.86,1.75,3.7230081906180192,1.9730081906180192,22.49,4.44642063139173,2.69642063139173,-29.000000000000004,12.99999999999999,
2025-10-20,,,,,,,,-28.999999999999982,6.000000000000005,
2025-10-21,,,,,,,,-28.000000000000004,8.000000000000007,
2025-10-22,,,,,,,,-28.000000000000004,10.999999999999988,
2025-10-23,,,,,,,,-31.999999999999982,12.99999999999999,
2025-10-24,27.25,1.73,3.669724770642202,1.939724770642202,22.84,4.378283712784588,2.6482837127845884,-25.0,6.000000000000005,
2025-10-27,,,,,,,,-23.0,-4.000000000000004,
2025-10-28,,,,,,,,-27.0,0.0,
2025-10-29,,,,,,,,-12.99999999999999,-10.000000000000009,
2025-10-30,,,,,,,,-13.99999999999999,-4.000000000000004,
2025-10-31,27.53,1.81,3.6324010170722847,1.8224010170722849,22.88,4.370629370629371,2.560629370629371,-16.999999999999993,8.000000000000007,
2025-11-03,,,,,,,,-7.999999999999985,-8.999999999999986,
2025-11-04,,,,,,,,-4.000000000000004,10.999999999999988,
2025-11-05,,,,,,,,1.0000000000000009,6.999999999999984,
2025-11-06,,,,,,,,-4.999999999999982,14.999999999999991,
2025-11-07,26.53,1.83,3.769317753486619,1.9393177534866188,22.41,4.462293618920125,2.6322936189201247,-4.999999999999982,19.99999999999997,
2025-11-10,,,,,,,,-3.999999999999981,8.000000000000007,
2025-11-11,,,,,,,,,8.000000000000007,
2025-11-12,,,,,,,,-9.999999999999986,8.999999999999986,
2025-11-13,,,,,,,,-4.000000000000004,18.999999999999996,
2025-11-14,26.12,1.86,3.828483920367536,1.9684839203675344,22.34,4.476275738585497,2.6162757385854967,-3.999999999999981,17.99999999999997,
2025-11-17,,,,,,,,-9.999999999999986,25.0,
2025-11-18,,,,,,,,-10.999999999999988,32.00000000000003,
2025-11-19,,,,,,,,-8.999999999999986,27.0,
2025-11-20,,,,,,,,-7.999999999999985,23.0,
2025-11-21,25.08,1.82,3.9872408293460926,2.1672408293460927,21.76,4.595588235294118,2.775588235294117,-11.99999999999999,23.99999999999998,
2025-11-24,,,,,,,,-4.000000000000004,27.0,
2025-11-25,,,,,,,,-8.000000000000007,30.00000000000003,
2025-11-26,,,,,,,,-7.000000000000006,22.00000000000002,
2025-11-27,,,,,,,,,22.00000000000002,
2025-11-28,26.17,1.79,3.8211692777990063,2.0311692777990062,22.48,4.448398576512456,2.658398576512456,-2.0000000000000018,20.000000000000018,
2025-11-30,,,,,,,,,10.000000000000009,
2025-12-01,,,,,,,,3.0000000000000027,10.000000000000009,
2025-12-02,,,,,,,,-2.0000000000000018,0.0,
2025-12-03,,,,,,,,0.0,1.000000000000023,
2025-12-04,,,,,,,,6.000000000000005,4.000000000000004,
2025-12-05,26.3,1.88,3.802281368821293,1.922281368821293,22.47,4.450378282153984,2.570378282153984,14.999999999999991,2.0000000000000018,
2025-12-08,,,,,,,,21.0,5.000000000000027,
2025-12-09,,,,,,,,20.0,2.0000000000000018,
2025-12-10,,,,,,,,19.0,7.000000000000028,
2025-12-11,,,,,,,,22.0,10.000000000000009,
2025-12-12,25.54,1.93,3.915426781519186,1.985426781519186,22.25,4.49438202247191,2.5643820224719107,23.0,12.00000000000001,
2025-12-15,,,,,,,,25.0,16.000000000000014,
2025-12-16,,,,,,,,25.0,18.999999999999996,
2025-12-17,,,,,,,,24.0,20.000000000000018,
2025-12-18,,,,,,,,14.999999999999991,24.00000000000002,
2025-12-19,25.1,1.92,3.98406374501992,2.06406374501992,22.1,4.524886877828054,2.6048868778280543,16.999999999999993,17.99999999999997,
2025-12-22,,,,,,,,15.999999999999991,18.999999999999996,
2025-12-23,,,,,,,,19.0,12.00000000000001,
2025-12-24,,,,,,,,12.99999999999999,13.999999999999968,
2025-12-26,25.4,1.91,3.937007874015748,2.027007874015748,22.34,4.476275738585497,2.566275738585497,8.999999999999986,10.999999999999988,
2025-12-29,,,,,,,,9.999999999999986,12.99999999999999,
2025-12-30,,,,,,,,9.999999999999986,4.000000000000004,
2025-12-31,,,,,,,,12.99999999999999,1.000000000000023,
2026-01-01,,,,,,,,,,5.3
2026-01-02,24.84,1.94,4.025764895330113,2.085764895330113,22.04,4.537205081669692,2.597205081669692,17.999999999999993,2.0000000000000018,
2026-01-05,,,,,,,,10.999999999999988,1.000000000000023,
2026-01-06,,,,,,,,6.999999999999984,3.000000000000025,
2026-01-07,,,,,,,,8.999999999999986,-2.9999999999999805,
2026-01-08,,,,,,,,13.99999999999999,-8.000000000000007,
2026-01-09,25.26,1.9,3.95882818685669,2.0588281868566902,22.34,4.476275738585497,2.576275738585497,9.999999999999986,-21.0,
2026-01-12,,,,,,,,14.999999999999991,-43.99999999999999,
2026-01-13,,,,,,,,12.99999999999999,-43.000000000000014,
2026-01-14,,,,,,,,13.00000000000001,-35.00000000000001,
2026-01-15,,,,,,,,11.99999999999999,-24.00000000000002,
2026-01-16,24.88,1.91,4.019292604501608,2.109292604501608,22.18,4.508566275924256,2.598566275924256,20.0,-39.000000000000014,
2026-01-19,,,,,,,,,-39.000000000000014,
2026-01-20,,,,,,,,23.0,-26.00000000000002,
2026-01-21,,,,,,,,22.0,-28.000000000000025,
2026-01-22,,,,,,,,27.0,-36.999999999999964,
2026-01-23,25.05,1.92,3.992015968063872,2.072015968063872,22.0,4.545454545454546,2.625454545454546,21.0,-27.99999999999998,
2026-01-26,,,,,,,,16.999999999999993,-18.999999999999996,
2026-01-27,,,,,,,,16.999999999999993,-8.999999999999986,
2026-01-28,,,,,,,,19.0,-9.999999999999964,
2026-01-29,,,,,,,,10.999999999999988,1.000000000000023,
2026-01-30,24.7,1.9,4.048582995951417,2.148582995951417,21.9,4.566210045662101,2.6662100456621007,7.999999999999985,-5.000000000000027,
2026-01-31,,,,,,,,,-6.000000000000005,
2026-02-02,,,,,,,,12.99999999999999,-12.99999999999999,
2026-02-03,,,,,,,,9.999999999999986,-18.999999999999996,
2026-02-04,,,,,,,,12.99999999999999,-27.0,
2026-02-05,,,,,,,,1.99999999999998,-7.999999999999963,
2026-02-06,24.24,1.88,4.125412541254126,2.245412541254126,21.82,4.582951420714941,2.7029514207149408,4.999999999999982,-25.99999999999998,
2026-02-09,,,,,,,,4.000000000000004,-31.000000000000007,
2026-02-10,,,,,,,,0.0,-16.000000000000014,
2026-02-11,,,,,,,,2.0000000000000018,-18.000000000000014,
2026-02-12,,,,,,,,-1.0000000000000009,-10.000000000000009,
2026-02-13,23.99,1.77,4.168403501458942,2.398403501458941,21.47,4.657661853749418,2.887661853749418,-6.000000000000005,-13.999999999999968,
2026-02-16,,,,,,,,,-12.99999999999999,
2026-02-17,,,,,,,,-6.000000000000005,-18.999999999999996,
2026-02-18,,,,,,,,-5.000000000000004,-34.00000000000003,
2026-02-19,,,,,,,,-7.000000000000006,-29.000000000000004,
2026-02-20,24.16,1.8,4.139072847682119,2.339072847682119,21.6,4.62962962962963,2.82962962962963,-6.000000000000005,-31.000000000000007,
2026-02-23,,,,,,,,-5.000000000000004,-23.99999999999998,
2026-02-24,,,,,,,,-3.0000000000000027,-17.99999999999997,
2026-02-25,,,,,,,,-2.0000000000000018,-16.000000000000014,
2026-02-26,,,,,,,,-3.0000000000000027,-2.0000000000000018,
2026-02-27,23.94,1.72,4.177109440267335,2.4571094402673355,21.35,4.68384074941452,2.96384074941452,-5.000000000000004,10.000000000000009,
2026-02-28,,,,,,,,,16.999999999999993,
2026-03-02,,,,,,,,-9.000000000000007,10.999999999999988,
2026-03-03,,,,,,,,-5.000000000000004,18.999999999999996,
2026-03-04,,,,,,,,-5.000000000000004,9.00000000000003,
2026-03-05,,,,,,,,-5.999999999999983,14.999999999999991,
2026-03-06,23.51,1.8,4.253509145044662,2.453509145044662,20.78,4.8123195380173245,3.0123195380173247,-7.999999999999985,27.99999999999998,
2026-03-09,,,,,,,,-13.99999999999999,29.999999999999982,
2026-03-10,,,,,,,,-5.999999999999983,14.999999999999991,
2026-03-11,,,,,,,,-3.999999999999981,21.0,
2026-03-12,,,,,,,,-4.000000000000004,25.99999999999998,
2026-03-13,22.87,1.92,4.3725404459991255,2.4525404459991256,20.3,4.926108374384237,3.0061083743842367,-1.0000000000000009,36.999999999999964,
2026-03-16,,,,,,,,-4.999999999999982,29.000000000000004,
2026-03-17,,,,,,,,-8.999999999999986,23.0,
2026-03-18,,,,,,,,-1.99999999999998,25.0,
2026-03-19,,,,,,,,-4.000000000000004,37.000000000000014,
2026-03-20,21.25,2.01,4.705882352941177,2.695882352941177,19.51,5.125576627370579,3.1155766273705794,8.999999999999986,34.00000000000003,
2026-03-23,,,,,,,,6.999999999999984,35.999999999999986,
2026-03-24,,,,,,,,15.000000000000014,35.00000000000001,
2026-03-25,,,,,,,,11.00000000000001,33.00000000000001,
2026-03-26,,,,,,,,17.000000000000014,35.00000000000001,
2026-03-27,20.44,2.13,4.892367906066536,2.762367906066536,18.99,5.265929436545551,3.135929436545551,22.0,56.00000000000001,
2026-03-30,,,,,,,,14.000000000000012,62.000000000000014,
2026-03-31,,,,,,,,7.000000000000006,46.99999999999997,
2026-04-01,,,,,,,,9.000000000000007,35.00000000000001,8.1
2026-04-02,,,,,,,,3.0000000000000027,33.999999999999986,
2026-04-03,21.19,1.99,4.719207173194903,2.7292071731949026,19.55,5.115089514066496,3.125089514066496,5.000000000000004,29.999999999999982,
2026-04-06,,,,,,,,7.000000000000006,25.99999999999998,
2026-04-07,,,,,,,,8.000000000000007,33.00000000000001,
2026-04-08,,,,,,,,4.000000000000004,18.000000000000014,
2026-04-09,,,,,,,,5.000000000000004,15.99999999999997,
2026-04-10,22.01,1.95,4.543389368468877,2.593389368468877,20.15,4.962779156327544,3.012779156327544,5.000000000000004,19.99999999999997,
2026-04-13,,,,,,,,4.000000000000004,20.000000000000018,
2026-04-14,,,,,,,,2.9999999999999805,8.000000000000007,
2026-04-15,,,,,,,,2.0000000000000018,14.000000000000012,
2026-04-16,,,,,,,,2.0000000000000018,21.0,
2026-04-17,23.18,1.9,4.3140638481449525,2.414063848144953,20.89,4.786979415988511,2.886979415988511,-1.0000000000000009,18.000000000000014,
2026-04-20,,,,,,,,-6.000000000000005,14.000000000000012,
2026-04-21,,,,,,,,0.0,16.000000000000014,
2026-04-22,,,,,,,,-3.0000000000000027,19.99999999999997,
2026-04-23,,,,,,,,0.0,17.99999999999997,
2026-04-24,23.25,1.89,4.301075268817204,2.4110752688172044,20.88,4.789272030651341,2.8992720306513418,-3.0000000000000027,17.99999999999997,
2026-04-27,,,,,,,,1.0000000000000009,12.99999999999999,
2026-04-28,,,,,,,,2.0000000000000018,12.99999999999999,
2026-04-29,,,,,,,,7.000000000000006,4.999999999999982,
2026-04-30,,,,,,,,4.000000000000004,3.000000000000025,
2026-05-01,22.99,1.91,4.349717268377556,2.439717268377556,20.68,4.835589941972921,2.9255899419729205,1.0000000000000009,-10.999999999999988,
2026-05-04,,,,,,,,1.0000000000000009,-8.000000000000007,
2026-05-05,,,,,,,,7.000000000000006,-20.000000000000018,
2026-05-06,,,,,,,,6.000000000000005,-12.00000000000001,
2026-05-07,,,,,,,,8.000000000000007,-8.000000000000007,
2026-05-08,24.27,1.93,4.120313143798929,2.190313143798929,21.05,4.750593824228028,2.8205938242280286,5.000000000000004,-6.000000000000005,
2026-05-11,,,,,,,,8.999999999999986,-4.999999999999982,
2026-05-12,,,,,,,,19.0,-10.000000000000009,
2026-05-13,,,,,,,,22.0,-13.000000000000034,
2026-05-14,,,,,,,,23.0,-19.00000000000004,
2026-05-15,24.0,2.1,4.166666666666667,2.066666666666667,20.92,4.780114722753345,2.6801147227533453,33.00000000000001,-15.000000000000036,
2026-05-18,,,,,,,,32.999999999999986,-2.9999999999999805,
2026-05-19,,,,,,,,39.000000000000014,-2.0000000000000018,
2026-05-20,,,,,,,,32.999999999999986,-6.000000000000005,
2026-05-21,,,,,,,,38.000000000000014,-8.000000000000007,
2026-05-22,24.05,2.16,4.158004158004158,1.998004158004158,20.89,4.786979415988511,2.6269794159885107,36.00000000000001,-11.999999999999966,
2026-05-25,,,,,,,,,-19.99999999999997,
2026-05-26,,,,,,,,36.00000000000001,-25.99999999999998,
2026-05-27,,,,,,,,36.99999999999999,-39.000000000000014,
2026-05-28,,,,,,,,34.00000000000001,-39.99999999999999,
2026-05-29,24.75,2.07,4.040404040404041,1.9704040404040408,21.08,4.743833017077799,2.6738330170778,34.999999999999986,-39.99999999999999,
2026-05-31,,,,,,,,,-37.99999999999999,
2026-06-01,,,,,,,,34.999999999999986,-39.99999999999999,
2026-06-02,,,,,,,,30.999999999999982,-31.999999999999982,
2026-06-03,,,,,,,,33.999999999999986,-33.00000000000001,
2026-06-04,,,,,,,,30.999999999999982,-23.0,
2026-06-05,23.39,2.19,4.275331338178709,2.0853313381787086,20.4,4.901960784313726,2.711960784313726,36.99999999999999,-24.00000000000002,
2026-06-08,,,,,,,,40.99999999999999,-37.99999999999999,
2026-06-09,,,,,,,,42.000000000000014,-41.000000000000014,
2026-06-10,,,,,,,,38.99999999999999,-26.00000000000002,
2026-06-11,,,,,,,,31.000000000000007,-31.000000000000007,
2026-06-12,23.72,2.17,4.2158516020236085,2.0458516020236086,20.43,4.894762604013706,2.724762604013706,28.000000000000004,-46.0,
2026-06-15,,,,,,,,23.0,-61.999999999999964,
2026-06-16,,,,,,,,27.0,-56.00000000000001,
2026-06-17,,,,,,,,39.99999999999999,-59.00000000000003,
2026-06-18,,,,,,,,34.999999999999986,-54.0,
2026-06-19,24.14,2.21,4.142502071251036,1.932502071251036,20.55,4.866180048661801,2.656180048661801,,-60.99999999999999,
2026-06-22,,,,,,,,27.0,-59.00000000000003,
2026-06-23,,,,,,,,28.000000000000025,-48.0,
2026-06-24,,,,,,,,16.999999999999993,-43.000000000000014,
2026-06-25,,,,,,,,16.999999999999993,-39.000000000000014,
2026-06-26,22.82,2.18,4.382120946538125,2.2021209465381246,19.94,5.015045135406218,2.8350451354062183,10.000000000000009,-37.99999999999999,
2026-06-29,,,,,,,,3.000000000000025,-62.000000000000014,
2026-06-30,,,,,,,,16.000000000000014,-71.0,
2026-07-01,,,,,,,,23.0,-41.99999999999999,0.0
2026-07-02,,,,,,,,28.999999999999982,-41.99999999999999,
2026-07-03,22.83,2.26,4.380201489268507,2.120201489268508,20.19,4.952947003467062,2.6929470034670624,,-38.99999999999997,
2026-07-06,,,,,,,,26.00000000000002,-32.999999999999964,
2026-07-07,,,,,,,,33.999999999999986,-45.000000000000014,
2026-07-08,,,,,,,,35.00000000000001,-23.99999999999998,
2026-07-09,,,,,,,,36.00000000000001,-19.99999999999997,
2026-07-10,23.49,2.32,4.257130693912304,1.937130693912304,20.41,4.899559039686428,2.5795590396864285,36.99999999999999,-25.0,
2026-07-13,,,,,,,,43.99999999999999,-26.00000000000002,
2026-07-14,,,,,,,,44.000000000000014,-11.999999999999966,
2026-07-15,,,,,,,,41.99999999999999,-14.000000000000012,
2026-07-16,,,,,,,,42.000000000000014,-14.999999999999991,
2026-07-17,22.3,2.31,4.484304932735426,2.1743049327354256,19.92,5.02008032128514,2.71008032128514,41.000000000000014,-10.000000000000009,
2026-07-20,,,,,,,,44.000000000000014,-18.000000000000014,
2026-07-21,,,,,,,,45.000000000000014,-16.000000000000014,
2026-07-22,,,,,,,,47.00000000000002,-15.99999999999997,
2026-07-23,,,,,,,,51.00000000000002,-8.999999999999986,
2026-07-24,21.62,2.43,4.6253469010175765,2.1953469010175763,19.57,5.109862033725089,2.679862033725089,54.00000000000003,-6.999999999999984,
2026-07-27,,,,,,,,53.0,-2.9999999999999805,
2026-07-28,,,,,,,,49.00000000000002,-1.000000000000023,
2026-07-29,,,,,,,,45.000000000000014,5.000000000000027,
2026-07-30,,,,,,,,47.00000000000002,0.9999999999999788,
2026-07-31,21.35,2.47,4.68384074941452,2.21384074941452,19.52,5.122950819672131,2.652950819672131,53.00000000000003,2.0000000000000018,
2026-08-03,,,,,,,,52.00000000000002,0.9999999999999788,
2026-08-04,,,,,,,,44.99999999999999,-4.999999999999982,
2026-08-05,22.37,2.41,4.470272686633884,2.0602726866338843,20.12,4.970178926441352,2.560178926441352,45.000000000000014,-2.0000000000000018,
2026-08-06,,,,,,,,49.00000000000002,-4.000000000000004,
2026-08-07,,,,,,,,43.99999999999999,-8.999999999999986,
2026-08-10,,,,,,,,50.00000000000002,-10.999999999999988,
2026-08-11,,,,,,,,48.00000000000002,-6.999999999999984,
2026-08-12,,,,,,,,42.99999999999999,-10.999999999999988,
2026-08-13,,,,,,,,40.000000000000014,-10.999999999999988,
2026-08-14,,,,,,,,41.000000000000014,-8.999999999999986,
2026-08-17,,,,,,,,33.999999999999986,-9.999999999999964,
2026-08-18,,,,,,,,28.000000000000025,-8.000000000000007,
2026-08-19,,,,,,,,16.999999999999993,-12.99999999999999,
2026-08-20,,,,,,,,22.00000000000002,-4.999999999999982,
2026-08-21,,,,,,,,21.99999999999997,-7.999999999999963,
2026-08-24,,,,,,,,21.99999999999997,-5.000000000000027,
2026-08-25,,,,,,,,15.99999999999997,-4.000000000000004,
2026-08-26,,,,,,,,23.99999999999998,-5.000000000000027,
2026-08-27,,,,,,,,25.0,-8.000000000000007,
2026-08-28,,,,,,,,35.999999999999986,,
